product_id,category,gender,brand,product_title,description,fabric,material_and_care,pattern,fit,neck,sleeve_length,occasion,closure,length,rating,ratings_count,initial_price,discount_pct,final_price,currency,primary_image_url,all_image_urls,Unnamed: 23
17352320.0,tshirts,Women,ether,Kora Collection Blue Sustainable Naturally Dyed Fabric Solid Pure Cotton T-shirt,"Blue Tshirt for womenSolidRegular lengthRound neckShort, regular sleevesKnitted pure cotton fabricDisclaimers:This collection is a step towards slow fashion, helping us to adapt to the mindful use of resources and focus on quality over quantity.This product is crafted from sustainable unbleached fabric.",Pure Cotton,Pure cotton .  Machine wash,Solid,Regular Fit,Round Neck,Short Sleeves,Casual,,Regular,4.4,70,1099,47,"""竄ｹ1,099.00""",INR,http://assets.myntassets.com/assets/images/17352320/2022/5/19/205d1d5b-e305-42ba-a7d9-c82b9a226d221652941111880-ether-Kora-Collection-Women-Blue-Solid-Pure-Cotton-T-shirt-4-1.jpg,"http://assets.myntassets.com/assets/images/17352320/2022/5/19/205d1d5b-e305-42ba-a7d9-c82b9a226d221652941111880-ether-Kora-Collection-Women-Blue-Solid-Pure-Cotton-T-shirt-4-1.jpg,http://assets.myntassets.com/assets/images/17352320/2022/5/19/e5087e2d-fdb8-4789-9625-01a523468dfd1652941111860-ether-Kora-Collection-Women-Blue-Solid-Pure-Cotton-T-shirt-4-2.jpg,http://assets.myntassets.com/assets/images/17352320/2022/5/19/383b71fa-b5c6-4334-9f8a-d0430796b7661652941111840-ether-Kora-Collection-Women-Blue-Solid-Pure-Cotton-T-shirt-4-3.jpg,http://assets.myntassets.com/assets/images/17352320/2022/5/19/0a8b0d5a-9201-4b36-85c7-5078b090afce1652941111820-ether-Kora-Collection-Women-Blue-Solid-Pure-Cotton-T-shirt-4-4.jpg,http://assets.myntassets.com/assets/images/17352320/2022/5/19/3270f5ab-6466-4eeb-ad18-89f7b5c5efb41652941111800-ether-Kora-Collection-Women-Blue-Solid-Pure-Cotton-T-shirt-4-5.jpg",
17403950.0,tshirts,Men,Mast & Harbour,Men Mint Green Typography Printed T-shirt,"Mint green T-shirt for menTypography printedRegular lengthRound neckShort, regular sleevesKnitted cotton fabric",Polyester,60% polyester and 40% viscose&nbsp;. Machine wash,Printed,Regular Fit,Round Neck,Short Sleeves,Casual,,Regular,4.2,200,899,,"""竄ｹ899.00""",INR,http://assets.myntassets.com/assets/images/17403950/2022/9/7/5f8f11a2-27ee-4ac1-9c4f-6c50ef6916ca1662550998123MastHarbourMenMintGreenTypographyPrintedT-shirt1.jpg,"http://assets.myntassets.com/assets/images/17403950/2022/9/7/5f8f11a2-27ee-4ac1-9c4f-6c50ef6916ca1662550998123MastHarbourMenMintGreenTypographyPrintedT-shirt1.jpg,http://assets.myntassets.com/assets/images/17403950/2022/9/7/34b1f2c1-bda5-474e-98e0-10f5b16e6fa01662550998134MastHarbourMenMintGreenTypographyPrintedT-shirt2.jpg,http://assets.myntassets.com/assets/images/17403950/2022/9/7/a6a158eb-bdca-4525-a3d8-50ac64ff04e01662550998142MastHarbourMenMintGreenTypographyPrintedT-shirt3.jpg,http://assets.myntassets.com/assets/images/17403950/2022/9/7/f4569731-2f1b-4ba8-bf50-9ab0735832d41662550998149MastHarbourMenMintGreenTypographyPrintedT-shirt4.jpg,http://assets.myntassets.com/assets/images/17403950/2022/9/7/245b9299-0dfc-4153-a5f5-d6e489cac6831662550998157MastHarbourMenMintGreenTypographyPrintedT-shirt5.jpg",
17404018.0,tshirts,Men,Mast & Harbour,Men Blue & White Striped Regular Fit T-shirt,"Blue and white T-shirtStripedRegular lengthRound neckShort, regular sleevesKnitted fabric",Cotton,"52% Cotton, 48% Polyester. Machine wash",Striped,Regular Fit,Round Neck,Short Sleeves,Casual,,Regular,3.9,72,999,,"""竄ｹ999.00""",INR,http://assets.myntassets.com/assets/images/17404018/2022/10/21/5d4b391b-d303-4631-b418-1f985acd1eb51666333491579-Mast--Harbour-Men-Blue--White-Striped-T-shirt-85016663334910-1.jpg,"http://assets.myntassets.com/assets/images/17404018/2022/10/21/5d4b391b-d303-4631-b418-1f985acd1eb51666333491579-Mast--Harbour-Men-Blue--White-Striped-T-shirt-85016663334910-1.jpg,http://assets.myntassets.com/assets/images/17404018/2022/10/21/f392fc1c-dd8e-40ab-ae58-708410b3d1291666333566928-Mast--Harbour-Men-Blue--White-Striped-T-shirt-40616663335667-2.jpg,http://assets.myntassets.com/assets/images/17404018/2022/10/21/2d84891b-a28a-481c-ad54-c86ba17c16f31666333491538-Mast--Harbour-Men-Blue--White-Striped-T-shirt-85016663334910-3.jpg,http://assets.myntassets.com/assets/images/17404018/2022/10/21/5302cd9c-7859-4862-9beb-25227f9b67361666333491517-Mast--Harbour-Men-Blue--White-Striped-T-shirt-85016663334910-4.jpg,http://assets.myntassets.com/assets/images/17404018/2022/10/21/4276fd2b-726c-420d-ac40-90db7d8115681666333491496-Mast--Harbour-Men-Blue--White-Striped-T-shirt-85016663334910-5.jpg",
22143924.0,tshirts,Men,Urbano Plus,Size Typography Printed Cotton T-shirt,"Olive green, white & orange Tshirt for menTypography printedRegular lengthRound neckShort, regular sleevesCotton fabric",Cotton,Cotton. Machine Wash,Printed,Regular Fit,Round Neck,Short Sleeves,Casual,,Regular,3.2,6,1099,45,"""竄ｹ1,099.00""",INR,http://assets.myntassets.com/assets/images/22143924/2023/2/27/e2aff11a-60fe-4058-a5fe-923d2aa997021677497394593UrbanoPlusMenGreenPrintedT-shirt1.jpg,"http://assets.myntassets.com/assets/images/22143924/2023/2/27/e2aff11a-60fe-4058-a5fe-923d2aa997021677497394593UrbanoPlusMenGreenPrintedT-shirt1.jpg,http://assets.myntassets.com/assets/images/22143924/2023/2/27/b96e02f2-b7ce-4a10-8347-4a3bbf4751171677497394577UrbanoPlusMenGreenPrintedT-shirt2.jpg,http://assets.myntassets.com/assets/images/22143924/2023/2/27/a34975f6-5530-48ed-a102-7619455cfe291677497394603UrbanoPlusMenGreenPrintedT-shirt3.jpg,http://assets.myntassets.com/assets/images/22143924/2023/2/27/b8990c01-3e8f-4269-8ae9-a34003ab18f01677497394618UrbanoPlusMenGreenPrintedT-shirt4.jpg,http://assets.myntassets.com/assets/images/22143924/2023/2/27/4967bf81-11a1-451f-b1d9-0ebe5b1148c51677497394563UrbanoPlusMenGreenPrintedT-shirt5.jpg",
14619398.0,tshirts,Women,ScoldMe,Women Multicoloured Pack Of 2 Slim Fit T-shirt,"  Multicoloured Tshirt for women   Solid   Regular length   Round neck   Short,  regular sleeves   Knitted polyester fabric  ",Polyester,Polyester .  Machine wash,Solid,Slim Fit,Round Neck,Short Sleeves,Casual,,Regular,0,0,1598,55,"""竄ｹ719.00""",INR,http://assets.myntassets.com/assets/images/productimage/2021/6/24/7be92e30-5a41-4b7a-bf8e-67fd3b1f072e1624541118396-1.jpg,"http://assets.myntassets.com/assets/images/productimage/2021/6/24/7be92e30-5a41-4b7a-bf8e-67fd3b1f072e1624541118396-1.jpg,http://assets.myntassets.com/assets/images/productimage/2021/6/24/21fee922-ab39-4e35-88b1-5fa5d0cc24201624541118404-2.jpg,http://assets.myntassets.com/assets/images/productimage/2021/6/24/dd568761-1dcb-407b-9ed7-69642188aa5c1624541118412-3.jpg,http://assets.myntassets.com/assets/images/productimage/2021/6/24/4bdc5234-a880-44a6-a04d-ba52652a13af1624541118422-4.jpg,http://assets.myntassets.com/assets/images/productimage/2021/6/24/5fa132fd-9a76-41cd-ac8f-ac98a00e075d1624541118431-5.jpg,http://assets.myntassets.com/assets/images/productimage/2021/6/24/c1fe293f-4b1d-4f97-a845-78c0885186f61624541118441-6.jpg,http://assets.myntassets.com/assets/images/productimage/2021/6/24/2dfc718c-b55e-470d-951e-8a867a369e871624541118451-7.jpg",
8901821.0,tshirts,Men,UNDER ARMOUR,Men Charcoal Grey Big Logo SS Printed T-shirt,"Special technologiesHeatGear fabric wicks sweat away from your skin to keep you cool, dry and lightSuper-soft, cotton-blend fabric provides all-day comfortProduct design detailCharcoal grey printed T-shirtHas a round neckShort sleevesOversized fitSuper soft fabricStraight hem",Cotton,"60% cotton, 40% polyester. Machine-wash",Printed,Oversized,Round Neck,Short Sleeves,Sports,,Regular,4.3,64,1999,,"""竄ｹ1,999.00""",INR,http://assets.myntassets.com/assets/images/8901821/2022/4/4/a7c8b6e5-98f8-44ea-b59b-f33bf2dd95a61649071116616-UNDER-ARMOUR-Men-Charcoal-Grey-Big-Logo-SS-Printed-T-shirt-1-1.jpg,"http://assets.myntassets.com/assets/images/8901821/2022/4/4/a7c8b6e5-98f8-44ea-b59b-f33bf2dd95a61649071116616-UNDER-ARMOUR-Men-Charcoal-Grey-Big-Logo-SS-Printed-T-shirt-1-1.jpg,http://assets.myntassets.com/assets/images/8901821/2022/4/4/674574c2-41fc-417f-8754-92910c7ad76a1649071116607-UNDER-ARMOUR-Men-Charcoal-Grey-Big-Logo-SS-Printed-T-shirt-1-2.jpg,http://assets.myntassets.com/assets/images/8901821/2022/4/4/03ac62a2-9136-4cb8-b0c3-3c76810f29031649071116597-UNDER-ARMOUR-Men-Charcoal-Grey-Big-Logo-SS-Printed-T-shirt-1-3.jpg",
919032.0,tshirts,Women,Roadster,Off-White  Black Striped Speckled Pure Cotton T-shirt,"Off-white and black striped T-shirt, has speckled detailing, a round neck, long sleeves",Pure Cotton,100% cotton. Machine-wash cold,Striped,Regular Fit,Round Neck,Long Sleeves,Casual,,Regular,3.8,641,899,,"""竄ｹ899.00""",INR,http://assets.myntassets.com/assets/images/919032/2017/2/6/11486372160686-Roadster-Off-White--Black-Striped-Speckled-T-shirt-1621486372160444-1.jpg,"http://assets.myntassets.com/assets/images/919032/2017/2/6/11486372160686-Roadster-Off-White--Black-Striped-Speckled-T-shirt-1621486372160444-1.jpg,http://assets.myntassets.com/assets/images/919032/2017/2/6/11486372160663-Roadster-Off-White--Black-Striped-Speckled-T-shirt-1621486372160444-2.jpg,http://assets.myntassets.com/assets/images/919032/2017/2/6/11486372160641-Roadster-Off-White--Black-Striped-Speckled-T-shirt-1621486372160444-3.jpg,http://assets.myntassets.com/assets/images/919032/2017/2/6/11486372160618-Roadster-Off-White--Black-Striped-Speckled-T-shirt-1621486372160444-4.jpg,http://assets.myntassets.com/assets/images/919032/2017/2/6/11486372160598-Roadster-Off-White--Black-Striped-Speckled-T-shirt-1621486372160444-5.jpg",
18817326.0,tshirts,Men,Tommy Hilfiger,Men Beige & Navy Blue Striped Pure Cotton T-shirt,"Beige and navy blue T-shirt for menStripedRegular lengthRound neckShort, regular sleevesKnitted pure cotton fabric",Pure Cotton,100% Cotton. Machine Wash,Striped,Regular Fit,Round Neck,Short Sleeves,Casual,,Regular,4.4,58,2799,40,"""竄ｹ2,799.00""",INR,http://assets.myntassets.com/assets/images/18817326/2022/7/7/503b6020-21fa-4f1c-a62d-111d11602b121657174336943-Tommy-Hilfiger-Men-Tshirts-1131657174336464-1.jpg,"http://assets.myntassets.com/assets/images/18817326/2022/7/7/503b6020-21fa-4f1c-a62d-111d11602b121657174336943-Tommy-Hilfiger-Men-Tshirts-1131657174336464-1.jpg,http://assets.myntassets.com/assets/images/18817326/2022/7/7/cf109855-0f7b-4170-bc0e-727f1037823f1657174336935-Tommy-Hilfiger-Men-Tshirts-1131657174336464-2.jpg,http://assets.myntassets.com/assets/images/18817326/2022/7/7/eee03d79-7dc1-4973-a3fb-d4d370cf5b971657174336925-Tommy-Hilfiger-Men-Tshirts-1131657174336464-3.jpg,http://assets.myntassets.com/assets/images/18817326/2022/7/7/1c3dfa9a-746a-4483-b4d1-67ba00031cbc1657174336915-Tommy-Hilfiger-Men-Tshirts-1131657174336464-4.jpg,http://assets.myntassets.com/assets/images/18817326/2022/7/7/a78d68de-ddf5-447a-81ce-f2df0506563d1657174336906-Tommy-Hilfiger-Men-Tshirts-1131657174336464-5.jpg",
8426447.0,tshirts,Men,WROGN,Men Navy Blue Striped Henley Neck T-shirt,"Navy Blue and maroon striped T-shirt, has a Henley neck, long sleeves",Cotton,Cotton. Machine-wash,Striped,Slim Fit,Henley Neck,Long Sleeves,Casual,,Regular,4.2,514,1599,50,"""竄ｹ1,599.00""",INR,http://assets.myntassets.com/assets/images/8426447/2019/5/29/d5c7d79a-e753-406c-958b-2f519be10ab01559133418715-WROGN-Men-Navy-Blue-Striped-Henley-Neck-T-shirt-313155913341-1.jpg,"http://assets.myntassets.com/assets/images/8426447/2019/5/29/d5c7d79a-e753-406c-958b-2f519be10ab01559133418715-WROGN-Men-Navy-Blue-Striped-Henley-Neck-T-shirt-313155913341-1.jpg,http://assets.myntassets.com/assets/images/8426447/2019/5/29/68185f21-e423-4a30-87bf-0913508b0f951559133418689-WROGN-Men-Navy-Blue-Striped-Henley-Neck-T-shirt-313155913341-2.jpg,http://assets.myntassets.com/assets/images/8426447/2019/5/29/ff2757d9-2e27-4d6e-999b-ab42d737793b1559133418670-WROGN-Men-Navy-Blue-Striped-Henley-Neck-T-shirt-313155913341-3.jpg,http://assets.myntassets.com/assets/images/8426447/2019/5/29/e6b59c9e-92d8-4c24-8049-e2e2110831521559133418649-WROGN-Men-Navy-Blue-Striped-Henley-Neck-T-shirt-313155913341-4.jpg,http://assets.myntassets.com/assets/images/8426447/2019/5/29/ff956ebd-dd1e-4b91-901f-2ab162ce0d0f1559133418629-WROGN-Men-Navy-Blue-Striped-Henley-Neck-T-shirt-313155913341-5.jpg",
20355284.0,tshirts,Women,Roadster,The  Life Co. Round Neck Raglan Sleeves Typography Printed T-shirt,"Blue T-shirt for womenTypography printedCrop lengthRound neckLong, raglan sleevesKnitted cotton fabric",Cotton,"52% Cotton, 48% Polyester. Machine-wash",Printed,Regular Fit,Round Neck,Long Sleeves,Casual,,Crop,4.2,74,999,53,"""竄ｹ999.00""",INR,http://assets.myntassets.com/assets/images/20355284/2023/9/12/394d0042-426b-4262-b4ee-ed7c390044631694506802655TheRoadsterLifeCoRoundNeckRaglanSleevesTypographyPrintedT-sh1.jpg,"http://assets.myntassets.com/assets/images/20355284/2023/9/12/394d0042-426b-4262-b4ee-ed7c390044631694506802655TheRoadsterLifeCoRoundNeckRaglanSleevesTypographyPrintedT-sh1.jpg,http://assets.myntassets.com/assets/images/20355284/2023/9/12/2864914d-7ae8-44cf-adaf-b56c5eebcc391694506802668TheRoadsterLifeCoRoundNeckRaglanSleevesTypographyPrintedT-sh2.jpg,http://assets.myntassets.com/assets/images/20355284/2023/9/12/882f72b1-cbea-4668-b352-a732ebe993fa1694506802684TheRoadsterLifeCoRoundNeckRaglanSleevesTypographyPrintedT-sh3.jpg,http://assets.myntassets.com/assets/images/20355284/2023/9/12/708dfded-4d05-4e8a-85f0-9d4a628f99691694506802699TheRoadsterLifeCoRoundNeckRaglanSleevesTypographyPrintedT-sh4.jpg,http://assets.myntassets.com/assets/images/20355284/2023/9/12/3b83a84c-8959-4986-a247-32896e90db591694506802714TheRoadsterLifeCoRoundNeckRaglanSleevesTypographyPrintedT-sh5.jpg,http://assets.myntassets.com/assets/images/20355284/2023/10/6/14873e6f-c939-42dd-8cf7-4ebf502a7aef1696580756556-The-Roadster-Life-Co-Round-Neck-Raglan-Sleeves-Typography-Pr-6.jpg",
18818696.0,tshirts,Men,Tommy Hilfiger,Men White & Black Brand Logo Printed Organic Cotton T-shirt,"White and black T-shirt for menBrand logo printedRegular lengthRound neckShort, regular sleevesKnitted organic cotton fabric",Organic Cotton,100% organic cotton. Machine wash,Printed,Regular Fit,Round Neck,Short Sleeves,Casual,,Regular,4.4,58,1999,40,"""竄ｹ1,999.00""",INR,http://assets.myntassets.com/assets/images/18818696/2022/7/5/34fe13ec-0b36-4ad0-853d-629fdfca79541657012014596-Tommy-Hilfiger-Men-Tshirts-2401657012014102-1.jpg,"http://assets.myntassets.com/assets/images/18818696/2022/7/5/34fe13ec-0b36-4ad0-853d-629fdfca79541657012014596-Tommy-Hilfiger-Men-Tshirts-2401657012014102-1.jpg,http://assets.myntassets.com/assets/images/18818696/2022/7/5/f9a1e1a8-8e46-4cab-ae6e-c042e3f819d91657012014587-Tommy-Hilfiger-Men-Tshirts-2401657012014102-2.jpg,http://assets.myntassets.com/assets/images/18818696/2022/7/5/683b889b-92f8-4093-bb20-9b18e34da8691657012014578-Tommy-Hilfiger-Men-Tshirts-2401657012014102-3.jpg,http://assets.myntassets.com/assets/images/18818696/2022/7/5/6aa5d8a2-b63d-470f-b807-36587a8bca881657012014570-Tommy-Hilfiger-Men-Tshirts-2401657012014102-4.jpg,http://assets.myntassets.com/assets/images/18818696/2022/7/5/9071e235-2b34-4b1c-92ae-6ba886322b741657012014562-Tommy-Hilfiger-Men-Tshirts-2401657012014102-5.jpg",
9213113.0,tshirts,Men,Roadster,The  Lifestyle Co Men White Printed Round Neck T-shirt,"White printed T-shirt, has a round neck, short sleeves",Cotton,Cotton. Machine-wash,Printed,Regular Fit,Round Neck,Short Sleeves,Casual,,Regular,4.1,994,799,50,"""竄ｹ799.00""",INR,http://assets.myntassets.com/assets/images/9213113/2019/5/28/48dd244a-0a8d-444e-826e-88e5d7b22a1e1559034740333-Roadster-Men-T-shirt-4851559034738704-1.jpg,"http://assets.myntassets.com/assets/images/9213113/2019/5/28/48dd244a-0a8d-444e-826e-88e5d7b22a1e1559034740333-Roadster-Men-T-shirt-4851559034738704-1.jpg,http://assets.myntassets.com/assets/images/9213113/2019/5/28/dbb74fd3-dce7-423f-ab81-4e7019b903191559034740306-Roadster-Men-T-shirt-4851559034738704-2.jpg,http://assets.myntassets.com/assets/images/9213113/2019/5/28/4235e223-f82d-40ce-8b01-ff79a15d6f001559034740281-Roadster-Men-T-shirt-4851559034738704-3.jpg,http://assets.myntassets.com/assets/images/9213113/2019/5/28/45388e1d-b90f-4838-b596-2ed24812a6761559034740251-Roadster-Men-T-shirt-4851559034738704-4.jpg,http://assets.myntassets.com/assets/images/9213113/2019/5/28/2bb150d0-40a5-4edc-8c41-2f47431233dd1559034740231-Roadster-Men-T-shirt-4851559034738704-5.jpg",
13511732.0,tshirts,Men,Puma,Men Black Solid Run Fav 1/4 Zip T-Shirt,"Black solid T-shirt, has a high neck, and long sleeves",Polyester,Material: 94% Polyester and 6% Elastane. Machine Wash,Solid,Regular Fit,High Neck,Long Sleeves,Casual,,Regular,4.4,167,3999,,"""竄ｹ3,999.00""",INR,http://assets.myntassets.com/assets/images/13511732/2021/4/17/5c64fd7d-48f5-4cda-b652-f383067fee651618652461165-Puma-Men-Tshirts-1851618652460392-1.jpg,"http://assets.myntassets.com/assets/images/13511732/2021/4/17/5c64fd7d-48f5-4cda-b652-f383067fee651618652461165-Puma-Men-Tshirts-1851618652460392-1.jpg,http://assets.myntassets.com/assets/images/13511732/2021/4/17/1a3bd698-2242-453f-9be7-14584027a5031618652461146-Puma-Men-Tshirts-1851618652460392-2.jpg,http://assets.myntassets.com/assets/images/13511732/2021/4/17/acde68fc-b850-40b7-a479-85483502854f1618652461125-Puma-Men-Tshirts-1851618652460392-3.jpg,http://assets.myntassets.com/assets/images/13511732/2021/4/17/291b2a02-e6c3-4fb3-8bc7-1ee2ae7f2a7a1618652461107-Puma-Men-Tshirts-1851618652460392-4.jpg,http://assets.myntassets.com/assets/images/13511732/2021/4/17/0221206d-a8da-4062-9e7b-978b18a120df1618652461090-Puma-Men-Tshirts-1851618652460392-5.jpg",
13591994.0,tshirts,Men,Camey,Men Maroon Solid Round Neck T-shirt,Maroon solid T-shirt has a round neck and short sleeves,Cotton,Material: Cotton. Machine Wash,Solid,Regular Fit,Round Neck,Short Sleeves,Casual,,Regular,3.5,2,999,60,"""竄ｹ999.00""",INR,http://assets.myntassets.com/assets/images/productimage/2021/2/3/d02f1531-f210-4fc2-a7a3-1c8666123aba1612348476611-1.jpg,"http://assets.myntassets.com/assets/images/productimage/2021/2/3/d02f1531-f210-4fc2-a7a3-1c8666123aba1612348476611-1.jpg,http://assets.myntassets.com/assets/images/productimage/2021/2/3/89452878-b075-443a-a8b9-33ea6180ade21612348476629-2.jpg,http://assets.myntassets.com/assets/images/productimage/2021/2/3/f8f8b397-a737-42b7-a4d6-ab096ef8cf701612348476646-3.jpg,http://assets.myntassets.com/assets/images/productimage/2021/2/3/405ee38d-f659-4056-890b-14fa395996571612348476666-4.jpg,http://assets.myntassets.com/assets/images/productimage/2021/2/3/a0fad6f2-a63e-4c8b-b165-93a218cfcc521612348476693-5.jpg,http://assets.myntassets.com/assets/images/productimage/2021/2/3/bb78d684-96e3-4ce7-a3d8-968325f144041612348476716-6.jpg",
21439050.0,tshirts,Men,Kappa,Men Typography Printed Cotton T-shirt,"Typography T-shirt for menRegular lengthRound neckShort, regular sleevesKnitted cotton fabric",Cotton,Cotton. Machine Wash,Printed,Regular Fit,Round Neck,Short Sleeves,Sports,,Regular,3.2,9,599,30,"""竄ｹ599.00""",INR,http://assets.myntassets.com/assets/images/21439050/2023/1/6/595f0cbd-53e6-4682-8757-755bab94955a1672989148791KappaMenGreenTypographyPrintedT-shirt1.jpg,"http://assets.myntassets.com/assets/images/21439050/2023/1/6/595f0cbd-53e6-4682-8757-755bab94955a1672989148791KappaMenGreenTypographyPrintedT-shirt1.jpg,http://assets.myntassets.com/assets/images/21439050/2023/1/6/4a6575f5-b1d6-4f06-a9c9-d8274e6892771672989148809KappaMenGreenTypographyPrintedT-shirt2.jpg,http://assets.myntassets.com/assets/images/21439050/2023/1/6/b22b088d-4e29-4cfa-851d-bcd1ceea41051672989148820KappaMenGreenTypographyPrintedT-shirt3.jpg,http://assets.myntassets.com/assets/images/21439050/2023/1/6/82e275db-3f22-4f13-a096-9373fbe1cd771672989148799KappaMenGreenTypographyPrintedT-shirt4.jpg,http://assets.myntassets.com/assets/images/21439050/2023/1/6/0e13aaa6-5ea0-4fe4-8ae8-8146f78cbc1c1672989148780KappaMenGreenTypographyPrintedT-shirt5.jpg,http://assets.myntassets.com/assets/images/21439050/2023/1/6/497194ad-f154-4724-8236-c24dd0e5d8ae1672989148831KappaMenGreenTypographyPrintedT-shirt6.jpg",
13615634.0,tshirts,Men,U.S. Polo Assn.,Men Red Solid Mandarin Collar T-shirt,"Red and Black solid T-shirt, has a mandarin collar, and short sleeves",Cotton,Material: Cotton.   Machine Wash,Solid,Regular Fit,Mandarin Collar,Short Sleeves,Casual,,Regular,4.5,69,1699,40,"""竄ｹ1,699.00""",INR,http://assets.myntassets.com/assets/images/productimage/2021/2/9/fc5d6275-d90c-4f41-9b39-b911cfaae8351612859336779-1.jpg,"http://assets.myntassets.com/assets/images/productimage/2021/2/9/fc5d6275-d90c-4f41-9b39-b911cfaae8351612859336779-1.jpg,http://assets.myntassets.com/assets/images/productimage/2021/2/9/c2d3477b-6cf5-4db8-af43-4e5ff7eaf1c51612859336799-2.jpg,http://assets.myntassets.com/assets/images/productimage/2021/2/9/5562ea9c-ddc6-408e-9292-9ea32d3f09aa1612859336830-3.jpg,http://assets.myntassets.com/assets/images/productimage/2021/2/9/5f0c414f-1654-4b30-806f-22d66e397dbc1612859336852-4.jpg,http://assets.myntassets.com/assets/images/productimage/2021/2/9/8d43af91-8a28-46e7-84a2-3f4b7935dc991612859336873-5.jpg,http://assets.myntassets.com/assets/images/productimage/2021/2/9/253fbd19-ff56-4956-961a-96bbac45403b1612859336894-6.jpg",
13620624.0,tshirts,Men,Roadster,The  Lifestyle Co Men White Brand Logo Appliqued Pure Cotton Polo Collar T-shirt,"White solid T-shirt with brand logo applique, has a polo collar, button closure and short sleeves",Cotton,Material: Cotton.   Machine Wash,Solid,Regular Fit,Polo Collar,Short Sleeves,Casual,Button,Regular,4,154,1399,73,"""竄ｹ1,399.00""",INR,http://assets.myntassets.com/assets/images/13620624/2021/4/9/a06c9036-c47c-4b0a-b4fd-555faa5b4de31617947226374-Roadster-Men-Tshirts-9151617947225316-1.jpg,"http://assets.myntassets.com/assets/images/13620624/2021/4/9/a06c9036-c47c-4b0a-b4fd-555faa5b4de31617947226374-Roadster-Men-Tshirts-9151617947225316-1.jpg,http://assets.myntassets.com/assets/images/13620624/2021/4/9/a168284a-f7ed-4762-a18b-8e5f473390281617947226352-Roadster-Men-Tshirts-9151617947225316-2.jpg,http://assets.myntassets.com/assets/images/13620624/2021/4/9/c2eb35ee-ba90-4876-82b5-e545d9209ce31617947226324-Roadster-Men-Tshirts-9151617947225316-3.jpg,http://assets.myntassets.com/assets/images/13620624/2021/4/9/fad33980-f4ea-4f7e-92a0-f7324a9705781617947226302-Roadster-Men-Tshirts-9151617947225316-4.jpg,http://assets.myntassets.com/assets/images/13620624/2021/4/9/6f359a38-4b52-4a5e-9fa1-b914ba5246f71617947226282-Roadster-Men-Tshirts-9151617947225316-5.jpg",
13502414.0,tshirts,Men,Puma,Men Navy Blue & White Performance Cat Printed dryCELL Round Neck T-shirt,Special Technologies:DRYCELL - Highly functional materials draw sweat away from your skin and help keep you dry and comfortable during exerciseProduct design detailsNavy Blue and White printed T-shirthas a round neckshort sleeves,Polyester,Material: 100% polyester. Machine Wash,Printed,Regular Fit,Round Neck,Short Sleeves,Sports,,Regular,4.3,327,1499,,"""竄ｹ1,499.00""",INR,http://assets.myntassets.com/assets/images/13502414/2021/3/4/0e7e8c2e-8e9c-4eb3-bf02-4d949ddabf751614836247340-Puma-Men-Tshirts-9411614836245409-1.jpg,"http://assets.myntassets.com/assets/images/13502414/2021/3/4/0e7e8c2e-8e9c-4eb3-bf02-4d949ddabf751614836247340-Puma-Men-Tshirts-9411614836245409-1.jpg,http://assets.myntassets.com/assets/images/13502414/2021/3/4/0460aa6e-ca20-4855-a408-88ed28d9d8fe1614836247318-Puma-Men-Tshirts-9411614836245409-2.jpg,http://assets.myntassets.com/assets/images/13502414/2021/3/4/28b98c6c-6954-47c7-89be-6122ef30bc641614836247299-Puma-Men-Tshirts-9411614836245409-3.jpg,http://assets.myntassets.com/assets/images/13502414/2021/3/4/7250d3ce-58f1-47e7-a926-a541db1fbdca1614836247283-Puma-Men-Tshirts-9411614836245409-4.jpg,http://assets.myntassets.com/assets/images/13502414/2021/3/4/ba848811-5f7e-48ad-9543-0c99aa14a6b01614836247266-Puma-Men-Tshirts-9411614836245409-5.jpg",
13621134.0,tshirts,Men,Roadster,The  Lifestyle Co Men Rust Brown Solid Applique Polo Collar T-shirt,"Rust brown solid T-shirt with applique detail, has a polo collar, short sleeves and button closure",Cotton,Material: Cotton.   Machine Wash,Solid,Regular Fit,Polo Collar,Short Sleeves,Casual,Button,Regular,4.1,312,1399,50,"""竄ｹ1,399.00""",INR,http://assets.myntassets.com/assets/images/13621134/2021/4/28/5f8b5475-62e6-4ebb-9141-ab05cd19a9941619586582112TshirtsMetronautMenTshirtsRoadsterMenTshirtsRoadsterMenTopsR1.jpg,"http://assets.myntassets.com/assets/images/13621134/2021/4/28/5f8b5475-62e6-4ebb-9141-ab05cd19a9941619586582112TshirtsMetronautMenTshirtsRoadsterMenTshirtsRoadsterMenTopsR1.jpg,http://assets.myntassets.com/assets/images/13621134/2021/4/28/a6cb4115-0777-4bcc-81ba-364e94a567881619586582153TshirtsMetronautMenTshirtsRoadsterMenTshirtsRoadsterMenTopsR2.jpg,http://assets.myntassets.com/assets/images/13621134/2021/4/28/a0cba3d4-a963-4eeb-888d-0b58a1cb5baf1619586582190TshirtsMetronautMenTshirtsRoadsterMenTshirtsRoadsterMenTopsR3.jpg,http://assets.myntassets.com/assets/images/13621134/2021/4/28/9b66af0f-01ee-4156-b9a0-00ef23fdc6121619586582227TshirtsMetronautMenTshirtsRoadsterMenTshirtsRoadsterMenTopsR4.jpg,http://assets.myntassets.com/assets/images/13621134/2021/4/28/840d6d39-f3b4-4ca4-baed-09058e113ed91619586582264TshirtsMetronautMenTshirtsRoadsterMenTshirtsRoadsterMenTopsR5.jpg",
17686030.0,tshirts,Men,Allen Solly Tribe,Men Navy Blue Solid T-shirt,"Navy blue T-shirt for menSolidRegular lengthHigh neckShort, regular sleevesKnitted cotton fabric",Cotton,95% Cotton and 5% Lycra. Machine wash,Solid,Regular Fit,High Neck,Short Sleeves,Casual,Zip,Regular,4.3,23,1499,30,"""竄ｹ1,499.00""",INR,http://assets.myntassets.com/assets/images/17686030/2022/3/30/d4e83ac1-0ed8-4cc9-9adb-4be024525a8d1648627209478AllenSollyTribeMenNavyBlueMandarinCollarT-shirt1.jpg,"http://assets.myntassets.com/assets/images/17686030/2022/3/30/d4e83ac1-0ed8-4cc9-9adb-4be024525a8d1648627209478AllenSollyTribeMenNavyBlueMandarinCollarT-shirt1.jpg,http://assets.myntassets.com/assets/images/17686030/2022/3/30/2282a4e8-4444-4de3-9c86-6b8991080a6d1648627209470AllenSollyTribeMenNavyBlueMandarinCollarT-shirt2.jpg,http://assets.myntassets.com/assets/images/17686030/2022/3/30/1b88d863-2809-486a-a6ed-a456737a0d651648627209485AllenSollyTribeMenNavyBlueMandarinCollarT-shirt3.jpg,http://assets.myntassets.com/assets/images/17686030/2022/3/30/db9af733-5cb1-4eb8-bf4f-89da6242ac021648627209455AllenSollyTribeMenNavyBlueMandarinCollarT-shirt4.jpg,http://assets.myntassets.com/assets/images/17686030/2022/3/30/8a77009b-ffe7-4479-a275-5cc0773514e71648627209463AllenSollyTribeMenNavyBlueMandarinCollarT-shirt5.jpg",
13616400.0,tshirts,Men,Arrow New York,Men Beige Printed Round Neck Pure Cotton T-shirt,"Beige printed T-shirt, has a round neck, and short sleeves",Pure Cotton,Material: 100% Compact Cotton. Machine Wash,Printed,Regular Fit,Round Neck,Short Sleeves,Casual,,Regular,4.8,13,899,25,"""竄ｹ674.00""",INR,http://assets.myntassets.com/assets/images/productimage/2021/2/9/6aabeed8-8a7e-4050-b84e-b647c2c8a45a1612862819683-1.jpg,"http://assets.myntassets.com/assets/images/productimage/2021/2/9/6aabeed8-8a7e-4050-b84e-b647c2c8a45a1612862819683-1.jpg,http://assets.myntassets.com/assets/images/productimage/2021/2/9/fed87991-330c-4c66-968a-e7daeb51c6011612862819700-2.jpg,http://assets.myntassets.com/assets/images/productimage/2021/2/9/10b6b552-8d08-47f5-9387-000c6bbdba891612862819723-3.jpg,http://assets.myntassets.com/assets/images/productimage/2021/2/9/02f5a3d1-312c-4333-8014-1f3d647adb111612862819746-4.jpg,http://assets.myntassets.com/assets/images/productimage/2021/2/9/638ad30a-ef42-4266-b6c1-1da1a13ce60f1612862819766-5.jpg",
13480864.0,tshirts,Men,Aeropostale,Men White Printed Round Neck Pure Cotton T-shirt,"White printed T-shirt, has a round neck, and short sleeves",Pure Cotton,Material: 100% Cotton. Machine Wash,Printed,Regular Fit,Round Neck,Short Sleeves,Casual,,Regular,4.2,13,1199,,"""竄ｹ1,199.00""",INR,http://assets.myntassets.com/assets/images/13480864/2021/8/31/152096c7-eabf-4c5e-99c0-abbf0e1a3baa1630387036237AeropostaleMenWhitePrintedRoundNeckT-shirt1.jpg,"http://assets.myntassets.com/assets/images/13480864/2021/8/31/152096c7-eabf-4c5e-99c0-abbf0e1a3baa1630387036237AeropostaleMenWhitePrintedRoundNeckT-shirt1.jpg,http://assets.myntassets.com/assets/images/13480864/2021/8/31/e1c6dc4f-fab8-4957-854c-f094a91a5dc21630387036375AeropostaleMenWhitePrintedRoundNeckT-shirt2.jpg,http://assets.myntassets.com/assets/images/13480864/2021/8/31/acd9d208-8e51-4011-88dd-93723fc115bc1630387036559AeropostaleMenWhitePrintedRoundNeckT-shirt3.jpg,http://assets.myntassets.com/assets/images/13480864/2021/8/31/4ffbabc2-0196-4f19-aa2f-26bd952fe20e1630387036684AeropostaleMenWhitePrintedRoundNeckT-shirt4.jpg,http://assets.myntassets.com/assets/images/13480864/2021/8/31/3a28b225-d082-421e-98d9-e2220ebef3471630387036811AeropostaleMenWhitePrintedRoundNeckT-shirt5.jpg,http://assets.myntassets.com/assets/images/13480864/2021/8/31/cb5cd9fc-bb3b-45fc-b2b5-47b70eec34871630387036920AeropostaleMenWhitePrintedRoundNeckT-shirt6.jpg,http://assets.myntassets.com/assets/images/13480864/2021/8/31/cfecc6e2-1b88-46b7-b7d3-3dc574f23ae11630387037054AeropostaleMenWhitePrintedRoundNeckT-shirt7.jpg",
13622338.0,tshirts,Men,Roadster,The  Lifestyle Co Men Olive Green Solid Round Neck Pure Cotton T-shirt,"Olive green solid T-shirt, has a round neck, and long sleeves",Pure Cotton,Material: 100% Cotton. Machine Wash,Solid,Regular Fit,Round Neck,Long Sleeves,Casual,,Regular,4.4,54,899,55,"""竄ｹ404.00""",INR,http://assets.myntassets.com/assets/images/13622338/2021/4/22/e08c2464-825f-46fa-8ac0-a77faea307951619086408469-Roadster-Men-Tshirts-221619086407824-1.jpg,"http://assets.myntassets.com/assets/images/13622338/2021/4/22/e08c2464-825f-46fa-8ac0-a77faea307951619086408469-Roadster-Men-Tshirts-221619086407824-1.jpg,http://assets.myntassets.com/assets/images/13622338/2021/4/22/5094d216-78bd-4a11-91d3-dc621b5d40d71619086408440-Roadster-Men-Tshirts-221619086407824-2.jpg,http://assets.myntassets.com/assets/images/13622338/2021/4/22/e7b8a631-8c6f-4f61-800c-e153a56adeec1619086408410-Roadster-Men-Tshirts-221619086407824-3.jpg,http://assets.myntassets.com/assets/images/13622338/2021/4/22/f8fc1a5d-4e72-4733-aa72-19d49a065c0b1619086408374-Roadster-Men-Tshirts-221619086407824-4.jpg,http://assets.myntassets.com/assets/images/13622338/2021/4/22/dae471f9-1d0f-4834-a3d0-dacb734430541619086408346-Roadster-Men-Tshirts-221619086407824-5.jpg",
16295686.0,tshirts,Boys,Miss & Chief,Boys Pack of 3 Printed T-shirt,"Pack of 3 Grey, Red and black Tshirt for boysGraphic printedRegular lengthRound neckShort, regular sleevesKnitted cotton fabric",Cotton,Cotton. Machine Wash,Printed,Regular Fit,Round Neck,Short Sleeves,Casual,,Regular,3.9,7,1995,71,"""竄ｹ578.00""",INR,http://assets.myntassets.com/assets/images/16295686/2021/11/29/f8b830b9-d3d8-417b-85dd-c6c268a420d31638191943354MissChiefBoysRedBlackPrinted3PrintedT-shirt1.jpg,"http://assets.myntassets.com/assets/images/16295686/2021/11/29/f8b830b9-d3d8-417b-85dd-c6c268a420d31638191943354MissChiefBoysRedBlackPrinted3PrintedT-shirt1.jpg,http://assets.myntassets.com/assets/images/16295686/2021/11/29/095e8012-7aa1-4e6e-8802-0a9d8e6d6c6f1638191943407MissChiefBoysRedBlackPrinted3PrintedT-shirt2.jpg,http://assets.myntassets.com/assets/images/16295686/2021/11/29/b1052313-a162-40b4-be69-5a693590c6881638191943279MissChiefBoysRedBlackPrinted3PrintedT-shirt3.jpg,http://assets.myntassets.com/assets/images/16295686/2021/11/29/cea060b3-1a60-418f-b08f-f7522c73cb531638191943399MissChiefBoysRedBlackPrinted3PrintedT-shirt4.jpg,http://assets.myntassets.com/assets/images/16295686/2021/11/29/6657f97d-c905-480a-8fd0-328d1deb5f701638191943114MissChiefBoysRedBlackPrinted3PrintedT-shirt5.jpg,http://assets.myntassets.com/assets/images/16295686/2021/11/29/ec45e90c-6b98-489a-9d6c-9b70f6c0716d1638191943379MissChiefBoysRedBlackPrinted3PrintedT-shirt6.jpg,http://assets.myntassets.com/assets/images/16295686/2021/11/29/e432bd18-1673-49a2-b1c4-dea03a3858521638191943388MissChiefBoysRedBlackPrinted3PrintedT-shirt7.jpg",
16298856.0,tshirts,Men,Friskers,Men Pack of 2 Printed Pure Cotton T-shirts,"Pack of 2 T-shirtsYellow and navy blue Tshirt for menPrintedRegular lengthHoodedLong, regular sleevesKnitted pure cotton fabric",Pure Cotton,Pure Cotton. Machine Wash,Printed,Relaxed Fit,Hood,Long Sleeves,Casual,,Regular,0,0,2998,59,"""竄ｹ1,229.00""",INR,http://assets.myntassets.com/assets/images/16298856/2021/11/29/689a0c0d-ba52-417e-be9d-51ff8c1f292c1638202069687MenNavyGoldFullSleevewithGripHoodedPrintedT-shirt1.jpg,"http://assets.myntassets.com/assets/images/16298856/2021/11/29/689a0c0d-ba52-417e-be9d-51ff8c1f292c1638202069687MenNavyGoldFullSleevewithGripHoodedPrintedT-shirt1.jpg,http://assets.myntassets.com/assets/images/16298856/2021/11/29/294ed123-1d55-42c8-bbc8-a7433eabbf001638202069265MenNavyGoldFullSleevewithGripHoodedPrintedT-shirt2.jpg,http://assets.myntassets.com/assets/images/16298856/2021/11/29/39c272bf-ac46-4a69-844f-37cd4c73bc661638202069710MenNavyGoldFullSleevewithGripHoodedPrintedT-shirt3.jpg,http://assets.myntassets.com/assets/images/16298856/2021/11/29/351f9d3e-811a-4d4b-8fca-36e1ee129cfd1638202069677MenNavyGoldFullSleevewithGripHoodedPrintedT-shirt4.jpg,http://assets.myntassets.com/assets/images/16298856/2021/11/29/45b9b65b-e000-4cf5-949a-3e51baa9edbf1638202069510MenNavyGoldFullSleevewithGripHoodedPrintedT-shirt5.jpg",
16277914.0,tshirts,Men,Parx,Men Black Printed Polo Collar T-shirt,"Black Tshirt for menConversational printedRegular lengthPolo collarRegular, short sleevesKnitted cotton fabric",Cotton,Cotton. Machine Wash,Printed,Regular Fit,Polo Collar,Short Sleeves,Casual,,Regular,4.9,7,1399,53,"""竄ｹ699.00""",INR,http://assets.myntassets.com/assets/images/16277914/2021/11/27/cd3c2094-6ec0-4552-93e5-ecade8c4a9fd1638014703198ParxMenBlackPrintedPoloCollarExtendedSleevesT-shirt1.jpg,"http://assets.myntassets.com/assets/images/16277914/2021/11/27/cd3c2094-6ec0-4552-93e5-ecade8c4a9fd1638014703198ParxMenBlackPrintedPoloCollarExtendedSleevesT-shirt1.jpg,http://assets.myntassets.com/assets/images/16277914/2021/11/27/1e534f31-2875-4dcc-8536-61b08cac45f51638014703406ParxMenBlackPrintedPoloCollarExtendedSleevesT-shirt2.jpg,http://assets.myntassets.com/assets/images/16277914/2021/11/27/f00f67f8-40cc-4d0e-8ada-f56c565cec4b1638014703060ParxMenBlackPrintedPoloCollarExtendedSleevesT-shirt3.jpg,http://assets.myntassets.com/assets/images/16277914/2021/11/27/5eadd37d-bac3-4c5b-b3ce-7168cd01bb6f1638014703316ParxMenBlackPrintedPoloCollarExtendedSleevesT-shirt4.jpg,http://assets.myntassets.com/assets/images/16277914/2021/11/27/1fa509bd-edbc-4e25-a9cd-57be098909741638014703033ParxMenBlackPrintedPoloCollarExtendedSleevesT-shirt5.jpg,http://assets.myntassets.com/assets/images/16277914/2021/11/27/38bbad05-7016-46d5-8ad1-25d4c907bcac1638014703248ParxMenBlackPrintedPoloCollarExtendedSleevesT-shirt6.jpg",
16292318.0,tshirts,Men,Bewakoof,Men White Printed Pockets T-shirt,"  White Tshirt for men   Conversational printed   Regular length   Round neck   Short,  regular sleeves   Woven cotton fabric  ",Cotton,"Classic, lightweight jersey fabric comprising 100% cotton.",Printed,Regular Fit,Round Neck,Short Sleeves,Casual,,Regular,4.2,17,1399,60,"""竄ｹ549.00""",INR,http://assets.myntassets.com/assets/images/16292318/2023/6/14/f1a70c1f-6aa2-414e-a32d-e2ee1f7b39901686725238357-Bewakoof-Men-White-Printed-Pockets-T-shirt-5141686725238000-1.jpg,"http://assets.myntassets.com/assets/images/16292318/2023/6/14/f1a70c1f-6aa2-414e-a32d-e2ee1f7b39901686725238357-Bewakoof-Men-White-Printed-Pockets-T-shirt-5141686725238000-1.jpg,http://assets.myntassets.com/assets/images/16292318/2023/6/14/02e1b743-d36a-4e90-9736-89014686bae21686725238343-Bewakoof-Men-White-Printed-Pockets-T-shirt-5141686725238000-2.jpg,http://assets.myntassets.com/assets/images/16292318/2023/6/14/5290fecc-4863-49b4-a944-3b2a75cd54a41686725238327-Bewakoof-Men-White-Printed-Pockets-T-shirt-5141686725238000-3.jpg,http://assets.myntassets.com/assets/images/16292318/2023/6/14/595bab97-c3c9-4410-9825-971f22d4a3a41686725238314-Bewakoof-Men-White-Printed-Pockets-T-shirt-5141686725238000-4.jpg,http://assets.myntassets.com/assets/images/16292318/2023/6/14/bbff315e-6554-4a74-a117-baaeaf094d5e1686725238301-Bewakoof-Men-White-Printed-Pockets-T-shirt-5141686725238000-5.jpg,http://assets.myntassets.com/assets/images/16292318/2023/6/14/1898eec3-59f7-4844-8bb7-50383d403ad51686725238289-Bewakoof-Men-White-Printed-Pockets-T-shirt-5141686725238000-6.jpg",
19201678.0,tshirts,Women,Tokyo Talkies,Women Yellow Printed Extended Sleeves Slim Fit T-shirt,"  Yellow Tshirt for women   Graphic printed   Regular length   Round neck   Short,  extended sleeves   Knitted polyester fabric  ",Polyester,Polyester. Machine wash,Printed,Slim Fit,Round Neck,Short Sleeves,Casual,,Regular,4.1,103,699,58,"""竄ｹ293.00""",INR,http://assets.myntassets.com/assets/images/19201678/2022/7/21/3de97fe1-e288-4a46-a26d-666f5725f9521658373543443TokyoTalkiesWomenYellowPrintedExtendedSleevesAppliqueSlimFit1.jpg,"http://assets.myntassets.com/assets/images/19201678/2022/7/21/3de97fe1-e288-4a46-a26d-666f5725f9521658373543443TokyoTalkiesWomenYellowPrintedExtendedSleevesAppliqueSlimFit1.jpg,http://assets.myntassets.com/assets/images/19201678/2022/7/21/42e2c142-d54a-454c-a2cf-4325b99c1e9b1658373543469TokyoTalkiesWomenYellowPrintedExtendedSleevesAppliqueSlimFit2.jpg,http://assets.myntassets.com/assets/images/19201678/2022/7/21/b95a9ae1-f7a8-4570-b768-25964e888ec01658373543460TokyoTalkiesWomenYellowPrintedExtendedSleevesAppliqueSlimFit3.jpg,http://assets.myntassets.com/assets/images/19201678/2022/7/21/85402a5a-356a-448d-9dd2-58072210f09e1658373543480TokyoTalkiesWomenYellowPrintedExtendedSleevesAppliqueSlimFit4.jpg,http://assets.myntassets.com/assets/images/19201678/2022/7/21/113cf953-a158-43d1-8672-dba059a205e81658373543434TokyoTalkiesWomenYellowPrintedExtendedSleevesAppliqueSlimFit5.jpg,http://assets.myntassets.com/assets/images/19201678/2022/7/21/df5a7fbc-8d27-43b9-8463-59828c49cab01658373543453TokyoTalkiesWomenYellowPrintedExtendedSleevesAppliqueSlimFit6.jpg",
16923916.0,tshirts,Women,Monte Carlo,Women Pack Of 2 Blue & Peach Solid V-Neck Pure Cotton T-shirt,"Pack of two T shirts in Blue and Peach SolidRegular lengthV-neckShort, regular sleevesKnitted pure cotton fabric",Pure Cotton,100% Cotton. Hand wash,Solid,Regular Fit,V-Neck,Short Sleeves,Casual,,Regular,4.8,13,835,25,"""竄ｹ835.00""",INR,http://assets.myntassets.com/assets/images/16923916/2022/2/28/53c73b65-9c61-4bdd-8088-0ea9468052811646044225113-Monte-Carlo-Women-Pack-Of-2-Blue--Peach-Solid-V-Neck-Pure-Co-1.jpg,"http://assets.myntassets.com/assets/images/16923916/2022/2/28/53c73b65-9c61-4bdd-8088-0ea9468052811646044225113-Monte-Carlo-Women-Pack-Of-2-Blue--Peach-Solid-V-Neck-Pure-Co-1.jpg,http://assets.myntassets.com/assets/images/16923916/2022/2/28/994240f1-492e-448d-8d24-ebf0a7cbae3d1646044225094-Monte-Carlo-Women-Pack-Of-2-Blue--Peach-Solid-V-Neck-Pure-Co-2.jpg,http://assets.myntassets.com/assets/images/16923916/2022/2/28/96e1c4a1-9443-4abf-ae54-e3fe6b36f6661646044225074-Monte-Carlo-Women-Pack-Of-2-Blue--Peach-Solid-V-Neck-Pure-Co-3.jpg,http://assets.myntassets.com/assets/images/16923916/2022/2/28/2f5e41f8-2ebf-444b-b21e-8829437cad7e1646044225054-Monte-Carlo-Women-Pack-Of-2-Blue--Peach-Solid-V-Neck-Pure-Co-4.jpg,http://assets.myntassets.com/assets/images/16923916/2022/2/28/97bab1ff-9a21-4f5e-a124-735c3d4cc1461646044225032-Monte-Carlo-Women-Pack-Of-2-Blue--Peach-Solid-V-Neck-Pure-Co-6.jpg",
10143909.0,tshirts,Men,CHKOKKO,Chkokko Men Teal Green Solid Round Neck Training T-shirt,"Teal green solid training T-shirt, has a round neck, and sleeveless",Polyester,Polyester.  Machine-wash,Solid,Regular Fit,Round Neck,Sleeveless,Sports,,Regular,3.7,53,1665,70,"""竄ｹ499.00""",INR,http://assets.myntassets.com/assets/images/10143909/2022/11/12/fcfa346b-8289-4d6d-9bf6-67ebe3d6f35a1668243605997-Chkokko-Men-Teal-Green-Solid-Round-Neck-Training-T-shirt-358-1.jpg,"http://assets.myntassets.com/assets/images/10143909/2022/11/12/fcfa346b-8289-4d6d-9bf6-67ebe3d6f35a1668243605997-Chkokko-Men-Teal-Green-Solid-Round-Neck-Training-T-shirt-358-1.jpg,http://assets.myntassets.com/assets/images/10143909/2022/11/12/204afee1-bcbd-4930-af4a-25554a03d1821668243605988-Chkokko-Men-Teal-Green-Solid-Round-Neck-Training-T-shirt-358-2.jpg,http://assets.myntassets.com/assets/images/10143909/2022/11/12/c4aa6291-1e5e-4ff4-aa4c-9b67899ebd8d1668243605977-Chkokko-Men-Teal-Green-Solid-Round-Neck-Training-T-shirt-358-3.jpg,http://assets.myntassets.com/assets/images/10143909/2022/11/12/7f827276-aefb-4b7c-9ea5-e3f8a88a94721668243605967-Chkokko-Men-Teal-Green-Solid-Round-Neck-Training-T-shirt-358-4.jpg,http://assets.myntassets.com/assets/images/10143909/2022/11/12/fadec30a-3110-48ef-bc22-956b7c146ca31668243605956-Chkokko-Men-Teal-Green-Solid-Round-Neck-Training-T-shirt-358-5.jpg,http://assets.myntassets.com/assets/images/10143909/2022/11/12/3dcb6d77-b338-43a1-be7f-ee3ddf7b07861668243605947-Chkokko-Men-Teal-Green-Solid-Round-Neck-Training-T-shirt-358-6.jpg,http://assets.myntassets.com/assets/images/10143909/2022/11/12/57f262db-1d6c-46f3-b333-3b9cf8b117451668243605935-Chkokko-Men-Teal-Green-Solid-Round-Neck-Training-T-shirt-358-7.jpg",
20085320.0,tshirts,Men,BULLMER,Men Pack of 2 Navy Blue & Turquoise Blue Long Sleeves T-shirt,"Pack of 2Navy blue and turquoise blue Tshirt for menSolidRegular lengthRound neckLong, regular sleevesKnitted cotton fabric",Cotton,Cotton. Machine wash,Solid,Regular Fit,Round Neck,Long Sleeves,Casual,,Regular,4.8,12,3998,80,"""竄ｹ799.00""",INR,http://assets.myntassets.com/assets/images/20085320/2023/6/7/05b31045-a90c-4513-b835-abd9a924e61d1686137639577BULLMERMenPackof2NavyBlueTurquoiseBlueLongSleevesT-shirt1.jpg,"http://assets.myntassets.com/assets/images/20085320/2023/6/7/05b31045-a90c-4513-b835-abd9a924e61d1686137639577BULLMERMenPackof2NavyBlueTurquoiseBlueLongSleevesT-shirt1.jpg,http://assets.myntassets.com/assets/images/20085320/2023/6/7/6b6e877d-e7a8-4897-abc9-7e81c2766c5f1686137639589BULLMERMenPackof2NavyBlueTurquoiseBlueLongSleevesT-shirt2.jpg,http://assets.myntassets.com/assets/images/20085320/2023/6/7/f98410a0-35bf-4d44-86d1-db95428efedb1686137639613BULLMERMenPackof2NavyBlueTurquoiseBlueLongSleevesT-shirt3.jpg,http://assets.myntassets.com/assets/images/20085320/2023/6/7/9672f8b3-bd82-4f10-b642-686a0000060b1686137639637BULLMERMenPackof2NavyBlueTurquoiseBlueLongSleevesT-shirt4.jpg,http://assets.myntassets.com/assets/images/20085320/2023/6/7/3a487daf-0ee0-4317-97fd-dd591fa4fca31686137639658BULLMERMenPackof2NavyBlueTurquoiseBlueLongSleevesT-shirt5.jpg,http://assets.myntassets.com/assets/images/20085320/2023/6/7/8d54bacc-34dc-43d9-9571-456f5922e2071686137639678BULLMERMenPackof2NavyBlueTurquoiseBlueLongSleevesT-shirt6.jpg",
10555034.0,tshirts,Men,Braveo,Men Navy Blue and Red Checked Round Neck Pure Cotton T-shirt,"Navy Blue and Red checked T-shirt, has a round neck, and long sleeves",Pure Cotton,"100% Cotton,. Machine-wash",Checked,Slim Fit,Round Neck,Long Sleeves,Casual,,Regular,0,0,1099,65,"""竄ｹ384.00""",INR,http://assets.myntassets.com/assets/images/productimage/2019/8/29/4f209fd1-e3c2-4c39-a29a-c23a50d87cab1567101666458-1.jpg,"http://assets.myntassets.com/assets/images/productimage/2019/8/29/4f209fd1-e3c2-4c39-a29a-c23a50d87cab1567101666458-1.jpg,http://assets.myntassets.com/assets/images/productimage/2019/8/29/0c0d4879-0189-40e2-b7da-3bee76480f001567101666475-2.jpg,http://assets.myntassets.com/assets/images/productimage/2019/8/29/98bcdf6e-2f5f-4a55-87a4-b4ce94c3714e1567101666496-3.jpg,http://assets.myntassets.com/assets/images/productimage/2019/8/29/d1a803de-dd64-4c4c-a7ed-4077625933dd1567101666513-4.jpg,http://assets.myntassets.com/assets/images/productimage/2019/8/29/e63a80eb-35e4-4a72-8dec-99ac2a3ca1ab1567101666531-5.jpg",
12987894.0,tshirts,Women,AMERICAN EAGLE OUTFITTERS,Women White & Yellow Printed Round Neck T-shirt,"White and Yellow printed T-shirt, has a round neck, and short sleeves",Cotton,Material: Cotton.   Machine Wash,Printed,Regular Fit,Round Neck,Short Sleeves,Casual,,Regular,4.4,5,1799,80,"""竄ｹ359.00""",INR,http://assets.myntassets.com/assets/images/productimage/2020/11/18/861029ae-dda3-4599-8db6-e69b9b896a9d1605639813575-1.jpg,"http://assets.myntassets.com/assets/images/productimage/2020/11/18/861029ae-dda3-4599-8db6-e69b9b896a9d1605639813575-1.jpg,http://assets.myntassets.com/assets/images/productimage/2020/11/18/b05a4602-df7f-484a-ab4e-6979950b19fb1605639813625-2.jpg,http://assets.myntassets.com/assets/images/productimage/2020/11/18/5e5055e1-b958-4a68-a830-d94052ea23c91605639813672-3.jpg,http://assets.myntassets.com/assets/images/productimage/2020/11/18/065cccd0-fa7f-46c3-9e59-2da53de6c7ba1605639813715-4.jpg,http://assets.myntassets.com/assets/images/productimage/2020/11/18/43f430cc-94fa-461e-bda4-c7c9a8a1d7ce1605639813760-5.jpg",
12953958.0,tshirts,Men,Allen Solly,Men Maroon Solid Polo Collar Pure Cotton T-shirt,"Maroon solid T-shirt, has a polo collar, and short sleeves",Pure Cotton,Material: 100% Cotton. Machine Wash,Solid,Regular Fit,Polo Collar,Short Sleeves,Casual,,Regular,4.4,409,999,40,"""竄ｹ599.00""",INR,http://assets.myntassets.com/assets/images/12953958/2022/4/14/bdc51fe1-f91d-4f42-b9f8-b09e565f904f1649913769750-Allen-Solly-Men-Maroon-Solid-Polo-Collar-Pure-Cotton-T-shirt-1.jpg,"http://assets.myntassets.com/assets/images/12953958/2022/4/14/bdc51fe1-f91d-4f42-b9f8-b09e565f904f1649913769750-Allen-Solly-Men-Maroon-Solid-Polo-Collar-Pure-Cotton-T-shirt-1.jpg,http://assets.myntassets.com/assets/images/12953958/2022/4/14/05c34e67-b8d6-42ce-bb14-39999f398ff31649913769735-Allen-Solly-Men-Maroon-Solid-Polo-Collar-Pure-Cotton-T-shirt-2.jpg,http://assets.myntassets.com/assets/images/12953958/2022/4/14/8b48f521-11e9-48b0-8fe8-626fd7c668291649913769721-Allen-Solly-Men-Maroon-Solid-Polo-Collar-Pure-Cotton-T-shirt-3.jpg,http://assets.myntassets.com/assets/images/12953958/2022/4/14/6aaeedb9-cf2a-4194-b260-5c1b3a0b183b1649913769708-Allen-Solly-Men-Maroon-Solid-Polo-Collar-Pure-Cotton-T-shirt-4.jpg,http://assets.myntassets.com/assets/images/12953958/2022/4/14/fc109a1a-3570-4234-ac22-2e28697770401649913769695-Allen-Solly-Men-Maroon-Solid-Polo-Collar-Pure-Cotton-T-shirt-5.jpg",
22629260.0,tshirts,Men,max,Striped Polo Collar Short Sleeves T-shirt,"Yellow & white t-shirt for menStriped  Regular lengthPolo collarShort, regular sleevesKnitted cotton fabric",Cotton,52% Cotton &amp; 48% Polyester. Machine Wash,Striped,Regular Fit,Polo Collar,Short Sleeves,Casual,Button,Regular,4.4,7,799,40,"""竄ｹ479.00""",INR,http://assets.myntassets.com/assets/images/22629260/2023/4/3/100b18bd-4daa-4210-b50b-bf73708c7f391680527802867MenStriperNumberSlimFitPolo1.jpg,"http://assets.myntassets.com/assets/images/22629260/2023/4/3/100b18bd-4daa-4210-b50b-bf73708c7f391680527802867MenStriperNumberSlimFitPolo1.jpg,http://assets.myntassets.com/assets/images/22629260/2023/4/3/5cd8e207-f9cd-4f23-9b53-f87bdb66da331680527802895MenStriperNumberSlimFitPolo2.jpg,http://assets.myntassets.com/assets/images/22629260/2023/4/3/93ce20f5-22f9-480f-80ad-b64e4de80efc1680527802906MenStriperNumberSlimFitPolo3.jpg,http://assets.myntassets.com/assets/images/22629260/2023/4/3/bca54496-e95d-4ffd-bbfe-aa8fe4905c3e1680527802919MenStriperNumberSlimFitPolo4.jpg,http://assets.myntassets.com/assets/images/22629260/2023/4/3/bb49d785-02c8-40bc-bfa3-f84bf49d77cd1680527802882MenStriperNumberSlimFitPolo5.jpg,http://assets.myntassets.com/assets/images/22629260/2023/4/3/f3c46315-658d-4fff-b354-4d0e0c100ff51680527802931MenStriperNumberSlimFitPolo6.jpg",
19291812.0,tshirts,Women,Mad Over Print,Women Black Love Wins Oversize T-shirt,"  Black Tshirt for women   Graphic printed   Regular length   Round neck   Three-quarter,  drop-shoulder sleeves   Knitted cotton fabric  ",Cotton,Cotton. Machine wash,Printed,Oversized,Round Neck,Three-Quarter Sleeves,Casual,,Regular,4.8,5,1599,58,"""竄ｹ671.00""",INR,http://assets.myntassets.com/assets/images/19291812/2022/7/29/727b4cdb-e7d3-4bb9-8658-29eaed5597571659040844823LoveWinsOversizeWomenT-shirt1.jpg,"http://assets.myntassets.com/assets/images/19291812/2022/7/29/727b4cdb-e7d3-4bb9-8658-29eaed5597571659040844823LoveWinsOversizeWomenT-shirt1.jpg,http://assets.myntassets.com/assets/images/19291812/2022/7/29/8f734ca3-84f8-4732-933d-bd20498290f91659040844800LoveWinsOversizeWomenT-shirt2.jpg,http://assets.myntassets.com/assets/images/19291812/2022/7/29/4a01062a-3c43-4ba4-a138-c93de682b1b11659040844831LoveWinsOversizeWomenT-shirt3.jpg,http://assets.myntassets.com/assets/images/19291812/2022/7/29/f4c89f2b-34ee-464e-8faa-17140da49c291659040844816LoveWinsOversizeWomenT-shirt4.jpg,http://assets.myntassets.com/assets/images/19291812/2022/7/29/6ea53ff1-b171-4b40-9b0a-286a42bb54ee1659040844808LoveWinsOversizeWomenT-shirt5.jpg",
19206288.0,tshirts,Men,FERANOID,Men Purple Henley Neck Bio Finish T-shirt,"  Purple Tshirt for men   Solid   Regular length   Henley neck   Long,  regular sleeves   Knitted cotton fabric   Button closure  ",Cotton,"Cotton Blend,. Hand wash",Solid,Regular Fit,Henley Neck,Long Sleeves,Casual,Button,Regular,4.2,21,1199,50,"""竄ｹ599.00""",INR,http://assets.myntassets.com/assets/images/19206288/2022/8/9/18fdd3bc-2e44-45d2-92da-6cef5d1a7e2c1660023127142-Feranoid-Mens-Purple-Cotton-Blend-Solid-Henley-T-Shirt-19216-1.jpg,"http://assets.myntassets.com/assets/images/19206288/2022/8/9/18fdd3bc-2e44-45d2-92da-6cef5d1a7e2c1660023127142-Feranoid-Mens-Purple-Cotton-Blend-Solid-Henley-T-Shirt-19216-1.jpg,http://assets.myntassets.com/assets/images/19206288/2022/8/9/a3a6bdce-938d-45f5-9203-92442689ce7e1660023127122-Feranoid-Mens-Purple-Cotton-Blend-Solid-Henley-T-Shirt-19216-2.jpg,http://assets.myntassets.com/assets/images/19206288/2022/8/9/14b338af-b03d-47ee-8928-e5feffae38691660023127099-Feranoid-Mens-Purple-Cotton-Blend-Solid-Henley-T-Shirt-19216-3.jpg,http://assets.myntassets.com/assets/images/19206288/2022/8/9/7010c3a0-00bc-4ece-af13-f813724d8a2c1660023127080-Feranoid-Mens-Purple-Cotton-Blend-Solid-Henley-T-Shirt-19216-4.jpg,http://assets.myntassets.com/assets/images/19206288/2022/8/9/82de28c3-ed5e-4d3f-af1e-89111b307d2d1660023127060-Feranoid-Mens-Purple-Cotton-Blend-Solid-Henley-T-Shirt-19216-5.jpg",
19264534.0,tshirts,Men,Flying Machine,Men Black & White Printed Pure Cotton Slim Fit T-shirt,"  Black and white Tshirt for men   Geometric printed   Regular length   Round neck   Short,  regular sleeves   Knitted cotton fabric  ",Cotton,"100% Cotton. Machine wash cold, wash dark colors separately",Printed,Slim Fit,Round Neck,Short Sleeves,Casual,,Regular,4,102,999,61,"""竄ｹ389.00""",INR,http://assets.myntassets.com/assets/images/19264534/2022/8/17/a24aa5d8-0c02-48c8-a161-2fb6493457531660735238651-Flying-Machine-Men-Black--White-Printed-Pure-Cotton-Slim-Fit-1.jpg,"http://assets.myntassets.com/assets/images/19264534/2022/8/17/a24aa5d8-0c02-48c8-a161-2fb6493457531660735238651-Flying-Machine-Men-Black--White-Printed-Pure-Cotton-Slim-Fit-1.jpg,http://assets.myntassets.com/assets/images/19264534/2022/8/17/8d28d1dc-1bf9-4126-ab13-6ab90f516f291660735238642-Flying-Machine-Men-Black--White-Printed-Pure-Cotton-Slim-Fit-2.jpg,http://assets.myntassets.com/assets/images/19264534/2022/8/17/34e35fac-e723-45c4-a8bf-afeeb960194a1660735238632-Flying-Machine-Men-Black--White-Printed-Pure-Cotton-Slim-Fit-3.jpg,http://assets.myntassets.com/assets/images/19264534/2022/8/17/69f2c3ed-c10e-469c-860c-c319db279a1d1660735238622-Flying-Machine-Men-Black--White-Printed-Pure-Cotton-Slim-Fit-4.jpg,http://assets.myntassets.com/assets/images/19264534/2022/8/17/d0358424-92ea-4197-aa4b-44f8a1d78cfa1660735238612-Flying-Machine-Men-Black--White-Printed-Pure-Cotton-Slim-Fit-5.jpg",
19264536.0,tshirts,Men,Flying Machine,Men Rust Orange Melange Pure Cotton Slim Fit T-shirt,"Rust Tshirt for menSolid with melange effectRegular lengthRound neckLong, regular sleevesKnitted pure cotton fabric",Pure Cotton,"100% Cotton. Machine wash cold, wash dark colors separately",Solid,Slim Fit,Round Neck,Long Sleeves,Casual,,Regular,3.8,60,1299,61,"""竄ｹ506.00""",INR,http://assets.myntassets.com/assets/images/19264536/2022/8/17/42b2fc30-ceeb-45dc-a310-9f58a7cd714f1660728187422-Flying-Machine-Men-Rust-Orange-Melange-Pure-Cotton-Slim-Fit--1.jpg,"http://assets.myntassets.com/assets/images/19264536/2022/8/17/42b2fc30-ceeb-45dc-a310-9f58a7cd714f1660728187422-Flying-Machine-Men-Rust-Orange-Melange-Pure-Cotton-Slim-Fit--1.jpg,http://assets.myntassets.com/assets/images/19264536/2022/8/17/8df86fbc-6d4c-4204-a794-25d9cb8bffd01660728187412-Flying-Machine-Men-Rust-Orange-Melange-Pure-Cotton-Slim-Fit--2.jpg,http://assets.myntassets.com/assets/images/19264536/2022/8/17/81919ff3-0b88-4d9b-a016-b2779fa979f51660728187403-Flying-Machine-Men-Rust-Orange-Melange-Pure-Cotton-Slim-Fit--3.jpg,http://assets.myntassets.com/assets/images/19264536/2022/8/17/48d1e97b-99e1-4b04-8697-314aa41bd4c61660728187392-Flying-Machine-Men-Rust-Orange-Melange-Pure-Cotton-Slim-Fit--4.jpg,http://assets.myntassets.com/assets/images/19264536/2022/8/17/adc4c127-e384-48bb-b39f-56388a54253f1660728187381-Flying-Machine-Men-Rust-Orange-Melange-Pure-Cotton-Slim-Fit--5.jpg",
18299664.0,flats,Women,Bata,Women Black Open Toe Flats,A pair of black open toe flats  Upper Material: pu  Cushioned footbed  Textured and patterned outsole ,,Wipe with clean and dry cloth to remove dust,Solid,,,,Casual,,,3.8,75,1199,20,"""竄ｹ959.00""",INR,http://assets.myntassets.com/assets/images/18299664/2022/5/17/624fe05b-dccf-487c-8dab-eb0ef048b6f61652781979372BataWomenBlackOpenToeFlats1.jpg,"http://assets.myntassets.com/assets/images/18299664/2022/5/17/624fe05b-dccf-487c-8dab-eb0ef048b6f61652781979372BataWomenBlackOpenToeFlats1.jpg,http://assets.myntassets.com/assets/images/18299664/2022/5/17/196b41a9-02c6-4361-a11d-f2d32b1f177a1652781979351BataWomenBlackOpenToeFlats2.jpg,http://assets.myntassets.com/assets/images/18299664/2022/5/17/249002d9-bdd4-48eb-95ca-333e29afcfd91652781979361BataWomenBlackOpenToeFlats3.jpg,http://assets.myntassets.com/assets/images/18299664/2022/5/17/cf003478-0e45-4306-963d-da97ce68cc7d1652781979337BataWomenBlackOpenToeFlats4.jpg",
19974396.0,flats,Women,FORVELA,Women Black Open Toe Flats,A pair of black open toe flats  Upper Material: synthetic  Cushioned footbed  Textured and patterned outsole ,,Wipe with dry cloth to remove dust.,Solid,,,,Casual,,,3.9,46,999,55,"""竄ｹ449.00""",INR,http://assets.myntassets.com/assets/images/19974396/2022/9/16/4d559f07-c211-45ce-8158-b02e7abe0c661663274315657FORVELAWomenBlackOpenToeFlats1.jpg,"http://assets.myntassets.com/assets/images/19974396/2022/9/16/4d559f07-c211-45ce-8158-b02e7abe0c661663274315657FORVELAWomenBlackOpenToeFlats1.jpg,http://assets.myntassets.com/assets/images/19974396/2022/9/16/f9aa7660-961d-4c95-aa7d-aa4f25bebf581663274315669FORVELAWomenBlackOpenToeFlats2.jpg,http://assets.myntassets.com/assets/images/19974396/2022/9/16/df8d8e51-f8e8-4326-b691-b206e883dfd31663274315681FORVELAWomenBlackOpenToeFlats3.jpg,http://assets.myntassets.com/assets/images/19974396/2022/9/16/78aa940f-6a41-4fc6-ac72-b2a2445f793d1663274315693FORVELAWomenBlackOpenToeFlats4.jpg,http://assets.myntassets.com/assets/images/19974396/2022/9/16/707b9110-7bde-4806-80a4-1abb942304ae1663274315702FORVELAWomenBlackOpenToeFlats5.jpg",
16704788.0,flats,Unisex,Birkenstock,Unisex Regular Width Glamour Gold Gizeh Essentials Slide Sandals,"The Gizeh - a modern thong sandal from BIRKENSTOCK. This version made from ultra light and highly flexible EVA. These sandals are shock absorbing, waterproof, and skin-friendly. Wear them at the beach, in the garden, or around the gym and after workouts. It's the perfect addition to your classic BIRKENSTOCK sandals.A pair of t-strap flatsUpper Material: syntheticCushioned footbedTextured and patterned outsoleCollection name: Gizeh EssentialsWidth: Regular",,"Synthetic. - Depending on the degree of soiling, wipe with a dry or damp lint-free cloth.. -&nbsp;No shoe polish is necessary.",Solid,,,,Casual,,,4.5,12,4990,,"""竄ｹ4,990.00""",INR,http://assets.myntassets.com/assets/images/16704788/2022/6/12/427e892b-57b5-4ce6-83a6-950940f60d4e1655007085664BirkenstockUnisexGlamourGoldGizehEssentialsSlideSandals1.jpg,"http://assets.myntassets.com/assets/images/16704788/2022/6/12/427e892b-57b5-4ce6-83a6-950940f60d4e1655007085664BirkenstockUnisexGlamourGoldGizehEssentialsSlideSandals1.jpg,http://assets.myntassets.com/assets/images/16704788/2022/6/12/4b9a640c-32f4-42e0-a8fc-d692fd7221ff1655007085673BirkenstockUnisexGlamourGoldGizehEssentialsSlideSandals2.jpg,http://assets.myntassets.com/assets/images/16704788/2022/6/12/02715534-ce5b-4739-a765-dcf7d9e0fa6a1655007085681BirkenstockUnisexGlamourGoldGizehEssentialsSlideSandals3.jpg,http://assets.myntassets.com/assets/images/16704788/2022/6/12/741a2a48-8306-4364-8bf8-3e40f002221b1655007085690BirkenstockUnisexGlamourGoldGizehEssentialsSlideSandals4.jpg,http://assets.myntassets.com/assets/images/16704788/2022/6/12/d2c132de-2deb-4576-87e3-7f6475c3b51e1655007085700BirkenstockUnisexGlamourGoldGizehEssentialsSlideSandals5.jpg,http://assets.myntassets.com/assets/images/16704788/2022/6/12/533dacdc-7794-4b05-bdee-f1cb07e6323f1655007085708BirkenstockUnisexGlamourGoldGizehEssentialsSlideSandals6.jpg",
21888172.0,flats,Women,Brauch,Embellished Pointed Toe Ballerinas,A pair of olive green embellished ballerinasUpper Material: syntheticCushioned footbedTextured and patterned outsoleWarranty: 1 monthWarranty provided by brand owner/manufacturer,,Synthetic. Wipe with a clean and dry cloth to remove dust,Solid,,,,Casual,,,4,10,1499,60,"""竄ｹ599.00""",INR,http://assets.myntassets.com/assets/images/21888172/2023/6/20/0f4b4228-ac75-4350-8e26-3a0e738b25a41687238166980-Brauch-Embellished-Pointed-Toe-Ballerinas-3061687238166910-11.jpg,"http://assets.myntassets.com/assets/images/21888172/2023/6/20/0f4b4228-ac75-4350-8e26-3a0e738b25a41687238166980-Brauch-Embellished-Pointed-Toe-Ballerinas-3061687238166910-11.jpg,http://assets.myntassets.com/assets/images/21888172/2023/2/8/d6ccd2c7-c98a-4af7-9f62-425a46cac45f1675845018694BrauchWomenOliveGreenBallerinaswithBowsFlats2.jpg,http://assets.myntassets.com/assets/images/21888172/2023/2/8/7a43e123-2cfd-4730-812e-6f45bd64f3091675845018721BrauchWomenOliveGreenBallerinaswithBowsFlats3.jpg,http://assets.myntassets.com/assets/images/21888172/2023/2/8/b04470c4-81f8-4dcb-9c0f-a09931575cf41675845018735BrauchWomenOliveGreenBallerinaswithBowsFlats4.jpg,http://assets.myntassets.com/assets/images/21888172/2023/2/8/9252f064-49e2-4ecd-8cf4-8651fa84798c1675845018774BrauchWomenOliveGreenBallerinaswithBowsFlats5.jpg,http://assets.myntassets.com/assets/images/21888172/2023/2/8/63f75f87-20c1-4ee3-acae-46cab2accb031675845018757BrauchWomenOliveGreenBallerinaswithBowsFlats6.jpg,http://assets.myntassets.com/assets/images/21888172/2023/2/8/d09cf5c8-cb7c-4b23-8444-5997a08d492d1675845018791BrauchWomenOliveGreenBallerinaswithBowsFlats7.jpg,http://assets.myntassets.com/assets/images/21888172/2023/2/8/99305711-7333-4910-97ec-a2f18b0482971675845018711BrauchWomenOliveGreenBallerinaswithBowsFlats1.jpg",
21735080.0,flats,Women,Birkenstock,Women Gizeh Regular Width T-Strap Flats,"Product Story:The BIRKENSTOCK Gizeh is a genuine classic that combines optimum grip with minimalist, fashionable design.This sandal was reinterpreted in an extravagant electric metallic look.The reflective film makes this classic model dazzle and is sure to make any outfit turn heads.The upper is made from the skin-friendly, hard-wearing synthetic material Birko-FloraFeatures:Skin-friendly Birko-FlorAnatomically shaped cork-latex footbedProduct design details:       A pair of t-strap flats,has regular stylingAnatomically shaped cork-latex footbedUpper: Birko-FloraFootbed lining: suedeSole: EVADetails: thong with an individually adjustable metal tongue buckleMade in Germany",,Synthetic&nbsp;. Wipe with clean and dry cloth to remove dust,Solid,,,,Casual,,,4.5,11,6990,,"""竄ｹ6,990.00""",INR,http://assets.myntassets.com/assets/images/21735080/2023/1/28/fa72dfe6-b27f-4445-af8e-4454d35c2f421674905006635BirkenstockGizehCopperRegularWidthWomenThongsandals2.jpg,"http://assets.myntassets.com/assets/images/21735080/2023/1/28/fa72dfe6-b27f-4445-af8e-4454d35c2f421674905006635BirkenstockGizehCopperRegularWidthWomenThongsandals2.jpg,http://assets.myntassets.com/assets/images/21735080/2023/1/28/fa4f176b-609c-48db-87b5-9193dd80b17b1674905006605BirkenstockGizehCopperRegularWidthWomenThongsandals3.jpg,http://assets.myntassets.com/assets/images/21735080/2023/1/28/af25ece8-9118-4710-8ea5-f9b960e4a4541674905006660BirkenstockGizehCopperRegularWidthWomenThongsandals4.jpg,http://assets.myntassets.com/assets/images/21735080/2023/1/28/2a288369-2e58-4346-8b22-52d1eeb4fcd61674905006647BirkenstockGizehCopperRegularWidthWomenThongsandals1.jpg,http://assets.myntassets.com/assets/images/21735080/2023/1/28/2431df5f-9ce9-4224-8309-b49e8dfa77f51674905006673BirkenstockGizehCopperRegularWidthWomenThongsandals5.jpg,http://assets.myntassets.com/assets/images/21735080/2023/1/28/18ae9414-536f-416c-93cd-6921f864576b1674905006622BirkenstockGizehCopperRegularWidthWomenThongsandals6.jpg",
21735014.0,flats,Women,Birkenstock,Women Madrid Big Buckle Narrow Width Nubuck Leather Open Toe Flats,"Product Story:The BIRKENSTOCK Madrid is a veritable classic that delights the world of fashion with its minimalist design.The Big Buckle version features a large, elegant pin buckle a fantastic, striking eye-catcher on this otherwise understated sandal.The upper is made from high-quality nubuck leather that boasts a natural, rustic appearance.Product design details:A pair of open toe flats,has regular stylingAnatomically shaped cork-latex footbedUpper: nubuck leatherFootbed lining: suedeSole: EVADetails: one strap with an individually adjustable metal pin buckleMade in GermanyFeatures:Large, elegant pin buckleHigh-quality nubuck leatherAnatomically shaped cork-latex footbed",,Nubuck Leather. Use a branded Leather conditioner to clean the product. ,Solid,,,,Casual,,,4.8,5,9490,,"""竄ｹ9,490.00""",INR,http://assets.myntassets.com/assets/images/21735014/2023/1/28/a174bb4f-fd84-4d66-a33b-38fdb11261651674898842309BirkenstockMadridBigBuckleBlackNarrowWidthWomenOne-strapsand2.jpg,"http://assets.myntassets.com/assets/images/21735014/2023/1/28/a174bb4f-fd84-4d66-a33b-38fdb11261651674898842309BirkenstockMadridBigBuckleBlackNarrowWidthWomenOne-strapsand2.jpg,http://assets.myntassets.com/assets/images/21735014/2023/1/28/95814017-ebc3-4699-8bea-6852f734dbc81674898842321BirkenstockMadridBigBuckleBlackNarrowWidthWomenOne-strapsand1.jpg,http://assets.myntassets.com/assets/images/21735014/2023/1/28/57a1c8d6-5fbf-4a50-a523-dfb10988628f1674898842278BirkenstockMadridBigBuckleBlackNarrowWidthWomenOne-strapsand3.jpg,http://assets.myntassets.com/assets/images/21735014/2023/1/28/48847aa8-3950-4edc-b633-dddd0b60fb1a1674898842335BirkenstockMadridBigBuckleBlackNarrowWidthWomenOne-strapsand4.jpg,http://assets.myntassets.com/assets/images/21735014/2023/1/28/65f19e83-9f19-4719-8dbd-c36901adb05c1674898842348BirkenstockMadridBigBuckleBlackNarrowWidthWomenOne-strapsand5.jpg,http://assets.myntassets.com/assets/images/21735014/2023/1/28/400c535e-d160-414b-8989-0dec7260c44c1674898842294BirkenstockMadridBigBuckleBlackNarrowWidthWomenOne-strapsand6.jpg",
21928414.0,flats,Women,Clarks,Open Toe T-Strap Flats,"A pair of olive green & white t-strap flats,open toe flats,has regular ankle and open backSynthetic solid upper Cushioned footbedTextured and patterned outsoleWarranty: 15 daysWarranty provided by brand/manufacturer",,Synthetic. Wipe with a clean and dry cloth to remove dust,Solid,,,,Casual,,,4,11,3499,,"""竄ｹ3,499.00""",INR,http://assets.myntassets.com/assets/images/21928414/2023/2/10/3e2c1731-5a80-4e93-9648-8ece40cd88961676044432413BrinkleyCoralOliveInterest1.jpg,"http://assets.myntassets.com/assets/images/21928414/2023/2/10/3e2c1731-5a80-4e93-9648-8ece40cd88961676044432413BrinkleyCoralOliveInterest1.jpg,http://assets.myntassets.com/assets/images/21928414/2023/2/10/8735349b-a1da-427d-8cae-d3fd892ab4861676044432343BrinkleyCoralOliveInterest2.jpg,http://assets.myntassets.com/assets/images/21928414/2023/2/10/bd10c3d9-627a-48c5-a937-7c878986d3141676044432396BrinkleyCoralOliveInterest3.jpg,http://assets.myntassets.com/assets/images/21928414/2023/2/10/5bf65a29-4dc1-40e2-b242-7c643c161bc61676044432377BrinkleyCoralOliveInterest4.jpg,http://assets.myntassets.com/assets/images/21928414/2023/2/10/906d46d5-bd28-419e-885c-f3b3b1b6c1311676044432429BrinkleyCoralOliveInterest5.jpg,http://assets.myntassets.com/assets/images/21928414/2023/2/10/05d5cd07-d14c-4c14-8675-a84792790cff1676044432361BrinkleyCoralOliveInterest6.jpg",
21866528.0,flats,Women,SAPATOS,Women Solid Open Toe Flats,A pair of black open toe flatsUpper Material: syntheticCushioned footbedTextured and patterned outsoleWarranty: 7 daysWarranty provided by brand owner/manufacturer,,Synthetic. Wipe with a clean and dry cloth to remove dust,,,,,,,,0,0,999,40,"""竄ｹ599.00""",INR,http://assets.myntassets.com/assets/images/21866528/2023/2/6/cec378d5-6aef-4ec2-9147-186f71fadd6c1675690873424Flats1.jpg,"http://assets.myntassets.com/assets/images/21866528/2023/2/6/cec378d5-6aef-4ec2-9147-186f71fadd6c1675690873424Flats1.jpg,http://assets.myntassets.com/assets/images/21866528/2023/2/6/9b6aca80-3456-4d1d-b9f6-c5a3fbb38c3e1675690873411Flats2.jpg,http://assets.myntassets.com/assets/images/21866528/2023/2/6/91154847-0b6e-464f-bf9d-41e6e70212351675690873450Flats3.jpg,http://assets.myntassets.com/assets/images/21866528/2023/2/6/f65c04df-3e40-4cb3-9108-b0df41a517791675690873437Flats4.jpg,http://assets.myntassets.com/assets/images/21866528/2023/2/6/286ea3db-c5a9-4822-bcd3-27748a1b4d781675690873473Flats5.jpg,http://assets.myntassets.com/assets/images/21866528/2023/2/6/dff7ecb8-e366-4850-9cdc-ad7ba7a0d2081675690873461Flats6.jpg",
18638536.0,flats,Women,CODE by Lifestyle,Women White Embellished Mules Flats,A pair of white mules  Upper Material: synthetic  Cushioned footbed  Textured and patterned outsole ,,Material :Synthetic. Wipe with a clean or dry cloth to remove dirt or dust. ,Embellished,,,,Casual,,,4,20,1499,50,"""竄ｹ1,499.00""",INR,http://assets.myntassets.com/assets/images/18638536/2022/6/7/6dcb9165-5452-40f1-8b8f-b44d592bb5f21654600422041CODEbyLifestyleWomenWhiteMuleswithBowsFlats1.jpg,"http://assets.myntassets.com/assets/images/18638536/2022/6/7/6dcb9165-5452-40f1-8b8f-b44d592bb5f21654600422041CODEbyLifestyleWomenWhiteMuleswithBowsFlats1.jpg,http://assets.myntassets.com/assets/images/18638536/2022/6/7/9b4fb27b-f20a-4e9b-bb55-6fa4ac6a09571654600422024CODEbyLifestyleWomenWhiteMuleswithBowsFlats2.jpg,http://assets.myntassets.com/assets/images/18638536/2022/6/7/a2b25dc8-a0ad-45a6-88d4-087e6c0e0c881654600422057CODEbyLifestyleWomenWhiteMuleswithBowsFlats3.jpg,http://assets.myntassets.com/assets/images/18638536/2022/6/7/e1732a34-0b6f-4543-9d19-c47392f61e071654600422064CODEbyLifestyleWomenWhiteMuleswithBowsFlats4.jpg,http://assets.myntassets.com/assets/images/18638536/2022/6/7/9b96f991-076f-4021-8026-7879d9d2028f1654600422034CODEbyLifestyleWomenWhiteMuleswithBowsFlats5.jpg,http://assets.myntassets.com/assets/images/18638536/2022/6/7/129343c9-e243-4a14-b83b-d425f3b802011654600422050CODEbyLifestyleWomenWhiteMuleswithBowsFlats6.jpg",
13596626.0,flats,Women,Anouk,Women Gold-Toned & Beige Embellished One Toe Flats,"A pair of gold-toned and beige embellished one toe flats, has regular styling, no backstarp detailUpper Material: syntheticCushioned footbedTextured and patterned outsoleWarranty: 1 monthWarranty provide by Brand Owner/Manufacturer",,"Upper material: Synthetic. Sole Material: TPR. Wipe with a clean, dry cloth to remove the dust",Embellished,,,,Ethnic,,,4.3,44,2299,,"""竄ｹ2,299.00""",INR,http://assets.myntassets.com/assets/images/13596626/2021/8/18/187b118a-f0b2-4318-a98b-a433769f305b1629265650899-Anouk-Women-Flats-7981629265650536-1.jpg,"http://assets.myntassets.com/assets/images/13596626/2021/8/18/187b118a-f0b2-4318-a98b-a433769f305b1629265650899-Anouk-Women-Flats-7981629265650536-1.jpg,http://assets.myntassets.com/assets/images/13596626/2021/8/18/cf08b62c-a4b2-4090-81ce-debf90d7818c1629265650891-Anouk-Women-Flats-7981629265650536-2.jpg,http://assets.myntassets.com/assets/images/13596626/2021/8/18/6e914551-8349-4763-ab3a-4292c0009ac11629265650883-Anouk-Women-Flats-7981629265650536-3.jpg,http://assets.myntassets.com/assets/images/13596626/2021/8/18/2e156ae4-ebdc-4416-8688-ebc0add7d82e1629265650875-Anouk-Women-Flats-7981629265650536-4.jpg,http://assets.myntassets.com/assets/images/13596626/2021/8/18/f6511a4c-fd2a-4384-bcf2-b60904cf98d61629265650867-Anouk-Women-Flats-7981629265650536-5.jpg",
13533588.0,flats,Women,Padvesh,Women Pink Textured Ballerinas,detailSynthetic upperCushioned footbedTextured and patterned outsole,,"Synthetic. Wipe with a clean, dry cloth to remove dust",Textured,,,,Casual,,,3.9,30,899,45,"""竄ｹ899.00""",INR,http://assets.myntassets.com/assets/images/productimage/2021/1/27/61c530a2-9b13-4090-888c-e9b1f777f0111611753181670-1.jpg,"http://assets.myntassets.com/assets/images/productimage/2021/1/27/61c530a2-9b13-4090-888c-e9b1f777f0111611753181670-1.jpg,http://assets.myntassets.com/assets/images/productimage/2021/1/27/372a9449-df97-46c4-8a55-7d40bd8a73241611753181685-2.jpg,http://assets.myntassets.com/assets/images/productimage/2021/1/27/1266e012-e8fb-4eb9-91cf-e323f6f2aa521611753181704-3.jpg,http://assets.myntassets.com/assets/images/productimage/2021/1/27/54be4412-0544-4739-ba41-1d76d665e2941611753181723-4.jpg,http://assets.myntassets.com/assets/images/productimage/2021/1/27/23e423e0-e24d-4dbe-96f0-1840b4b5c85f1611753181742-5.jpg",
22413952.0,flats,Women,Styli,Women Embellished Open Toe Flats,A pair of white & gold open toe flats Pu upperCushioned footbedPatterned rubber outsole,,"Upper material: PU. Outsole material: Rubber. Wipe with a clean, dry cloth to remove dust",Embellished,,,,Casual,,,0,0,1599,51,"""竄ｹ783.00""",INR,http://assets.myntassets.com/assets/images/22413952/2023/3/18/e5cafc29-158e-4b28-a0bc-1a4c3450cf2a1679115817531MetalTrimAccentFlatSandals1.jpg,"http://assets.myntassets.com/assets/images/22413952/2023/3/18/e5cafc29-158e-4b28-a0bc-1a4c3450cf2a1679115817531MetalTrimAccentFlatSandals1.jpg,http://assets.myntassets.com/assets/images/22413952/2023/3/18/0b600cdf-de53-408b-a7eb-dd30b80b2df61679115817501MetalTrimAccentFlatSandals2.jpg,http://assets.myntassets.com/assets/images/22413952/2023/3/18/2bbf2359-0f63-497f-b35e-46078980b1a21679115817512MetalTrimAccentFlatSandals3.jpg,http://assets.myntassets.com/assets/images/22413952/2023/3/18/68bedb33-038e-4c30-8902-7180a171e3971679115817551MetalTrimAccentFlatSandals4.jpg,http://assets.myntassets.com/assets/images/22413952/2023/3/18/501a5cc1-6b97-4364-858b-9efd159092c61679115817541MetalTrimAccentFlatSandals5.jpg,http://assets.myntassets.com/assets/images/22413952/2023/3/18/92bf706a-c3a2-428f-9f79-39473c18a6a41679115817522MetalTrimAccentFlatSandals6.jpg",
21205620.0,flip-flops,Women,Tommy Hilfiger,Women Printed Thong Flip-Flops,A pair of off white printed thong flip-flops  Plastic upper  Cushioned footbed  Patterned eva outsole ,,Plastic. Wipe with a clean dry cloth,Printed,,,,Casual,,,4.3,8,2599,30,"""竄ｹ1,559.00""",INR,http://assets.myntassets.com/assets/images/21205620/2022/12/23/08a54df5-1392-48cd-97b5-104859e83ebf1671787500700-Tommy-Hilfiger-Women-Flip-Flops-5351671787500393-1.jpg,"http://assets.myntassets.com/assets/images/21205620/2022/12/23/08a54df5-1392-48cd-97b5-104859e83ebf1671787500700-Tommy-Hilfiger-Women-Flip-Flops-5351671787500393-1.jpg,http://assets.myntassets.com/assets/images/21205620/2022/12/23/9ac12316-153e-488d-9658-f78c9d3cdd471671787500689-Tommy-Hilfiger-Women-Flip-Flops-5351671787500393-2.jpg,http://assets.myntassets.com/assets/images/21205620/2022/12/23/08b8aed1-2d06-49b1-88cd-eb278f7e76171671787500678-Tommy-Hilfiger-Women-Flip-Flops-5351671787500393-3.jpg,http://assets.myntassets.com/assets/images/21205620/2022/12/23/9c9f84fa-c4e2-47fe-b817-d666263442741671787500664-Tommy-Hilfiger-Women-Flip-Flops-5351671787500393-4.jpg,http://assets.myntassets.com/assets/images/21205620/2022/12/23/7984fe76-a005-42f0-b544-4815ced4cfb71671787500652-Tommy-Hilfiger-Women-Flip-Flops-5351671787500393-5.jpg,http://assets.myntassets.com/assets/images/21205620/2022/12/23/749ac0fd-9ecb-4945-8d0e-c9f2361d732a1671787500637-Tommy-Hilfiger-Women-Flip-Flops-5351671787500393-6.jpg",
21497394.0,flip-flops,Unisex,Puma,Unisex Mia V2 Printed Thong Flip-Flops,Features:A pair of beige and green printed thong flip-flopsSynthetic upperCushioned footbedPatterned rubber outsoleWarranty: 3 monthsWarranty provided by brand owner/manufacturer,,Synthetic. Wipe with a clean dry cloth to remove dust,Printed,,,,Casual,,,4.1,52,999,50,"""竄ｹ499.00""",INR,http://assets.myntassets.com/assets/images/21497394/2023/1/24/4c0dea6a-fb1e-41c1-9cea-43bcf60241941674548169284-Puma-Mia-V2-Womens-Slippers-1881674548168945-1.jpg,"http://assets.myntassets.com/assets/images/21497394/2023/1/24/4c0dea6a-fb1e-41c1-9cea-43bcf60241941674548169284-Puma-Mia-V2-Womens-Slippers-1881674548168945-1.jpg,http://assets.myntassets.com/assets/images/21497394/2023/1/24/05c1179b-310b-46eb-b8bf-db36dd8115281674548169274-Puma-Mia-V2-Womens-Slippers-1881674548168945-2.jpg,http://assets.myntassets.com/assets/images/21497394/2023/1/24/889456bb-9c4a-42d0-a27f-78293eef85de1674548169260-Puma-Mia-V2-Womens-Slippers-1881674548168945-3.jpg,http://assets.myntassets.com/assets/images/21497394/2023/1/24/5e6c6849-32e6-45b9-8c8d-8f5eff392c0f1674548169248-Puma-Mia-V2-Womens-Slippers-1881674548168945-4.jpg,http://assets.myntassets.com/assets/images/21497394/2023/1/24/9fc4e8f4-6a36-4359-bf97-b978c6ddc21d1674548169236-Puma-Mia-V2-Womens-Slippers-1881674548168945-5.jpg,http://assets.myntassets.com/assets/images/21497394/2023/1/24/34511676-f944-4b35-9fe1-eac9fca6ae1d1674548169223-Puma-Mia-V2-Womens-Slippers-1881674548168945-6.jpg",
18489598.0,flip-flops,Men,Campus,Men Black & Red Striped Rubber Thong Flip-Flops,A pair of black and red striped thong flip-flops  Rubber upper  Cushioned footbed  Patterned eva outsole  Warranty: 1 month  Warranty provided by brand owner/manufacturer,,"Wipe with a clean, dry cloth to remove the dust",Striped,,,,Casual,,,3.1,9,449,20,"""竄ｹ359.00""",INR,http://assets.myntassets.com/assets/images/18489598/2022/5/28/d60c6e68-8de9-49b5-81c7-a43abe619dfb1653724983853CampusMenBlackRedStripedRubberThongFlip-Flops1.jpg,"http://assets.myntassets.com/assets/images/18489598/2022/5/28/d60c6e68-8de9-49b5-81c7-a43abe619dfb1653724983853CampusMenBlackRedStripedRubberThongFlip-Flops1.jpg,http://assets.myntassets.com/assets/images/18489598/2022/5/28/8bc57dc6-2bbd-4a25-8080-17d01768c25f1653724983846CampusMenBlackRedStripedRubberThongFlip-Flops2.jpg,http://assets.myntassets.com/assets/images/18489598/2022/5/28/a5baa9df-1b5b-427a-a216-13694f4f55431653724983832CampusMenBlackRedStripedRubberThongFlip-Flops3.jpg,http://assets.myntassets.com/assets/images/18489598/2022/5/28/f05414d7-6149-4b30-a623-60cbe271cca31653724983823CampusMenBlackRedStripedRubberThongFlip-Flops4.jpg,http://assets.myntassets.com/assets/images/18489598/2022/5/28/26c270ec-b264-4517-ac23-790a683594331653724983839CampusMenBlackRedStripedRubberThongFlip-Flops5.jpg",
18521180.0,flip-flops,Women,Reebok,Women White & Purple Cuba Flip Thong Flip-Flops,A pair of white and purple solid thong flip-flops  Synthetic upper  Cushioned footbed  Patterned eva outsole  Warranty: 3 months  Warranty provided by brand owner/manufacturer,,Synthetic. Wipe with a clean and dry cloth when needed,Solid,,,,Casual,,,4.5,75,1999,50,"""竄ｹ999.00""",INR,http://assets.myntassets.com/assets/images/18521180/2022/7/25/e625c53b-fdc7-4087-9813-d73b84659ec81658743761322-Reebok-Women-Flip-Flops-8181658743761021-1.jpg,"http://assets.myntassets.com/assets/images/18521180/2022/7/25/e625c53b-fdc7-4087-9813-d73b84659ec81658743761322-Reebok-Women-Flip-Flops-8181658743761021-1.jpg,http://assets.myntassets.com/assets/images/18521180/2022/7/25/f542c7a8-cd98-49f4-bee3-b6b65aa6c54a1658743761314-Reebok-Women-Flip-Flops-8181658743761021-2.jpg,http://assets.myntassets.com/assets/images/18521180/2022/7/25/fb5bdb53-6f5c-4b81-874d-73732294180b1658743761305-Reebok-Women-Flip-Flops-8181658743761021-3.jpg,http://assets.myntassets.com/assets/images/18521180/2022/7/25/d8a3230b-cd78-4f6a-96c8-44cb7b887ec01658743761295-Reebok-Women-Flip-Flops-8181658743761021-4.jpg,http://assets.myntassets.com/assets/images/18521180/2022/7/25/46a62da4-db9b-4001-87f8-bd08ac254d9e1658743761286-Reebok-Women-Flip-Flops-8181658743761021-5.jpg,http://assets.myntassets.com/assets/images/18521180/2022/7/25/58364909-63c0-48cc-8f57-1a428f260b511658743761277-Reebok-Women-Flip-Flops-8181658743761021-6.jpg",
18504724.0,flip-flops,Men,Bata,Men Black & White Sliders,A pair of black and white solid sliders  Fabric upper  Cushioned footbed  Patterned pvc outsole ,,Wipe with clean and dry cloth to remove dust,Solid,,,,Casual,,,3.5,48,999,55,"""竄ｹ449.00""",INR,http://assets.myntassets.com/assets/images/18504724/2022/5/30/c33d8062-bfe9-4bfb-9ccf-04d38f69d8b01653901638596BataMenBlackWhiteSliders1.jpg,"http://assets.myntassets.com/assets/images/18504724/2022/5/30/c33d8062-bfe9-4bfb-9ccf-04d38f69d8b01653901638596BataMenBlackWhiteSliders1.jpg,http://assets.myntassets.com/assets/images/18504724/2022/5/30/8e89195a-b257-4ff8-bc40-0e7eef6063a41653901638603BataMenBlackWhiteSliders2.jpg,http://assets.myntassets.com/assets/images/18504724/2022/5/30/3d750444-fdc4-4ce6-9470-ed63c2f962a51653901638572BataMenBlackWhiteSliders3.jpg,http://assets.myntassets.com/assets/images/18504724/2022/5/30/70a4ed5b-3077-425a-aef8-49a5e94664991653901638581BataMenBlackWhiteSliders4.jpg,http://assets.myntassets.com/assets/images/18504724/2022/5/30/dfa2c4e8-d043-4c2c-a6e4-05c42f8231e11653901638589BataMenBlackWhiteSliders5.jpg",
20124616.0,flip-flops,Men,Duke,Men Printed Thong Flip-Flops,A pair of printed thong flip-flopsSynthetic upperCushioned footbedPatterned eva outsoleWarranty: 1 monthWarranty provided by brand owner/manufacturer,,Synthetic. Wipe with a cloth to remove dust,Printed,,,,Casual,,,4.3,20,399,35,"""竄ｹ259.00""",INR,http://assets.myntassets.com/assets/images/20124616/2022/9/22/f3575db6-30b5-443c-83ac-569674a7b5721663837966057DukeMenNavyBlueBlackPrintedThongFlip-Flops1.jpg,"http://assets.myntassets.com/assets/images/20124616/2022/9/22/f3575db6-30b5-443c-83ac-569674a7b5721663837966057DukeMenNavyBlueBlackPrintedThongFlip-Flops1.jpg,http://assets.myntassets.com/assets/images/20124616/2022/9/22/21c0bb0f-af47-45b0-b956-f4a480b48a891663837966033DukeMenNavyBlueBlackPrintedThongFlip-Flops2.jpg,http://assets.myntassets.com/assets/images/20124616/2022/9/22/4738fbf4-6b4a-4cc0-a33d-357f7dea25351663837966041DukeMenNavyBlueBlackPrintedThongFlip-Flops3.jpg,http://assets.myntassets.com/assets/images/20124616/2022/9/22/3882d935-86a5-47e3-95d3-96acc5f571841663837966049DukeMenNavyBlueBlackPrintedThongFlip-Flops4.jpg,http://assets.myntassets.com/assets/images/20124616/2022/9/22/d9c18620-c49c-4636-9a10-65e175af03471663837966074DukeMenNavyBlueBlackPrintedThongFlip-Flops5.jpg,http://assets.myntassets.com/assets/images/20124616/2022/9/22/d653eb4f-067d-42ed-a4f2-955ef4c0afa31663837966064DukeMenNavyBlueBlackPrintedThongFlip-Flops6.jpg",
19790160.0,flip-flops,Girls,toothless,Girls Pink & Green Printed Rubber Thong Flip-Flops,A pair of pink and green printed thong flip-flops  Rubber upper  Cushioned footbed  Patterned eva outsole  Warranty: 15 days  Warranty provided by brand owner/manufacturer,,"Wipe with a clean, dry cloth to remove the dust",Printed,,,,Casual,,,4.1,15,499,60,"""竄ｹ199.00""",INR,http://assets.myntassets.com/assets/images/19790160/2022/9/3/2db75fb0-fbe3-46bf-a4bc-c3458c67fea61662224396917toothlessGirlsPinkGreenPrintedRubberThongFlip-Flops1.jpg,"http://assets.myntassets.com/assets/images/19790160/2022/9/3/2db75fb0-fbe3-46bf-a4bc-c3458c67fea61662224396917toothlessGirlsPinkGreenPrintedRubberThongFlip-Flops1.jpg,http://assets.myntassets.com/assets/images/19790160/2022/9/3/9295c599-316f-43d7-a4c5-0959d9a02feb1662224396906toothlessGirlsPinkGreenPrintedRubberThongFlip-Flops2.jpg,http://assets.myntassets.com/assets/images/19790160/2022/9/3/da7c34f7-b776-40b6-8856-3c347e3ba41b1662224396960toothlessGirlsPinkGreenPrintedRubberThongFlip-Flops3.jpg,http://assets.myntassets.com/assets/images/19790160/2022/9/3/73adc6aa-d458-4a2f-bf9d-1a8c0ed01ffb1662224396947toothlessGirlsPinkGreenPrintedRubberThongFlip-Flops4.jpg,http://assets.myntassets.com/assets/images/19790160/2022/9/3/abb62003-208b-48e1-9c2c-223e1849c3101662224396935toothlessGirlsPinkGreenPrintedRubberThongFlip-Flops5.jpg,http://assets.myntassets.com/assets/images/19790160/2022/9/3/7726c6e5-3d8e-4231-af71-0631cbcf99d91662224396927toothlessGirlsPinkGreenPrintedRubberThongFlip-Flops6.jpg",
18598106.0,flip-flops,Women,Ginger by Lifestyle,Women Pink & White Printed Rubber Thong Flip-Flops,A pair of pink and white printed thong flip-flops  Rubber upper  Cushioned footbed  Patterned eva outsole ,,"Material: EVA;. Wipe with a clean, dry cloth to remove dust",Printed,,,,Casual,,,4.4,45,499,40,"""竄ｹ499.00""",INR,http://assets.myntassets.com/assets/images/18598106/2022/6/2/f65c75f4-abb0-4ddd-887a-30212e062f9a1654188122801GingerbyLifestyleWomenPinkWhitePrintedRubberThongFlip-Flops1.jpg,"http://assets.myntassets.com/assets/images/18598106/2022/6/2/f65c75f4-abb0-4ddd-887a-30212e062f9a1654188122801GingerbyLifestyleWomenPinkWhitePrintedRubberThongFlip-Flops1.jpg,http://assets.myntassets.com/assets/images/18598106/2022/6/2/e2d69a53-97c5-4fdb-8afd-58a36f9875aa1654188122783GingerbyLifestyleWomenPinkWhitePrintedRubberThongFlip-Flops2.jpg,http://assets.myntassets.com/assets/images/18598106/2022/6/2/dd5153ab-4e70-43a1-8088-faa9af7d5d7b1654188122813GingerbyLifestyleWomenPinkWhitePrintedRubberThongFlip-Flops3.jpg,http://assets.myntassets.com/assets/images/18598106/2022/6/2/3728a452-3683-443e-85cd-e255318b978e1654188122832GingerbyLifestyleWomenPinkWhitePrintedRubberThongFlip-Flops4.jpg,http://assets.myntassets.com/assets/images/18598106/2022/6/2/e3494dea-1ee7-48a7-b555-b6224423e0501654188122793GingerbyLifestyleWomenPinkWhitePrintedRubberThongFlip-Flops5.jpg,http://assets.myntassets.com/assets/images/18598106/2022/6/2/e0a83f49-fe7d-498a-84bb-8c0398f844311654188122824GingerbyLifestyleWomenPinkWhitePrintedRubberThongFlip-Flops6.jpg",
13579258.0,flip-flops,Men,HIGHLANDER,Men Blue & White Printed Sliders,A pair of blue and white printed flip flopsRubber upper materialCushioned footbedPatterned eva outsoleWarranty: 15 DaysWarranty provided by brand/manufacturer,,"Rubber. Wipe with a clean, dry cloth to remove dust",Printed,,,,Casual,,,3.8,83,798,30,"""竄ｹ798.00""",INR,http://assets.myntassets.com/assets/images/13579258/2021/3/29/0a555657-13b7-4710-9d25-654678c725411617000780597-HIGHLANDER-Men-Blue--White-Printed-Sliders-3351617000780430-6.jpg,"http://assets.myntassets.com/assets/images/13579258/2021/3/29/0a555657-13b7-4710-9d25-654678c725411617000780597-HIGHLANDER-Men-Blue--White-Printed-Sliders-3351617000780430-6.jpg,http://assets.myntassets.com/assets/images/13579258/2021/2/3/696785f2-663e-4b0d-af28-7b8e6f30b0631612337717983HIGHLANDERMenBlue1.jpg,http://assets.myntassets.com/assets/images/13579258/2021/2/3/18ad5446-a662-4d7a-ae32-aff20ed8ce051612337718025HIGHLANDERMenBlue2.jpg,http://assets.myntassets.com/assets/images/13579258/2021/2/3/7674a58a-d92f-440b-a224-20b85c0bdb0d1612337718055HIGHLANDERMenBlue3.jpg,http://assets.myntassets.com/assets/images/13579258/2021/2/3/44a68ce5-c0ac-4a1c-b70d-2b3d9c63c7481612337718081HIGHLANDERMenBlue4.jpg,http://assets.myntassets.com/assets/images/13579258/2021/2/3/a39a2dbe-8439-4ebb-bc5d-05290904aaa81612337718112HIGHLANDERMenBlue5.jpg",
16168398.0,flip-flops,Women,Bata,Women Brown Printed Room Slippers,"A pair of brown printed room slippers, has slip-on closureSynthetic upperCushioned footbedPatterned synthetic outsole",,Synthetic. Wipe with clean and dry cloth to remove dust,Printed,,,,Casual,,,4.1,38,599,25,"""竄ｹ449.00""",INR,http://assets.myntassets.com/assets/images/16168398/2021/11/19/4c21b0dd-46e0-426f-8648-6e89427489491637300070803BataWomenBrown1.jpg,"http://assets.myntassets.com/assets/images/16168398/2021/11/19/4c21b0dd-46e0-426f-8648-6e89427489491637300070803BataWomenBrown1.jpg,http://assets.myntassets.com/assets/images/16168398/2021/11/19/f0a0a550-fce5-4f9e-b35e-e514464fde231637300071144BataWomenBrown2.jpg,http://assets.myntassets.com/assets/images/16168398/2021/11/19/28733bda-c116-427c-a4a9-05ffb7094ce91637300070992BataWomenBrown3.jpg,http://assets.myntassets.com/assets/images/16168398/2021/11/19/190efc5f-2cd7-47a6-8096-6e0f07b3905d1637300070998BataWomenBrown4.jpg,http://assets.myntassets.com/assets/images/16168398/2021/11/19/5b93b41c-a776-4459-9d60-39f9427129d51637300070886BataWomenBrown5.jpg",
15134218.0,flip-flops,Men,Paragon,Men Grey & Black Printed Rubber Thong Flip-Flops,A pair of grey and black printed thong flip-flopsRubber upperCushioned footbedPatterned pvc outsoleWarranty: 1 month/ 30 daysWarranty provided by brand/manufacturer,,"Upper material: Rubber .  Outsole material: PVC .  Wipe with a clean, dry cloth to remove the dust",Printed,,,,Casual,,,4,66,599,45,"""竄ｹ329.00""",INR,http://assets.myntassets.com/assets/images/15134218/2021/8/13/ba74cb69-2968-41f6-86f7-0fde319e5b6e1628848043041Paragon1.jpg,"http://assets.myntassets.com/assets/images/15134218/2021/8/13/ba74cb69-2968-41f6-86f7-0fde319e5b6e1628848043041Paragon1.jpg,http://assets.myntassets.com/assets/images/15134218/2021/8/13/785959c2-d956-436e-9f8d-5608a248c2a51628848043354Paragon2.jpg,http://assets.myntassets.com/assets/images/15134218/2021/8/13/b0a22cfd-1a0b-40f8-86d7-9d838f2e67b01628848043363Paragon3.jpg,http://assets.myntassets.com/assets/images/15134218/2021/8/13/83f32861-0443-4bcf-a842-ec46f98dacb81628848043371Paragon4.jpg,http://assets.myntassets.com/assets/images/15134218/2021/8/13/01f40432-ebe6-4f3f-ae26-a82abe6551f01628848043418Paragon5.jpg",
19256318.0,flip-flops,Unisex Kids,Lil Lollipop,Unisex Kids Pink & Orange Printed Rubber Clogs,A pair of pink and orange printed clogs  Rubber upper  Cushioned footbed  Patterned rubber outsole ,,Rubber,Printed,,,,Casual,,,0,0,1390,30,"""竄ｹ973.00""",INR,http://assets.myntassets.com/assets/images/19256318/2022/7/26/4c3f70d8-0e8d-42c3-9456-3fa635fd64c81658821028793LilLollipopUnisexKidsPinkOrangePrintedRubberClogs1.jpg,"http://assets.myntassets.com/assets/images/19256318/2022/7/26/4c3f70d8-0e8d-42c3-9456-3fa635fd64c81658821028793LilLollipopUnisexKidsPinkOrangePrintedRubberClogs1.jpg,http://assets.myntassets.com/assets/images/19256318/2022/7/26/57a6afec-4ca9-4158-a7b4-bee54a82b1e51658821028779LilLollipopUnisexKidsPinkOrangePrintedRubberClogs2.jpg,http://assets.myntassets.com/assets/images/19256318/2022/7/26/afe83712-fc1c-4bec-b60c-ceebbfd2ab211658821028800LilLollipopUnisexKidsPinkOrangePrintedRubberClogs3.jpg,http://assets.myntassets.com/assets/images/19256318/2022/7/26/15f8df43-b30b-4c94-bd41-2fafba57854b1658821028765LilLollipopUnisexKidsPinkOrangePrintedRubberClogs4.jpg,http://assets.myntassets.com/assets/images/19256318/2022/7/26/df39da0e-a320-4278-92a1-d3ea1d9f41de1658821028786LilLollipopUnisexKidsPinkOrangePrintedRubberClogs5.jpg,http://assets.myntassets.com/assets/images/19256318/2022/7/26/c0b2af54-ee27-4447-8c13-f20dda942a241658821028772LilLollipopUnisexKidsPinkOrangePrintedRubberClogs6.jpg",
13639590.0,flip-flops,Men,U.S. Polo Assn.,Men Conex Striped Sliders,A pair of grey and white striped sliders  Synthetic upper  Cushioned footbed  Patterned eva outsole  Warranty: 3 months  Warranty provided by brand owner/manufacturer,,"Synthetic. Wipe with a clean, dry cloth to remove dust",Striped,,,,Casual,,,3.5,4,1499,50,"""竄ｹ749.00""",INR,http://assets.myntassets.com/assets/images/13639590/2023/3/1/33434899-2bab-4565-9750-be8bf3afa06f1677674067217FlipFlopsUSPoloAssnMen1.jpg,"http://assets.myntassets.com/assets/images/13639590/2023/3/1/33434899-2bab-4565-9750-be8bf3afa06f1677674067217FlipFlopsUSPoloAssnMen1.jpg,http://assets.myntassets.com/assets/images/13639590/2023/3/1/37cf4c12-95be-4f1b-9a55-e431bea91b4b1677674067227FlipFlopsUSPoloAssnMen2.jpg,http://assets.myntassets.com/assets/images/13639590/2023/3/1/a2d2262a-2405-43c4-9572-48cf998251b01677674067237FlipFlopsUSPoloAssnMen3.jpg,http://assets.myntassets.com/assets/images/13639590/2023/3/1/6c9cab83-85b7-492a-ae81-1299eedf29351677674067248FlipFlopsUSPoloAssnMen4.jpg,http://assets.myntassets.com/assets/images/13639590/2023/3/1/8bbfc1d8-0af4-4bf0-97fb-9579e3c52a0d1677674067259FlipFlopsUSPoloAssnMen5.jpg,http://assets.myntassets.com/assets/images/13639590/2023/3/1/fb86ab8c-6bec-45f1-a967-04bab343d2b31677674067272FlipFlopsUSPoloAssnMen6.jpg",
21431930.0,flip-flops,Men,yoho,Men Rubber Comfortable Thong Flip-Flops,A pair of solid thong flip-flopsRubber upperCushioned footbedPatterned eva outsoleWarranty: 3 monthsWarranty provided by brand owner/manufacturer,,"Rubber. Wipe with a clean, dry cloth to remove dust",Solid,,,,Casual,,,4,24,1499,63,"""竄ｹ554.00""",INR,http://assets.myntassets.com/assets/images/21431930/2023/10/13/252e49c2-9b5d-46e7-8216-4bb0fcd49c531697197082604yohoMenRubberComfortableThongFlip-Flops1.jpg,"http://assets.myntassets.com/assets/images/21431930/2023/10/13/252e49c2-9b5d-46e7-8216-4bb0fcd49c531697197082604yohoMenRubberComfortableThongFlip-Flops1.jpg,http://assets.myntassets.com/assets/images/21431930/2023/10/13/813dfc24-732b-4190-8f63-d508645b9e5d1697197082610yohoMenRubberComfortableThongFlip-Flops2.jpg,http://assets.myntassets.com/assets/images/21431930/2023/10/13/a7b77d4c-36bb-48f7-8347-65721e4c6fc41697197082615yohoMenRubberComfortableThongFlip-Flops3.jpg,http://assets.myntassets.com/assets/images/21431930/2023/10/13/6cdd1731-2321-44fb-9aeb-02549dc7274f1697197082620yohoMenRubberComfortableThongFlip-Flops4.jpg,http://assets.myntassets.com/assets/images/21431930/2023/10/13/4ab35e1a-9cd8-4e7e-8468-bb9f6d0c1ad11697197082627yohoMenRubberComfortableThongFlip-Flops5.jpg,http://assets.myntassets.com/assets/images/21431930/2023/10/13/30476794-c76e-4b6c-8e97-c2055969c7301697197082633yohoMenRubberComfortableThongFlip-Flops6.jpg",
21597086.0,flip-flops,Women,Paragon,Women Stylish Outdoor Cushioned Lightweight Sliders,A pair of solid slidersFabric upperCushioned footbedPatterned pvc outsole,,"Fabric &amp; PVC. Wipe with a clean, dry cloth to remove dirt",Solid,,,,Casual,,,3,12,799,45,"""竄ｹ439.00""",INR,http://assets.myntassets.com/assets/images/21597086/2023/1/18/83359550-5851-4ec5-9543-9370c8686a7d1674038056672ParagonWomenPinkSliders1.jpg,"http://assets.myntassets.com/assets/images/21597086/2023/1/18/83359550-5851-4ec5-9543-9370c8686a7d1674038056672ParagonWomenPinkSliders1.jpg,http://assets.myntassets.com/assets/images/21597086/2023/1/18/02c2df40-18c3-4c32-81a2-60e0b16f5e721674038056611ParagonWomenPinkSliders2.jpg,http://assets.myntassets.com/assets/images/21597086/2023/1/18/f8b5c670-04ca-4aa6-b343-5b374495b2561674038056642ParagonWomenPinkSliders3.jpg,http://assets.myntassets.com/assets/images/21597086/2023/1/18/85432bc8-adc3-4b77-a81e-10d91bffd9a51674038056654ParagonWomenPinkSliders4.jpg,http://assets.myntassets.com/assets/images/21597086/2023/1/18/19583797-02f7-41b8-a57f-c5440c5bea461674038056631ParagonWomenPinkSliders5.jpg,http://assets.myntassets.com/assets/images/21597086/2023/1/18/403cb08a-a22d-47bf-9d88-cb358aefec3b1674038056621ParagonWomenPinkSliders6.jpg,http://assets.myntassets.com/assets/images/21597086/2023/1/18/e39c8b96-7f2b-4ad1-b25f-2351b07b77561674038056662ParagonWomenPinkSliders7.jpg",
18973692.0,jeans,Men,Levis,Men Blue 65504 Skinny Fit Mid Rise Light Fade Stretchable Jeans,"Dark shade, light fade blue jeans65504 Skinny fit, mid-riseClean lookStretchable5 pocketLength: Regular",Cotton,"73% Cotton, 16% Polyester, 10% Viscose &amp; 1% Elastane. Machine-wash",,Skinny Fit,,,Casual,Button and Zip,Regular,4.2,426,4099,57,"""竄ｹ4,099.00""",INR,http://assets.myntassets.com/assets/images/18973692/2022/10/14/e39570b2-e556-4f9a-94ea-fffbe3d4d6221665728364524-Levis-Men-Jeans-2361665728363846-1.jpg,"http://assets.myntassets.com/assets/images/18973692/2022/10/14/e39570b2-e556-4f9a-94ea-fffbe3d4d6221665728364524-Levis-Men-Jeans-2361665728363846-1.jpg,http://assets.myntassets.com/assets/images/18973692/2022/10/14/c07ab2b2-b5d1-4d90-984e-d1249dc692e01665728364515-Levis-Men-Jeans-2361665728363846-2.jpg,http://assets.myntassets.com/assets/images/18973692/2022/10/14/4b730549-dc0e-4b06-af46-a80f1defe3091665728364506-Levis-Men-Jeans-2361665728363846-3.jpg,http://assets.myntassets.com/assets/images/18973692/2022/10/14/74655f65-b329-4576-8784-d8c74b5facc41665728364494-Levis-Men-Jeans-2361665728363846-4.jpg,http://assets.myntassets.com/assets/images/18973692/2022/10/14/a60f4d44-3173-438e-8bd1-5ba741b9ee4d1665728364486-Levis-Men-Jeans-2361665728363846-5.jpg,http://assets.myntassets.com/assets/images/18973692/2022/10/14/04dc5227-e663-4b2f-b5d9-179ca6e6fbd21665728364476-Levis-Men-Jeans-2361665728363846-6.jpg,http://assets.myntassets.com/assets/images/18973692/2022/10/14/fbafc089-f5d5-4c29-a692-a721394eeb901665728364466-Levis-Men-Jeans-2361665728363846-7.jpg",
18973742.0,jeans,Men,Levis,Men Blue Slim Fit Slash Knee Heavy Fade Stretchable Jeans,"  Light shade,  heavy fade blue jeans   Slim fit,  mid-rise   Slash knee   Stretchable   5 pocket   Length: regular  ",Cotton,"80% Cotton, 18% polyester and 2%Elastane,. Machine-wash",,Slim Fit,,,Casual,Button and Zip,Regular,4.2,182,4399,48,"""竄ｹ2,287.00""",INR,http://assets.myntassets.com/assets/images/18973742/2022/8/26/9d9ccc57-c6eb-4a2e-b9f0-c90b94aacd6e1661511774091-Levis-Men-Blue-Slim-Fit-Slash-Knee-Heavy-Fade-Stretchable-Je-1.jpg,"http://assets.myntassets.com/assets/images/18973742/2022/8/26/9d9ccc57-c6eb-4a2e-b9f0-c90b94aacd6e1661511774091-Levis-Men-Blue-Slim-Fit-Slash-Knee-Heavy-Fade-Stretchable-Je-1.jpg,http://assets.myntassets.com/assets/images/18973742/2022/8/26/0597501b-6631-4287-80e3-d75b253121bc1661511774080-Levis-Men-Blue-Slim-Fit-Slash-Knee-Heavy-Fade-Stretchable-Je-2.jpg,http://assets.myntassets.com/assets/images/18973742/2022/8/26/a0765967-bdd2-4610-83d6-f3f609aa26bd1661511774069-Levis-Men-Blue-Slim-Fit-Slash-Knee-Heavy-Fade-Stretchable-Je-3.jpg,http://assets.myntassets.com/assets/images/18973742/2022/8/26/05b7b0f3-6743-42de-8396-1ef43ef98fb61661511774059-Levis-Men-Blue-Slim-Fit-Slash-Knee-Heavy-Fade-Stretchable-Je-4.jpg,http://assets.myntassets.com/assets/images/18973742/2022/8/26/88b028a2-0448-4311-9a6f-a89fdf2b3ae81661511774049-Levis-Men-Blue-Slim-Fit-Slash-Knee-Heavy-Fade-Stretchable-Je-5.jpg,http://assets.myntassets.com/assets/images/18973742/2022/8/26/a4ffa3b3-ab95-44a7-b1c1-1770c5fe1c961661511774040-Levis-Men-Blue-Slim-Fit-Slash-Knee-Heavy-Fade-Stretchable-Je-6.jpg,http://assets.myntassets.com/assets/images/18973742/2022/8/26/de4217d4-3986-42fc-aaca-ad394679cc901661511774029-Levis-Men-Blue-Slim-Fit-Slash-Knee-Heavy-Fade-Stretchable-Je-7.jpg",
19008522.0,jeans,Women,Calvin Klein Jeans,Women Straight Fit Pure Cotton Jeans,"Light shade, no fade white jeansStraight fit, mid-riseClean lookNon stretchable5 pocketsLength: regular",Cotton,100% Cotton. Machine wash,,Straight Fit,,,Casual,Button and Zip,Regular,3.8,14,7999,20,"""竄ｹ4,799.00""",INR,http://assets.myntassets.com/assets/images/19008522/2022/12/14/6e3549a5-8435-47fe-a0cb-3aa82c9c09b61671014793371-Calvin-Klein-Jeans-Women-White-Straight-Fit-High-Rise-Stretc-1.jpg,"http://assets.myntassets.com/assets/images/19008522/2022/12/14/6e3549a5-8435-47fe-a0cb-3aa82c9c09b61671014793371-Calvin-Klein-Jeans-Women-White-Straight-Fit-High-Rise-Stretc-1.jpg,http://assets.myntassets.com/assets/images/19008522/2022/12/14/0f17451d-197c-4c72-a7c6-bc84705d385a1671014793350-Calvin-Klein-Jeans-Women-White-Straight-Fit-High-Rise-Stretc-2.jpg,http://assets.myntassets.com/assets/images/19008522/2022/12/14/d1438ed8-598a-4a01-b9f3-21c6f816d0291671014793329-Calvin-Klein-Jeans-Women-White-Straight-Fit-High-Rise-Stretc-3.jpg,http://assets.myntassets.com/assets/images/19008522/2022/12/14/b39a3b0e-dfd5-410e-ad55-374138333b9a1671014793309-Calvin-Klein-Jeans-Women-White-Straight-Fit-High-Rise-Stretc-4.jpg,http://assets.myntassets.com/assets/images/19008522/2022/12/14/a5af0271-9ace-4e60-ac74-e8a034af95381671014793288-Calvin-Klein-Jeans-Women-White-Straight-Fit-High-Rise-Stretc-5.jpg,http://assets.myntassets.com/assets/images/19008522/2022/12/14/8cd235f1-387e-4c75-8522-871e3816428c1671014793266-Calvin-Klein-Jeans-Women-White-Straight-Fit-High-Rise-Stretc-6.jpg,http://assets.myntassets.com/assets/images/19008522/2022/12/14/72bfd1ec-d244-45fe-befb-71a283787bfd1671020230899-Calvin-Klein-Jeans-Women-White-Straight-Fit-High-Rise-Stretc-7.jpg",
18974084.0,jeans,Men,Levis,512 Men Navy Blue Slim Tapered Fit Mid-Rise Light Fade Clean Look Stretchable Jeans,"Dark shade, light fade navy blue jeansSlim tapered fit, mid-riseClean lookStretchable5 pocketsHas whiskers and chevrons effectLength: regular",Cotton,"72% Cotton, 26% Polyester, and 2% Elastane. Machine wash, cold",,Slim Fit,,,Casual,Button and Zip,Regular,4.2,135,4399,57,"""竄ｹ1,891.00""",INR,http://assets.myntassets.com/assets/images/18974084/2022/11/3/20daabe7-596e-41c4-b7db-cfd9e4466bee1667446797709-Levis-512-Men-Navy-Blue-Slim-Tapered-Fit-Mid-Rise-Light-Fade-1.jpg,"http://assets.myntassets.com/assets/images/18974084/2022/11/3/20daabe7-596e-41c4-b7db-cfd9e4466bee1667446797709-Levis-512-Men-Navy-Blue-Slim-Tapered-Fit-Mid-Rise-Light-Fade-1.jpg,http://assets.myntassets.com/assets/images/18974084/2022/11/3/829a34b8-69e1-4833-8f6a-0f627625650a1667446797684-Levis-512-Men-Navy-Blue-Slim-Tapered-Fit-Mid-Rise-Light-Fade-2.jpg,http://assets.myntassets.com/assets/images/18974084/2022/11/3/42e723a9-c4a0-4567-8888-d2419b7facfa1667446797659-Levis-512-Men-Navy-Blue-Slim-Tapered-Fit-Mid-Rise-Light-Fade-3.jpg,http://assets.myntassets.com/assets/images/18974084/2022/11/3/e6b0092d-1257-4e0a-a597-e6a137b0b8791667446797636-Levis-512-Men-Navy-Blue-Slim-Tapered-Fit-Mid-Rise-Light-Fade-4.jpg,http://assets.myntassets.com/assets/images/18974084/2022/11/3/bea45b84-057b-496a-8273-f3bfeb0fa8db1667446797613-Levis-512-Men-Navy-Blue-Slim-Tapered-Fit-Mid-Rise-Light-Fade-5.jpg,http://assets.myntassets.com/assets/images/18974084/2022/11/3/deeabba1-ccc4-4da7-a1b2-5f8bfca0d21c1667446797579-Levis-512-Men-Navy-Blue-Slim-Tapered-Fit-Mid-Rise-Light-Fade-6.jpg,http://assets.myntassets.com/assets/images/18974084/2022/11/3/b0b9641b-56f5-4c35-a613-1c675247a5741667446797555-Levis-512-Men-Navy-Blue-Slim-Tapered-Fit-Mid-Rise-Light-Fade-7.jpg",
18873126.0,jeans,Men,KETCH,Men Charcoal Slim Fit Clean Look Light Fade Stretchable Jeans,"  Dark shade,  light fade charcoal jeans   Slim fit,  mid-rise   Low distress   Stretchable   5 pocket   Length: regular  ",Cotton,97% Cotton 2.5% Polyester 0.5% Spandex Machine wash,,Slim Fit,,,Casual,Button and Zip,Regular,4,20,1749,64,"""竄ｹ629.00""",INR,http://assets.myntassets.com/assets/images/18873126/2022/6/27/619fb140-e557-4186-b829-bb7d7b9b2b3c1656324223157Jeans1.jpg,"http://assets.myntassets.com/assets/images/18873126/2022/6/27/619fb140-e557-4186-b829-bb7d7b9b2b3c1656324223157Jeans1.jpg,http://assets.myntassets.com/assets/images/18873126/2022/6/27/b9279a48-2019-49de-b300-ab61e4d32c8c1656324223135Jeans2.jpg,http://assets.myntassets.com/assets/images/18873126/2022/6/27/74317969-6587-47af-82cf-f13320a640dc1656324223168Jeans3.jpg,http://assets.myntassets.com/assets/images/18873126/2022/6/27/c512851d-eb91-41e0-86cf-fdad48cff4211656324223189Jeans4.jpg,http://assets.myntassets.com/assets/images/18873126/2022/6/27/ca1669af-0d18-489b-b7f8-b8160b0ee5c11656324223146Jeans5.jpg,http://assets.myntassets.com/assets/images/18873126/2022/6/27/1ba3a059-395c-46f8-9b29-c09de67fc83e1656324223178Jeans6.jpg",
18826658.0,jeans,Women,Chemistry,Women Navy Blue Casual Jeans,"Dark shade, no fade navy blue jeansSkinny fit, mid-riseClean lookStretchableNo pocketLength: cropped",Cotton,76% Cotton 22% Polly 2% Elastane. Machine wash,,Skinny Fit,,,Casual,Zip Fly,Cropped,3.7,15,1899,55,"""竄ｹ854.00""",INR,http://assets.myntassets.com/assets/images/18826658/2022/6/23/6d04ba57-7b1a-40b8-ac7c-0262bccc8bb41655975372059ChemistryWomenNavyBlueFlaredJeans1.jpg,"http://assets.myntassets.com/assets/images/18826658/2022/6/23/6d04ba57-7b1a-40b8-ac7c-0262bccc8bb41655975372059ChemistryWomenNavyBlueFlaredJeans1.jpg,http://assets.myntassets.com/assets/images/18826658/2022/6/23/260a46c0-095a-4ced-bc55-51331890f0401655975372034ChemistryWomenNavyBlueFlaredJeans2.jpg,http://assets.myntassets.com/assets/images/18826658/2022/6/23/cb90ef30-da24-46d5-a207-7187bbb42b191655975372011ChemistryWomenNavyBlueFlaredJeans3.jpg,http://assets.myntassets.com/assets/images/18826658/2022/6/23/20acdc53-7544-4844-adc1-eb65d3fb3bdc1655975371999ChemistryWomenNavyBlueFlaredJeans4.jpg,http://assets.myntassets.com/assets/images/18826658/2022/6/23/05e92b59-0c88-4035-87e9-ecff043f20931655975372022ChemistryWomenNavyBlueFlaredJeans5.jpg,http://assets.myntassets.com/assets/images/18826658/2022/6/23/d883f93c-ee9d-4128-b469-9c7117e171ca1655975372046ChemistryWomenNavyBlueFlaredJeans6.jpg,http://assets.myntassets.com/assets/images/18826658/2022/6/23/07fce1e7-f93a-4361-a56e-e0c19030a51b1655975371987ChemistryWomenNavyBlueFlaredJeans7.jpg",
18960426.0,jeans,Men,Lee,Men Blue Rodeo Straight Fit Low Distress Heavy Fade Stretchable Jeans,"  Medium shade,  heavy fade blue jeans   Straight fit,  mid-rise   Brand Fit: rodeo   Low distress   Stretchable   5 pocket   Length: regular  ",Cotton,Machine Wash,,Straight Fit,,,Casual,Button and Zip,Regular,3.9,42,3799,55,"""竄ｹ1,709.00""",INR,http://assets.myntassets.com/assets/images/18960426/2022/9/25/c16f7a9e-afff-4518-8d44-b281e0fa1f951664130221156LeeMenBlueRodeoStraightFitLowDistressHeavyFadeStretchableJea1.jpg,"http://assets.myntassets.com/assets/images/18960426/2022/9/25/c16f7a9e-afff-4518-8d44-b281e0fa1f951664130221156LeeMenBlueRodeoStraightFitLowDistressHeavyFadeStretchableJea1.jpg,http://assets.myntassets.com/assets/images/18960426/2022/9/25/2c9176eb-9969-4555-ac69-4aa52a6ab9d21664130221174LeeMenBlueRodeoStraightFitLowDistressHeavyFadeStretchableJea2.jpg,http://assets.myntassets.com/assets/images/18960426/2022/9/25/eb43023f-180e-4a72-9248-1c724ff10ff91664130221183LeeMenBlueRodeoStraightFitLowDistressHeavyFadeStretchableJea3.jpg,http://assets.myntassets.com/assets/images/18960426/2022/9/25/57406801-26e8-4af2-95fe-145a0d5e9dc21664130221191LeeMenBlueRodeoStraightFitLowDistressHeavyFadeStretchableJea4.jpg,http://assets.myntassets.com/assets/images/18960426/2022/9/25/680a3033-8713-4900-a9d2-2f8c84f92bf91664130221199LeeMenBlueRodeoStraightFitLowDistressHeavyFadeStretchableJea5.jpg,http://assets.myntassets.com/assets/images/18960426/2022/9/25/ef4e73d6-1daa-48e6-8140-78e9732590ed1664130221207LeeMenBlueRodeoStraightFitLowDistressHeavyFadeStretchableJea6.jpg,http://assets.myntassets.com/assets/images/18960426/2022/9/25/d4a5ee69-116a-44c4-883f-e891a70fa85e1664130221216LeeMenBlueRodeoStraightFitLowDistressHeavyFadeStretchableJea7.jpg,http://assets.myntassets.com/assets/images/18960426/2022/9/25/73451106-83ae-4df3-83fa-a391be5e671e1664130221165LeeMenBlueRodeoStraightFitLowDistressHeavyFadeStretchableJea11.jpg",
18802522.0,jeans,Men,BEAT LONDON by PEPE JEANS,Men Tapered Fit Low-Rise Heavy Fade Stretchable Jeans,"Medium shade, heavy fade blue jeansTapered fit, low-riseClean lookStretchable5 pocketsLength: regular",Cotton,98.5% cotton and 1.5% elastane. Machine wash,,Tapered Fit,,,Casual,Button and Zip,Regular,4,20,2799,50,"""竄ｹ1,399.00""",INR,http://assets.myntassets.com/assets/images/18802522/2023/1/9/ff96855e-f9b8-4606-b517-d812634bec931673266489735-BEAT-LONDON-by-PEPE-JEANS-Men-Tapered-Fit-Low-Rise-Heavy-Fad-1.jpg,"http://assets.myntassets.com/assets/images/18802522/2023/1/9/ff96855e-f9b8-4606-b517-d812634bec931673266489735-BEAT-LONDON-by-PEPE-JEANS-Men-Tapered-Fit-Low-Rise-Heavy-Fad-1.jpg,http://assets.myntassets.com/assets/images/18802522/2023/1/9/cb92a461-2b85-4e18-b156-a7fe9448ad871673266489724-BEAT-LONDON-by-PEPE-JEANS-Men-Tapered-Fit-Low-Rise-Heavy-Fad-2.jpg,http://assets.myntassets.com/assets/images/18802522/2023/1/9/d0442be4-62cc-4ada-acca-0f30bce28b3c1673266489708-BEAT-LONDON-by-PEPE-JEANS-Men-Tapered-Fit-Low-Rise-Heavy-Fad-3.jpg,http://assets.myntassets.com/assets/images/18802522/2023/1/9/28e65dd4-7dc0-469a-bdd8-78a9f87393951673266489698-BEAT-LONDON-by-PEPE-JEANS-Men-Tapered-Fit-Low-Rise-Heavy-Fad-4.jpg,http://assets.myntassets.com/assets/images/18802522/2023/1/9/f90a62df-5d4a-489d-af27-2e88ebc3bed81673266489687-BEAT-LONDON-by-PEPE-JEANS-Men-Tapered-Fit-Low-Rise-Heavy-Fad-5.jpg,http://assets.myntassets.com/assets/images/18802522/2023/1/9/87c3e5e4-db68-439e-bbb7-5a856aa011b41673266489675-BEAT-LONDON-by-PEPE-JEANS-Men-Tapered-Fit-Low-Rise-Heavy-Fad-6.jpg,http://assets.myntassets.com/assets/images/18802522/2023/1/9/3b2bde22-340a-417d-9f44-76640e80a6f01673266489663-BEAT-LONDON-by-PEPE-JEANS-Men-Tapered-Fit-Low-Rise-Heavy-Fad-7.jpg",
18973648.0,jeans,Men,Levis,Men Blue 511 Slim Fit Light Fade Stretchable Jeans,"Blue 511 Slim Fit Light Fade Jeans, 5 pockets",Cotton,"69% Cotton, 29% Polyester, 2% Elastane. Machine-wash",,Slim Fit,,,Casual,Button and Zip,Regular,4.2,290,4099,,"""竄ｹ4,099.00""",INR,http://assets.myntassets.com/assets/images/18973648/2022/10/14/4f1ed855-dad9-43c1-9247-de834000052e1665721741988-Levis-Men-Jeans-9551665721741344-1.jpg,"http://assets.myntassets.com/assets/images/18973648/2022/10/14/4f1ed855-dad9-43c1-9247-de834000052e1665721741988-Levis-Men-Jeans-9551665721741344-1.jpg,http://assets.myntassets.com/assets/images/18973648/2022/10/14/85e763ce-c3f8-43c9-ac66-f9877a237a0a1665721741979-Levis-Men-Jeans-9551665721741344-2.jpg,http://assets.myntassets.com/assets/images/18973648/2022/10/14/5b1b901e-4e7c-4d7f-a8e2-078c3d1efe721665721741969-Levis-Men-Jeans-9551665721741344-3.jpg,http://assets.myntassets.com/assets/images/18973648/2022/10/14/650a9216-4eb0-4bc2-abb3-31f1065019661665721741960-Levis-Men-Jeans-9551665721741344-4.jpg,http://assets.myntassets.com/assets/images/18973648/2022/10/14/16386042-3820-4a67-97c7-8dd08f84beb31665721741952-Levis-Men-Jeans-9551665721741344-5.jpg,http://assets.myntassets.com/assets/images/18973648/2022/10/14/9f523072-55c5-4c88-beb7-2bc2279dca481665721741943-Levis-Men-Jeans-9551665721741344-6.jpg,http://assets.myntassets.com/assets/images/18973648/2022/10/14/d32748a6-f2d2-4ccd-825b-9ba6a50c048f1665721741932-Levis-Men-Jeans-9551665721741344-7.jpg,http://assets.myntassets.com/assets/images/18973648/2023/12/5/26b1913f-e034-46a0-ac8e-cd9626c99cc11701773457648-Levis-Men-Blue-511-Slim-Fit-Light-Fade-Stretchable-Jeans-482-11.jpg",
18973888.0,jeans,Men,Levis,Men Skinny Fit Heavy Fade Stretchable Jeans,"Medium shade, heavy fade jeansSkinny fit, mid-riseClean lookStretchable5 pocketsLength: regular",Cotton,"50% cotton, 30% viscose, 18% polyester and 2% elastane. Machine-wash",,Skinny Fit,,,Casual,Button and Zip,Regular,4.4,333,4099,,"""竄ｹ4,099.00""",INR,http://assets.myntassets.com/assets/images/18973888/2022/10/3/ecb0c640-2a60-462b-af2e-5ef153739a401664781603540-Levis-Men-Skinny-Fit-Heavy-Fade-Stretchable-Jeans-4551664781-1.jpg,"http://assets.myntassets.com/assets/images/18973888/2022/10/3/ecb0c640-2a60-462b-af2e-5ef153739a401664781603540-Levis-Men-Skinny-Fit-Heavy-Fade-Stretchable-Jeans-4551664781-1.jpg,http://assets.myntassets.com/assets/images/18973888/2022/10/3/ee164281-de1d-4917-810e-64c8b6e2728d1664781603530-Levis-Men-Skinny-Fit-Heavy-Fade-Stretchable-Jeans-4551664781-2.jpg,http://assets.myntassets.com/assets/images/18973888/2022/10/3/2acbc559-7aee-4c53-be64-a191a1e29c041664781603522-Levis-Men-Skinny-Fit-Heavy-Fade-Stretchable-Jeans-4551664781-3.jpg,http://assets.myntassets.com/assets/images/18973888/2022/10/3/c273c9ac-0a6b-4f58-8722-dc8b64ac6d551664781603512-Levis-Men-Skinny-Fit-Heavy-Fade-Stretchable-Jeans-4551664781-4.jpg,http://assets.myntassets.com/assets/images/18973888/2022/10/3/c208ac12-408f-4e3f-8130-1f7dcc1b452a1664781603502-Levis-Men-Skinny-Fit-Heavy-Fade-Stretchable-Jeans-4551664781-5.jpg,http://assets.myntassets.com/assets/images/18973888/2022/10/3/b78e7625-3021-4067-bd5a-ebbce81374321664781603493-Levis-Men-Skinny-Fit-Heavy-Fade-Stretchable-Jeans-4551664781-6.jpg,http://assets.myntassets.com/assets/images/18973888/2022/10/3/ee65f3e5-10e4-4309-a7dd-f5fa99d21db51664781603483-Levis-Men-Skinny-Fit-Heavy-Fade-Stretchable-Jeans-4551664781-7.jpg",
18973730.0,jeans,Men,Levis,Men Blue 511 Slim Fit Mid Rise Light Fade Stretchable Jeans,"Dark shade, light fade blue jeansSlim fit, mid-riseClean lookStretchable5 pocketLength: Regular",Cotton,"49% Cotton, 31% Viscose, 19% Polyester, 1% Elastane. Machine-wash",,Slim Fit,,,Casual,Button and Zip,Regular,4.1,193,4399,49,"""竄ｹ4,399.00""",INR,http://assets.myntassets.com/assets/images/18973730/2022/12/7/24494008-0963-41d4-a054-88203716ebc61670404121857-Levis-Men-Blue-511-Slim-Fit-Mid-Rise-Light-Fade-Stretchable--1.jpg,"http://assets.myntassets.com/assets/images/18973730/2022/12/7/24494008-0963-41d4-a054-88203716ebc61670404121857-Levis-Men-Blue-511-Slim-Fit-Mid-Rise-Light-Fade-Stretchable--1.jpg,http://assets.myntassets.com/assets/images/18973730/2022/12/7/5e268ce0-9ac0-4cbb-9694-47dbe36259f81670404121844-Levis-Men-Blue-511-Slim-Fit-Mid-Rise-Light-Fade-Stretchable--2.jpg,http://assets.myntassets.com/assets/images/18973730/2022/12/7/8aeb8453-60e1-489c-b565-912488da36671670404121832-Levis-Men-Blue-511-Slim-Fit-Mid-Rise-Light-Fade-Stretchable--3.jpg,http://assets.myntassets.com/assets/images/18973730/2022/12/7/a2c01132-e3cc-4f7c-a9f8-fed318643d371670404121819-Levis-Men-Blue-511-Slim-Fit-Mid-Rise-Light-Fade-Stretchable--4.jpg,http://assets.myntassets.com/assets/images/18973730/2022/12/7/a2c49f0f-4ad9-47d6-83ef-12f499c67e1d1670404121804-Levis-Men-Blue-511-Slim-Fit-Mid-Rise-Light-Fade-Stretchable--5.jpg,http://assets.myntassets.com/assets/images/18973730/2022/12/7/a941599d-2477-4de6-89f7-45a0dc00f7001670404121792-Levis-Men-Blue-511-Slim-Fit-Mid-Rise-Light-Fade-Stretchable--6.jpg,http://assets.myntassets.com/assets/images/18973730/2022/12/7/64902c50-9c36-4565-bfae-3489bf2629ca1670404121778-Levis-Men-Blue-511-Slim-Fit-Mid-Rise-Light-Fade-Stretchable--7.jpg",
18973948.0,jeans,Men,Levis,Men Blue 512 Slim Tapered Fit Stretchable Jeans,"Blue 512 Slim Tapered Fit Jeans, 5 pockets",Cotton,"63% cotton, 32% polyester, 5% elastane. Machine-wash",,Slim Fit,,,Casual,Button and Zip,Regular,4,30,4999,30,"""竄ｹ3,499.00""",INR,http://assets.myntassets.com/assets/images/18973948/2022/9/27/544f7e4e-5f66-41a6-a0c7-8f7ddf4b35351664259239941-Levis-Men-Jeans-9151664259239349-1.jpg,"http://assets.myntassets.com/assets/images/18973948/2022/9/27/544f7e4e-5f66-41a6-a0c7-8f7ddf4b35351664259239941-Levis-Men-Jeans-9151664259239349-1.jpg,http://assets.myntassets.com/assets/images/18973948/2022/9/27/00921a56-a1e6-430c-830d-ca96017c70201664259239932-Levis-Men-Jeans-9151664259239349-2.jpg,http://assets.myntassets.com/assets/images/18973948/2022/9/27/4241d6b5-7f26-49f1-ad22-0e2eb7236dc71664259239924-Levis-Men-Jeans-9151664259239349-3.jpg,http://assets.myntassets.com/assets/images/18973948/2022/9/27/89ff9fdb-a23f-4645-90ad-0751c5881f911664259239914-Levis-Men-Jeans-9151664259239349-4.jpg,http://assets.myntassets.com/assets/images/18973948/2022/9/27/57f41420-ab2d-497f-ad85-726b260905371664259239905-Levis-Men-Jeans-9151664259239349-5.jpg,http://assets.myntassets.com/assets/images/18973948/2022/9/27/4b4936f8-427d-4540-9c1a-69e1ea99e1a71664259239895-Levis-Men-Jeans-9151664259239349-6.jpg,http://assets.myntassets.com/assets/images/18973948/2022/9/27/784a3d59-a9bc-4083-8f98-dbf03e7be14c1664259239886-Levis-Men-Jeans-9151664259239349-7.jpg,http://assets.myntassets.com/assets/images/18973948/2023/12/5/45b8cf4a-2f8c-4209-8c80-fa2bbc9652501701774574515-Levis-Men-Blue-512-Slim-Tapered-Fit-Stretchable-Jeans-593170-11.jpg",
19008496.0,jeans,Women,Calvin Klein Jeans,Women Skinny Fit High-Rise Light Fade Stretchable Jeans,"  Medium shade,  light fade blue jeans   Skinny fit,  high-rise   Clean look   Stretchable   5 pocket   Length: regular  ",Cotton,89% Cotton 8% Elasterell-P 3% Elastane. Machine Wash,,Skinny Fit,,,Casual,Button and Zip,Regular,5,8,7999,40,"""竄ｹ4,799.00""",INR,http://assets.myntassets.com/assets/images/19008496/2023/4/6/8b582fdb-5435-45d4-b9b3-e0e4332ebca91680759891336-Calvin-Klein-Jeans-Women-Jeans-101680759890708-1.jpg,"http://assets.myntassets.com/assets/images/19008496/2023/4/6/8b582fdb-5435-45d4-b9b3-e0e4332ebca91680759891336-Calvin-Klein-Jeans-Women-Jeans-101680759890708-1.jpg,http://assets.myntassets.com/assets/images/19008496/2023/4/6/a87e412b-9f12-4478-91f3-3d947d31ac361680759891321-Calvin-Klein-Jeans-Women-Jeans-101680759890708-2.jpg,http://assets.myntassets.com/assets/images/19008496/2023/4/6/0e170ad5-0900-4f92-86b4-9581e5a030b81680759891308-Calvin-Klein-Jeans-Women-Jeans-101680759890708-3.jpg,http://assets.myntassets.com/assets/images/19008496/2023/4/6/abd7a287-0f2e-42d6-86d5-8f6a99ed40ac1680759891295-Calvin-Klein-Jeans-Women-Jeans-101680759890708-4.jpg,http://assets.myntassets.com/assets/images/19008496/2023/4/6/0523ac35-582b-49eb-9212-d67c1a2068581680759891284-Calvin-Klein-Jeans-Women-Jeans-101680759890708-5.jpg,http://assets.myntassets.com/assets/images/19008496/2023/4/6/114a8484-818d-410e-b29d-4ab6b1c1b8e01680759891268-Calvin-Klein-Jeans-Women-Jeans-101680759890708-6.jpg,http://assets.myntassets.com/assets/images/19008496/2023/4/6/8f7d4a5a-5971-4789-9bfc-0617a6b1fecc1680759891253-Calvin-Klein-Jeans-Women-Jeans-101680759890708-7.jpg",
18873142.0,jeans,Men,KETCH,Men Blue Slim Fit Low Distress Heavy Fade Stretchable Jeans,"  Light shade,  heavy fade blue jeans   Slim fit,  mid-rise   Low distress   Stretchable   5 pocket   Length: regular  ",Cotton,97% Cotton 2.5% Polyester 0.5% Spandex Machine wash,,Slim Fit,,,Casual,Button and Zip,Regular,0,0,1849,62,"""竄ｹ699.00""",INR,http://assets.myntassets.com/assets/images/18873142/2022/6/27/21cf85cf-b4b8-447d-9910-7efee62ac1321656329970626Jeans1.jpg,"http://assets.myntassets.com/assets/images/18873142/2022/6/27/21cf85cf-b4b8-447d-9910-7efee62ac1321656329970626Jeans1.jpg,http://assets.myntassets.com/assets/images/18873142/2022/6/27/a2213b1e-c452-46ea-a346-89dfea163b7f1656329970638Jeans2.jpg,http://assets.myntassets.com/assets/images/18873142/2022/6/27/7282762f-c3e5-449f-b298-8f867ea52a791656329970574Jeans3.jpg,http://assets.myntassets.com/assets/images/18873142/2022/6/27/0fceed32-94f9-4403-81eb-2e8eee1595b81656329970599Jeans4.jpg,http://assets.myntassets.com/assets/images/18873142/2022/6/27/4787aec0-f21b-4c4a-8c95-303e82e607691656329970612Jeans5.jpg,http://assets.myntassets.com/assets/images/18873142/2022/6/27/5d115a43-4791-4677-967b-1b1d3674bb581656329970587Jeans6.jpg",
18992754.0,jeans,Women,AMERICAN EAGLE OUTFITTERS,Women Grey Straight Fit High-Rise Highly Distressed Jeans,"  Light shade,  no fade grey jeans   Straight fit,  high-rise   Highly distressed   Non stretchable   5 pocket   Length: cropped  ",Cotton,100% Cotton. Machine wash,,Straight Fit,,,Casual,Zip Fly,Cropped,4.8,5,4499,60,"""竄ｹ1,799.00""",INR,http://assets.myntassets.com/assets/images/18992754/2022/7/6/1674b5d4-8fcb-480d-a918-4e37d095316f1657110600787AmericanEagleWomenGreenRippedMomStraightJean1.jpg,"http://assets.myntassets.com/assets/images/18992754/2022/7/6/1674b5d4-8fcb-480d-a918-4e37d095316f1657110600787AmericanEagleWomenGreenRippedMomStraightJean1.jpg,http://assets.myntassets.com/assets/images/18992754/2022/7/6/c920d91e-c45c-478d-927d-d762b24e24e41657110600776AmericanEagleWomenGreenRippedMomStraightJean2.jpg,http://assets.myntassets.com/assets/images/18992754/2022/7/6/3810a412-7852-4bf8-bcac-15c63f68ca201657110600814AmericanEagleWomenGreenRippedMomStraightJean3.jpg,http://assets.myntassets.com/assets/images/18992754/2022/7/6/2332fa56-cdd0-471f-a50b-e02d653230571657110600764AmericanEagleWomenGreenRippedMomStraightJean4.jpg,http://assets.myntassets.com/assets/images/18992754/2022/7/6/42fc9ba1-6f9c-4c9e-984a-c0ab9429ef3f1657110600800AmericanEagleWomenGreenRippedMomStraightJean5.jpg",
18973922.0,jeans,Men,Levis,Men Blue 65504 Skinny Fit Mid Rise Light Fade Stretchable Jeans,"Light shade, light fade blue jeans65504 Skinny fit, mid-riseClean lookStretchable5 pocketLength: Regular",Cotton,"84% Cotton, 14% Polyester &amp; 2% Elastane. Machine-wash",,Skinny Fit,,,Casual,Button and Zip,Regular,4.1,237,4099,,"""竄ｹ4,099.00""",INR,http://assets.myntassets.com/assets/images/18973922/2022/11/18/0e05cbe2-6c93-4f5d-bf97-4aa958850b451668755975231-Levis-Men-Blue-65504-Skinny-Fit-Mid-Rise-Light-Fade-Stretcha-1.jpg,"http://assets.myntassets.com/assets/images/18973922/2022/11/18/0e05cbe2-6c93-4f5d-bf97-4aa958850b451668755975231-Levis-Men-Blue-65504-Skinny-Fit-Mid-Rise-Light-Fade-Stretcha-1.jpg,http://assets.myntassets.com/assets/images/18973922/2022/11/18/23156ef7-ee77-4103-924a-89c90e72f4051668755975205-Levis-Men-Blue-65504-Skinny-Fit-Mid-Rise-Light-Fade-Stretcha-2.jpg,http://assets.myntassets.com/assets/images/18973922/2022/11/18/3b052ec6-aa89-4dc0-b2b0-68105d082c7f1668755975179-Levis-Men-Blue-65504-Skinny-Fit-Mid-Rise-Light-Fade-Stretcha-3.jpg,http://assets.myntassets.com/assets/images/18973922/2022/11/18/eececf3e-326b-4777-93a7-a1dfc34e6c231668755975155-Levis-Men-Blue-65504-Skinny-Fit-Mid-Rise-Light-Fade-Stretcha-4.jpg,http://assets.myntassets.com/assets/images/18973922/2022/11/18/a23488b0-9a2c-4dc8-bba0-1ac4cb95e0e31668755975131-Levis-Men-Blue-65504-Skinny-Fit-Mid-Rise-Light-Fade-Stretcha-5.jpg,http://assets.myntassets.com/assets/images/18973922/2022/11/18/eeb351cc-0a34-4dba-afb0-6182f6a799a31668755975108-Levis-Men-Blue-65504-Skinny-Fit-Mid-Rise-Light-Fade-Stretcha-6.jpg,http://assets.myntassets.com/assets/images/18973922/2022/11/18/1b7b7aeb-84d1-431b-a855-8a1697787a921668755975084-Levis-Men-Blue-65504-Skinny-Fit-Mid-Rise-Light-Fade-Stretcha-7.jpg",
18979610.0,jeans,Girls,KiddoPanti,Girls Grey No Fade Stretchable Cotton Jeans,"Light shade, no fade grey jeansRegular fit, mid-riseBrand Fit: jeanclean lookStretchable5 pocketLength: regular",Cotton,"Fabric: 98% Cotton, 2% Lycra.. Machine Wash cold,Tumble dry low, Mild Iron, Do not Bleach",,Regular Fit,,,Casual,Button and Zip,Regular,3.9,7,1399,52,"""竄ｹ671.00""",INR,http://assets.myntassets.com/assets/images/18979610/2022/7/6/760d4ed0-2ef2-40f8-a2a4-34faa9e8a1151657080197273KiddoPantiGirlsGreyJeanLowDistressStretchableJeans1.jpg,"http://assets.myntassets.com/assets/images/18979610/2022/7/6/760d4ed0-2ef2-40f8-a2a4-34faa9e8a1151657080197273KiddoPantiGirlsGreyJeanLowDistressStretchableJeans1.jpg,http://assets.myntassets.com/assets/images/18979610/2022/7/6/be5dc5ea-0acb-4236-aca3-b04ee2b1d54d1657080197289KiddoPantiGirlsGreyJeanLowDistressStretchableJeans2.jpg,http://assets.myntassets.com/assets/images/18979610/2022/7/6/6b31ad0e-2378-4cdf-9d4d-a3ae6876fe101657080197282KiddoPantiGirlsGreyJeanLowDistressStretchableJeans3.jpg",
18675392.0,jeans,Men,Jack & Jones,Men Blue Skinny Fit Mildly Distressed Heavy Fade Jeans,"Medium shade, heavy fade blue jeansSkinny fit, mid-riseClean LookNon stretchable5 pocketLength: regular",Cotton,cotton. Machine wash,,Skinny Fit,,,Casual,Button and Zip,Regular,3.8,81,3499,50,"""竄ｹ1,749.00""",INR,http://assets.myntassets.com/assets/images/18675392/2023/4/15/7f8dd47b-a960-4458-8db2-94bcb86d582f1681558707400-Jack--Jones-Men-Blue-Skinny-Fit-Mildly-Distressed-Heavy-Fade-1.jpg,"http://assets.myntassets.com/assets/images/18675392/2023/4/15/7f8dd47b-a960-4458-8db2-94bcb86d582f1681558707400-Jack--Jones-Men-Blue-Skinny-Fit-Mildly-Distressed-Heavy-Fade-1.jpg,http://assets.myntassets.com/assets/images/18675392/2023/4/15/43e902f9-4c76-44d9-b767-20885d2209cb1681558707387-Jack--Jones-Men-Blue-Skinny-Fit-Mildly-Distressed-Heavy-Fade-2.jpg,http://assets.myntassets.com/assets/images/18675392/2023/4/15/0985a74a-d3da-4f2a-8bb7-0ea1fb3e8d761681558707375-Jack--Jones-Men-Blue-Skinny-Fit-Mildly-Distressed-Heavy-Fade-3.jpg,http://assets.myntassets.com/assets/images/18675392/2023/4/15/9bfddb02-9d5f-48b6-b45a-9adea2eda7351681558707362-Jack--Jones-Men-Blue-Skinny-Fit-Mildly-Distressed-Heavy-Fade-4.jpg,http://assets.myntassets.com/assets/images/18675392/2023/4/15/50e688ea-63ea-4125-bc39-7a6ca47ee7961681558707337-Jack--Jones-Men-Blue-Skinny-Fit-Mildly-Distressed-Heavy-Fade-5.jpg,http://assets.myntassets.com/assets/images/18675392/2023/4/15/a313e318-ecfc-4973-bf51-fc323099a1fc1681558707314-Jack--Jones-Men-Blue-Skinny-Fit-Mildly-Distressed-Heavy-Fade-6.jpg,http://assets.myntassets.com/assets/images/18675392/2023/4/15/6241e0e3-d378-4ec6-9a2c-493b601c0a991681558707291-Jack--Jones-Men-Blue-Skinny-Fit-Mildly-Distressed-Heavy-Fade-7.jpg",
18973950.0,jeans,Men,Levis,65504 Men Navy Blue Skinny Straight Fit Mid-Rise Light Fade Stretchable Jeans,"Dark shade, light fade navy blue jeansSkinny straight fit, mid-riseClean lookStretchable5 pocketsLength: regular",Cotton,"67% Cotton, 25% Polyester, 6% Viscose Rayon, and 2% Elastane. Machine wash, cold",,Skinny Fit,,,Casual,Button and Zip,Regular,4.1,156,4999,51,"""竄ｹ2,449.00""",INR,http://assets.myntassets.com/assets/images/18973950/2022/10/10/44370b62-f71a-47cd-b13d-d9261401d60e1665385059301-Levis-65504-Men-Navy-Blue-Skinny-Straight-Fit-Mid-Rise-Light-1.jpg,"http://assets.myntassets.com/assets/images/18973950/2022/10/10/44370b62-f71a-47cd-b13d-d9261401d60e1665385059301-Levis-65504-Men-Navy-Blue-Skinny-Straight-Fit-Mid-Rise-Light-1.jpg,http://assets.myntassets.com/assets/images/18973950/2022/10/10/9e6a544d-c164-437b-9088-77369042a3261665385059291-Levis-65504-Men-Navy-Blue-Skinny-Straight-Fit-Mid-Rise-Light-2.jpg,http://assets.myntassets.com/assets/images/18973950/2022/10/10/38716398-e187-44cf-8758-286d45e147531665385059281-Levis-65504-Men-Navy-Blue-Skinny-Straight-Fit-Mid-Rise-Light-3.jpg,http://assets.myntassets.com/assets/images/18973950/2022/10/10/d1caaf93-3b20-4edc-91af-e729c5b18d131665385059271-Levis-65504-Men-Navy-Blue-Skinny-Straight-Fit-Mid-Rise-Light-4.jpg,http://assets.myntassets.com/assets/images/18973950/2022/10/10/3b815674-05e5-4959-96ea-51d538e16f3c1665385059262-Levis-65504-Men-Navy-Blue-Skinny-Straight-Fit-Mid-Rise-Light-5.jpg,http://assets.myntassets.com/assets/images/18973950/2022/10/10/0fc44b52-b598-400a-a870-57f4a11dc36f1665385059253-Levis-65504-Men-Navy-Blue-Skinny-Straight-Fit-Mid-Rise-Light-6.jpg,http://assets.myntassets.com/assets/images/18973950/2022/10/10/e2e84b50-553b-43f4-a3f5-fe6be24dee141665385059242-Levis-65504-Men-Navy-Blue-Skinny-Straight-Fit-Mid-Rise-Light-7.jpg",
18198558.0,jeans,Women,FOREVER 21,Women Navy Blue Flared Light Fade Wide-leg Jeans,"Medium shade, light fade navy blue jeansFlared, mid-riseWide-leg JeansClean lookStretchable5 pocketLength: cropped",Cotton,80% Cotton 18% Polyster 2% Elastane. Machine wash,,Flared,,,Casual,Button and Zip,Cropped,3.7,6,1799,70,"""竄ｹ1,799.00""",INR,http://assets.myntassets.com/assets/images/18198558/2022/5/9/45c25ec4-1baa-419e-9db8-91b887c3d8021652084565857FOREVER21WomenNavyBlueFlaredLightFadeJeans1.jpg,"http://assets.myntassets.com/assets/images/18198558/2022/5/9/45c25ec4-1baa-419e-9db8-91b887c3d8021652084565857FOREVER21WomenNavyBlueFlaredLightFadeJeans1.jpg,http://assets.myntassets.com/assets/images/18198558/2022/5/9/87f74919-06d3-4dbe-bcaf-d56192b01cfc1652084565841FOREVER21WomenNavyBlueFlaredLightFadeJeans2.jpg,http://assets.myntassets.com/assets/images/18198558/2022/5/9/75e3c529-3eb2-4a67-8a64-d774b22d12e91652084565869FOREVER21WomenNavyBlueFlaredLightFadeJeans3.jpg,http://assets.myntassets.com/assets/images/18198558/2022/5/9/6ce0ce10-2572-4166-ba9b-5dbdae760c911652084565819FOREVER21WomenNavyBlueFlaredLightFadeJeans4.jpg,http://assets.myntassets.com/assets/images/18198558/2022/5/9/32326abb-429b-4585-ba35-bfd3698b13eb1652084565830FOREVER21WomenNavyBlueFlaredLightFadeJeans5.jpg",
18094702.0,jeans,Men,Roadster,The  Lifestyle Co Men Blue Slim Fit Mid-Rise Stretchable Jeans,"  Light shade,  no fade blue jeans   Slim fit,  mid-rise   Clean look   Stretchable   5 pocket   Length: regular  ",Cotton,99% Cotton 1% Elastane. Machine wash,,Slim Fit,,,Casual,Button and Zip,Regular,3.9,35,2499,60,"""竄ｹ2,499.00""",INR,http://assets.myntassets.com/assets/images/18094702/2022/7/21/66e3080d-4b5b-439c-973e-66357510aff21658382244286-Roadster-Men-Jeans-1221658382243577-1.jpg,"http://assets.myntassets.com/assets/images/18094702/2022/7/21/66e3080d-4b5b-439c-973e-66357510aff21658382244286-Roadster-Men-Jeans-1221658382243577-1.jpg,http://assets.myntassets.com/assets/images/18094702/2022/7/21/ed9053d9-7695-4592-8939-423785a9f7931658382244276-Roadster-Men-Jeans-1221658382243577-2.jpg,http://assets.myntassets.com/assets/images/18094702/2022/7/21/c8e8710e-a080-4ce5-bbf4-664a1070408a1658382244265-Roadster-Men-Jeans-1221658382243577-3.jpg,http://assets.myntassets.com/assets/images/18094702/2022/7/21/bd01aada-7564-4bb2-9605-aebf9e5de4991658382244256-Roadster-Men-Jeans-1221658382243577-4.jpg,http://assets.myntassets.com/assets/images/18094702/2022/7/21/9b9a9a28-178e-44b9-a98a-0ff672c9c8471658382244243-Roadster-Men-Jeans-1221658382243577-5.jpg,http://assets.myntassets.com/assets/images/18094702/2022/7/21/4a716873-56e0-452b-b552-47dbe14cfdec1658382244232-Roadster-Men-Jeans-1221658382243577-6.jpg,http://assets.myntassets.com/assets/images/18094702/2022/7/21/6ca86bf0-9427-4efc-9227-9b76c9de7a461658382244222-Roadster-Men-Jeans-1221658382243577-7.jpg",
19842706.0,jeans,Men,Llak Jeans,Men Black Skinny Fit Light Fade Stretchable Jeans,"Dark shade, light fade black jeansSkinny fit, mid-riseClean lookStretchable5 pocketsLength: regular",Elastane,Elastane. Machine wash,,Skinny Fit,,,Casual,Button and Zip,Regular,4.2,9,2299,75,"""竄ｹ2,299.00""",INR,http://assets.myntassets.com/assets/images/19842706/2022/9/8/a73c1bba-29ad-49a8-9db6-784f6aa7e0d91662644743056LlakJeansMenBlackSkinnyFitLightFadeStretchableJeans1.jpg,"http://assets.myntassets.com/assets/images/19842706/2022/9/8/a73c1bba-29ad-49a8-9db6-784f6aa7e0d91662644743056LlakJeansMenBlackSkinnyFitLightFadeStretchableJeans1.jpg,http://assets.myntassets.com/assets/images/19842706/2022/9/8/0a6b8185-897d-4992-964b-89d73d207db11662644743044LlakJeansMenBlackSkinnyFitLightFadeStretchableJeans2.jpg,http://assets.myntassets.com/assets/images/19842706/2022/9/8/1387eb77-395d-4612-9778-2c4d2665770d1662644743102LlakJeansMenBlackSkinnyFitLightFadeStretchableJeans3.jpg,http://assets.myntassets.com/assets/images/19842706/2022/9/8/4f7120df-23fc-441a-ac59-01e416c5999a1662644743091LlakJeansMenBlackSkinnyFitLightFadeStretchableJeans4.jpg,http://assets.myntassets.com/assets/images/19842706/2022/9/8/94eda17b-cdf7-458f-ad14-ca48d43600a01662644743079LlakJeansMenBlackSkinnyFitLightFadeStretchableJeans5.jpg,http://assets.myntassets.com/assets/images/19842706/2022/9/8/b9de607c-fd89-4194-8f23-5293f5dc92481662644743068LlakJeansMenBlackSkinnyFitLightFadeStretchableJeans6.jpg",
13768634.0,jeans,Men,Nautica,Men Black Slim Fit Stretchable Jeans,"  Dark no fade black jeans   Slim fit,  mid-rise   Clean look   Stretchable   5 pocket   Length: regular  ",Cotton,"98% Cotton , 2% Elastane. Machine wash",,Slim Fit,,,Casual,Button and Zip,Regular,4.6,16,4999,,"""竄ｹ4,999.00""",INR,http://assets.myntassets.com/assets/images/13768634/2021/5/21/a495d861-fd3a-4e0c-96ff-ddb8aa4ef85a1621583018844ShirtsCalvinKleinJeansMenShirtsCalvinKleinJeansMenTshirtsCal1.jpg,"http://assets.myntassets.com/assets/images/13768634/2021/5/21/a495d861-fd3a-4e0c-96ff-ddb8aa4ef85a1621583018844ShirtsCalvinKleinJeansMenShirtsCalvinKleinJeansMenTshirtsCal1.jpg,http://assets.myntassets.com/assets/images/13768634/2021/5/21/4960223c-c04d-42a1-98a6-9353a9801da91621583018877ShirtsCalvinKleinJeansMenShirtsCalvinKleinJeansMenTshirtsCal2.jpg,http://assets.myntassets.com/assets/images/13768634/2021/5/21/e00a4182-f272-4a1e-a4ed-faf7923e47f01621583018912ShirtsCalvinKleinJeansMenShirtsCalvinKleinJeansMenTshirtsCal3.jpg,http://assets.myntassets.com/assets/images/13768634/2021/5/21/ecb6a4d5-b904-4cca-a596-46defc2dad831621583018947ShirtsCalvinKleinJeansMenShirtsCalvinKleinJeansMenTshirtsCal4.jpg,http://assets.myntassets.com/assets/images/13768634/2021/5/21/a7ea7666-ca23-4f12-a9eb-61b74dd8eefa1621583018982ShirtsCalvinKleinJeansMenShirtsCalvinKleinJeansMenTshirtsCal5.jpg,http://assets.myntassets.com/assets/images/13768634/2021/5/21/6be125ef-8992-4dcb-838d-0342fad480801621583019023ShirtsCalvinKleinJeansMenShirtsCalvinKleinJeansMenTshirtsCal6.jpg,http://assets.myntassets.com/assets/images/13768634/2021/5/21/e848b404-2421-481b-b4d0-b3d6ac3b04351621583019068ShirtsCalvinKleinJeansMenShirtsCalvinKleinJeansMenTshirtsCal7.jpg",
18973700.0,jeans,Men,Levis,Men Blue 511 Slim Fit Heavy Fade Stretchable Jeans,"Blue 511 Slim Fit Heavy Fade Jeans, 5 pockets",Cotton,69% Cotton 18% Polyester 12% Hemp 1% Elastane. Machine-wash,,Slim Fit,,,Casual,Button and Zip,Regular,3.8,116,4699,,"""竄ｹ4,699.00""",INR,http://assets.myntassets.com/assets/images/18973700/2022/9/22/0ae0404d-0157-4655-93b7-99c7a8cf8f681663833403298-Levis-Men-Blue-511-Slim-Fit-Heavy-Fade-Stretchable-Jeans-502-1.jpg,"http://assets.myntassets.com/assets/images/18973700/2022/9/22/0ae0404d-0157-4655-93b7-99c7a8cf8f681663833403298-Levis-Men-Blue-511-Slim-Fit-Heavy-Fade-Stretchable-Jeans-502-1.jpg,http://assets.myntassets.com/assets/images/18973700/2022/9/22/eb8dc960-d26f-4a14-b55b-457ad75270101663833403275-Levis-Men-Blue-511-Slim-Fit-Heavy-Fade-Stretchable-Jeans-502-2.jpg,http://assets.myntassets.com/assets/images/18973700/2022/9/22/56b69bc5-353e-4c59-930d-28832c6e09b31663833403254-Levis-Men-Blue-511-Slim-Fit-Heavy-Fade-Stretchable-Jeans-502-3.jpg,http://assets.myntassets.com/assets/images/18973700/2022/9/22/59446943-e7c3-41ff-9459-b11fb4acc64c1663833403231-Levis-Men-Blue-511-Slim-Fit-Heavy-Fade-Stretchable-Jeans-502-4.jpg,http://assets.myntassets.com/assets/images/18973700/2022/9/22/6583477b-2099-4e00-992d-02b924909abd1663833403208-Levis-Men-Blue-511-Slim-Fit-Heavy-Fade-Stretchable-Jeans-502-5.jpg,http://assets.myntassets.com/assets/images/18973700/2022/9/22/4dfabd2e-9fb0-4933-b15f-ea3878ad65351663833403186-Levis-Men-Blue-511-Slim-Fit-Heavy-Fade-Stretchable-Jeans-502-6.jpg,http://assets.myntassets.com/assets/images/18973700/2022/9/22/6930aa19-93b8-4fdf-a1cc-9bb31689a3461663833403160-Levis-Men-Blue-511-Slim-Fit-Heavy-Fade-Stretchable-Jeans-502-7.jpg",
18973728.0,jeans,Men,Levis,Men 65504 Skinny Tapered Fit Jeans,"65504 Skinny Tapered Fit Jeans, 5 pockets",Cotton,"85% Cotton, 13% Polyester, 2% Elastane. Machine-wash. ",,Skinny Fit,,,Casual,Button and Zip,Regular,4.4,260,4399,47,"""竄ｹ4,399.00""",INR,http://assets.myntassets.com/assets/images/18973728/2022/9/27/8a9585f4-adda-4238-9fdd-544dc4f5cdc71664259062940-Levis-Men-Jeans-971664259062201-1.jpg,"http://assets.myntassets.com/assets/images/18973728/2022/9/27/8a9585f4-adda-4238-9fdd-544dc4f5cdc71664259062940-Levis-Men-Jeans-971664259062201-1.jpg,http://assets.myntassets.com/assets/images/18973728/2022/9/27/6e91e430-bc94-4859-a3e3-bbb26b3ba0ae1664259062931-Levis-Men-Jeans-971664259062201-2.jpg,http://assets.myntassets.com/assets/images/18973728/2022/9/27/bfb5fefe-095b-4524-bfbd-6ef7110f2d9e1664259062921-Levis-Men-Jeans-971664259062201-3.jpg,http://assets.myntassets.com/assets/images/18973728/2022/9/27/f9c313ab-f542-4de1-97d4-87c3d7378ca91664259062912-Levis-Men-Jeans-971664259062201-4.jpg,http://assets.myntassets.com/assets/images/18973728/2022/9/27/4b1483ee-2aee-4ac5-8b51-7d92f7c060d51664259062902-Levis-Men-Jeans-971664259062201-5.jpg,http://assets.myntassets.com/assets/images/18973728/2022/9/27/4e666907-c31a-4001-bb31-17d4567b11fd1664259062892-Levis-Men-Jeans-971664259062201-6.jpg,http://assets.myntassets.com/assets/images/18973728/2022/9/27/0731cbc0-a514-4ee1-bf73-e2675cdc02621664259062881-Levis-Men-Jeans-971664259062201-7.jpg,http://assets.myntassets.com/assets/images/18973728/2023/12/5/b5aad62a-d7c6-41e3-ac94-88f13e3796391701772280813-Levis-Men-65504-Skinny-Tapered-Fit-Jeans-311701772280736-11.jpg",
18903330.0,jeans,Women,Levis,Women Blue Skinny Fit High-Rise Stretchable Jeans,"  Dark shade,  no fade blue jeans   Skinny fit,  high-rise   Clean look   Stretchable   5 pocket   Length: regular  ",Cotton,"87% Cotton, 11% Polyester, 2% Elastane. Machine-wash",,Skinny Fit,,,Casual,Button and Zip,Regular,4.4,235,3299,20,"""竄ｹ1,649.00""",INR,http://assets.myntassets.com/assets/images/18903330/2022/7/27/db8c3593-951a-46e1-8e06-da7118df1ee51658916095232-Levis-Women-Blue-Skinny-Fit-High-Rise-Stretchable-Jeans-6101-1.jpg,"http://assets.myntassets.com/assets/images/18903330/2022/7/27/db8c3593-951a-46e1-8e06-da7118df1ee51658916095232-Levis-Women-Blue-Skinny-Fit-High-Rise-Stretchable-Jeans-6101-1.jpg,http://assets.myntassets.com/assets/images/18903330/2022/7/27/59a9f856-f4ff-4d13-ab15-44475d34dfbb1658916095223-Levis-Women-Blue-Skinny-Fit-High-Rise-Stretchable-Jeans-6101-2.jpg,http://assets.myntassets.com/assets/images/18903330/2022/7/27/090fac6f-12fc-4c67-9d63-0077c8027dfd1658916095211-Levis-Women-Blue-Skinny-Fit-High-Rise-Stretchable-Jeans-6101-3.jpg,http://assets.myntassets.com/assets/images/18903330/2022/7/27/27ab7588-21b4-4cf6-86b5-017bbc58a4de1658916095199-Levis-Women-Blue-Skinny-Fit-High-Rise-Stretchable-Jeans-6101-4.jpg,http://assets.myntassets.com/assets/images/18903330/2022/7/27/238933ff-a128-4ad5-90c5-6750d6d608561658916095187-Levis-Women-Blue-Skinny-Fit-High-Rise-Stretchable-Jeans-6101-5.jpg,http://assets.myntassets.com/assets/images/18903330/2022/7/27/db8e7608-da06-42a7-a352-1ea87f9e21ed1658916095173-Levis-Women-Blue-Skinny-Fit-High-Rise-Stretchable-Jeans-6101-6.jpg,http://assets.myntassets.com/assets/images/18903330/2022/7/27/23d64f24-f4fb-4619-814b-fcee47ddc6ab1658916095161-Levis-Women-Blue-Skinny-Fit-High-Rise-Stretchable-Jeans-6101-7.jpg",
18973740.0,jeans,Men,Levis,Men Blue 512 Slim Tapered Fit Mid Rise Stretchable Jeans,"Dark shade, no fade blue jeans512 Slim Tapered fit, mid-riseClean lookStretchable5 pocketLength: regular",Cotton,"49% Cotton, 31% Viscose, 19% Polyester &amp; 1% Elastane. Machine-wash",,Slim Fit,,,Casual,Button and Zip,Regular,4.3,340,4099,57,"""竄ｹ4,099.00""",INR,http://assets.myntassets.com/assets/images/18973740/2022/10/14/d9efcc01-871b-4b0e-9763-c8820a837ea51665727794226-Levis-Men-Jeans-5001665727793576-1.jpg,"http://assets.myntassets.com/assets/images/18973740/2022/10/14/d9efcc01-871b-4b0e-9763-c8820a837ea51665727794226-Levis-Men-Jeans-5001665727793576-1.jpg,http://assets.myntassets.com/assets/images/18973740/2022/10/14/1cdb0d28-9aa2-4cf5-bd9b-e2ae1484983f1665727794217-Levis-Men-Jeans-5001665727793576-2.jpg,http://assets.myntassets.com/assets/images/18973740/2022/10/14/84ffdf1b-8ae0-4c2b-b256-aa3f1b740add1665727794207-Levis-Men-Jeans-5001665727793576-3.jpg,http://assets.myntassets.com/assets/images/18973740/2022/10/14/61473e72-8d7b-4bd0-b404-c0c11f00ef0c1665727794197-Levis-Men-Jeans-5001665727793576-4.jpg,http://assets.myntassets.com/assets/images/18973740/2022/10/14/e3dfb6a0-2f1a-4015-812a-bafc2f510bf11665727794188-Levis-Men-Jeans-5001665727793576-5.jpg,http://assets.myntassets.com/assets/images/18973740/2022/10/14/d5ae25e4-1ae1-4d0d-9949-84c43137f81e1665727794179-Levis-Men-Jeans-5001665727793576-6.jpg,http://assets.myntassets.com/assets/images/18973740/2022/10/14/205db54b-0b7a-4607-abcf-c783c5918de81665727794170-Levis-Men-Jeans-5001665727793576-7.jpg",
18953840.0,jeans,Men,KETCH,Men Grey Slim Fit Heavy Fade Stretchable Jeans,"  Medium shade,  heavy fade grey jeans   Slim fit,  mid-rise   Clean look   Stretchable   5 pocket   Length: regular  ",Cotton,97% Cotton 2.5% Polyester 0.5% Spendex Machine wash,,Slim Fit,,,Casual,Button and Zip,Regular,3.2,24,1899,68,"""竄ｹ607.00""",INR,http://assets.myntassets.com/assets/images/18953840/2022/7/4/99b11e7f-af7d-44c4-938a-8cbbcd94242d1656920151442KETCHMenGreySlimFitLowDistressHeavyFadeStretchableJeans1.jpg,"http://assets.myntassets.com/assets/images/18953840/2022/7/4/99b11e7f-af7d-44c4-938a-8cbbcd94242d1656920151442KETCHMenGreySlimFitLowDistressHeavyFadeStretchableJeans1.jpg,http://assets.myntassets.com/assets/images/18953840/2022/7/4/80fd27fa-a744-435f-ac7a-70a17029e89a1656920151481KETCHMenGreySlimFitLowDistressHeavyFadeStretchableJeans2.jpg,http://assets.myntassets.com/assets/images/18953840/2022/7/4/e57996d0-b311-4baf-9dbc-8dea181073811656920151469KETCHMenGreySlimFitLowDistressHeavyFadeStretchableJeans3.jpg,http://assets.myntassets.com/assets/images/18953840/2022/7/4/76bb1c33-3b54-45c0-8176-8fc9c50cc82d1656920151456KETCHMenGreySlimFitLowDistressHeavyFadeStretchableJeans4.jpg,http://assets.myntassets.com/assets/images/18953840/2022/7/4/d49de003-d043-41fa-adaf-3e6486aa85f81656920151495KETCHMenGreySlimFitLowDistressHeavyFadeStretchableJeans5.jpg,http://assets.myntassets.com/assets/images/18953840/2022/7/4/176941a9-30f3-4e34-a732-02e3a3208d7e1656920151508KETCHMenGreySlimFitLowDistressHeavyFadeStretchableJeans6.jpg",
18969982.0,jeans,Boys,Allen Solly Junior,Boys Slim Fit Heavy Fade Stretchable Jeans,"Light shade, heavy fade blue jeansSlim fit, mid-riseClean lookStretchable4 pocketsLength: regular",Cotton,98% cotton and 2% spandex. Machine wash,,Slim Fit,,,Casual,Drawstring,Regular,4.2,6,1799,35,"""竄ｹ1,169.00""",INR,http://assets.myntassets.com/assets/images/18969982/2023/3/9/c09ab3ed-84ed-4f0d-a3cc-401189459d0e1678342323900-Allen-Solly-Junior-Boys-Jeans-8291678342323643-1.jpg,"http://assets.myntassets.com/assets/images/18969982/2023/3/9/c09ab3ed-84ed-4f0d-a3cc-401189459d0e1678342323900-Allen-Solly-Junior-Boys-Jeans-8291678342323643-1.jpg,http://assets.myntassets.com/assets/images/18969982/2023/3/9/23ceded1-47e5-47a6-9c14-9c0311732ee31678342323886-Allen-Solly-Junior-Boys-Jeans-8291678342323643-2.jpg,http://assets.myntassets.com/assets/images/18969982/2023/3/9/04c1a3d2-6b13-4a09-98cb-ff38a1db87eb1678342323871-Allen-Solly-Junior-Boys-Jeans-8291678342323643-3.jpg,http://assets.myntassets.com/assets/images/18969982/2023/3/9/6f80e176-3dda-4faa-93ba-ab703768c89e1678342323856-Allen-Solly-Junior-Boys-Jeans-8291678342323643-4.jpg",
18953870.0,jeans,Men,KETCH,Men Charcoal Tapered Fit Light Fade Stretchable Jeans,"Dark shade, light fade charcoal jeansTapered fit, mid-riseClean lookStretchable5 pocketLength: regular",Cotton,97% Cotton 2.5% Polyester 0.5% Spendex. Machine wash,,Tapered Fit,,,Casual,Button and Zip,Regular,3.8,85,1749,62,"""竄ｹ682.00""",INR,http://assets.myntassets.com/assets/images/18953870/2022/7/4/8ffbfc77-b23e-43ca-961d-8c085f08bb7d1656922639227KETCHMenCharcoalTaperedFitLightFadeStretchableJeans1.jpg,"http://assets.myntassets.com/assets/images/18953870/2022/7/4/8ffbfc77-b23e-43ca-961d-8c085f08bb7d1656922639227KETCHMenCharcoalTaperedFitLightFadeStretchableJeans1.jpg,http://assets.myntassets.com/assets/images/18953870/2022/7/4/5c0fb009-4d0d-4576-8841-5a59ae1bf7e21656922639251KETCHMenCharcoalTaperedFitLightFadeStretchableJeans2.jpg,http://assets.myntassets.com/assets/images/18953870/2022/7/4/27430d50-2dbc-405b-aa2d-6ccbe4dacdbd1656922639264KETCHMenCharcoalTaperedFitLightFadeStretchableJeans3.jpg,http://assets.myntassets.com/assets/images/18953870/2022/7/4/34ebb840-9573-4af8-bc72-6a6fdb6427df1656922639277KETCHMenCharcoalTaperedFitLightFadeStretchableJeans4.jpg,http://assets.myntassets.com/assets/images/18953870/2022/7/4/6342fb95-ef1b-49d1-847e-c2d94aebb3c21656922639213KETCHMenCharcoalTaperedFitLightFadeStretchableJeans5.jpg,http://assets.myntassets.com/assets/images/18953870/2022/7/4/ada765a3-da5d-4850-b13a-1d9535ec453c1656922639239KETCHMenCharcoalTaperedFitLightFadeStretchableJeans6.jpg",
19017664.0,jeans,Men,Allen Solly Sport,Men Navy Blue Slim Fit Light Fade Jeans,"  Dark shade, light fade navy blue jeans   Slim fit, mid-rise   Clean look   Stretchable   Na pocket   Length: regular  ",Cotton,"97% Cotton, 2% Polyester and 1% Elastane. Machine Wash",,Slim Fit,,,Casual,Button and Zip,Regular,3.9,8,3299,40,"""竄ｹ1,979.00""",INR,http://assets.myntassets.com/assets/images/19017664/2022/7/8/9862b783-4d38-4358-83dc-af06a0f68f601657270209939AllenSollyNavyJeans1.jpg,"http://assets.myntassets.com/assets/images/19017664/2022/7/8/9862b783-4d38-4358-83dc-af06a0f68f601657270209939AllenSollyNavyJeans1.jpg,http://assets.myntassets.com/assets/images/19017664/2022/7/8/d69308ad-2c74-42c9-9467-bea8619560131657270209928AllenSollyNavyJeans2.jpg,http://assets.myntassets.com/assets/images/19017664/2022/7/8/aebfcab8-d758-454a-a642-d4d42b95b97b1657270209960AllenSollyNavyJeans3.jpg,http://assets.myntassets.com/assets/images/19017664/2022/7/8/8d1b9153-1192-4542-bf63-3193525720601657270209915AllenSollyNavyJeans4.jpg,http://assets.myntassets.com/assets/images/19017664/2022/7/8/e60ece21-ea11-487c-8fb2-bae6122467641657270209949AllenSollyNavyJeans5.jpg",
18925586.0,jeans,Men,KETCH,Men Charcoal Skinny Fit Mildly Distressed Stretchable Jeans,"Dark shade, Light fade charcoal jeansSkinny fit, mid-riseMildly distressedStretchable5 pocketLength: regular",Cotton,97% Cotton 2.5%Polyester 0.5% Spendex Machine wash,,Skinny Fit,,,Casual,Button and Zip,Regular,3.6,15,1749,62,"""竄ｹ649.00""",INR,http://assets.myntassets.com/assets/images/18925586/2022/7/1/bbac3939-73ce-4954-92c9-6877fe9c07021656670916361KETCHMenCharcoalSkinnyFitMildlyDistressedStretchableJeans1.jpg,"http://assets.myntassets.com/assets/images/18925586/2022/7/1/bbac3939-73ce-4954-92c9-6877fe9c07021656670916361KETCHMenCharcoalSkinnyFitMildlyDistressedStretchableJeans1.jpg,http://assets.myntassets.com/assets/images/18925586/2022/7/1/e99ce21a-b15c-4192-8cd9-69c924693be81656670916384KETCHMenCharcoalSkinnyFitMildlyDistressedStretchableJeans2.jpg,http://assets.myntassets.com/assets/images/18925586/2022/7/1/2b373d35-e2ed-4c4a-81c6-14f68990f4021656670916396KETCHMenCharcoalSkinnyFitMildlyDistressedStretchableJeans3.jpg,http://assets.myntassets.com/assets/images/18925586/2022/7/1/d4674cfd-7e05-43a1-9568-1f9742c8bf1f1656670916407KETCHMenCharcoalSkinnyFitMildlyDistressedStretchableJeans4.jpg,http://assets.myntassets.com/assets/images/18925586/2022/7/1/7134e6c1-7afa-450d-a7dc-c73188ea375e1656670916350KETCHMenCharcoalSkinnyFitMildlyDistressedStretchableJeans5.jpg,http://assets.myntassets.com/assets/images/18925586/2022/7/1/acc9d782-1a3e-4cc5-979a-ec3dcc73f2431656670916373KETCHMenCharcoalSkinnyFitMildlyDistressedStretchableJeans6.jpg",
18734066.0,jeans,Men,Flying Machine,Men Blue Micheal Slim Fit Mid-Rise Light Fade Stretchable Jeans,"  Medium shade,  light fade blue jeans   Slim fit,  mid-rise   Brand Fit: micheal   Clean look   Stretchable   5 pocket   Length: regular  ",Cotton,"98.5% cotton, 1.5% elastane. Machine wash",,Slim Fit,,,Casual,Button and Zip,Regular,4.1,26,2699,61,"""竄ｹ1,052.00""",INR,http://assets.myntassets.com/assets/images/18734066/2022/8/3/470d9a57-f6cb-42d7-9edc-d0c276ac43f81659519711307-Flying-Machine-Men-Jeans-911659519710564-1.jpg,"http://assets.myntassets.com/assets/images/18734066/2022/8/3/470d9a57-f6cb-42d7-9edc-d0c276ac43f81659519711307-Flying-Machine-Men-Jeans-911659519710564-1.jpg,http://assets.myntassets.com/assets/images/18734066/2022/8/3/418e5752-d539-44fe-8e86-2dc4688e963c1659519711298-Flying-Machine-Men-Jeans-911659519710564-2.jpg,http://assets.myntassets.com/assets/images/18734066/2022/8/3/6694bd8b-3b80-410e-af7e-e114a1b877f21659519711287-Flying-Machine-Men-Jeans-911659519710564-3.jpg,http://assets.myntassets.com/assets/images/18734066/2022/8/3/a579bfe7-9428-4a70-a93b-7c264f45d96e1659519711277-Flying-Machine-Men-Jeans-911659519710564-4.jpg,http://assets.myntassets.com/assets/images/18734066/2022/8/3/288e37e7-6134-4519-b60f-29219ad54fa81659519711267-Flying-Machine-Men-Jeans-911659519710564-5.jpg,http://assets.myntassets.com/assets/images/18734066/2022/8/3/ea76a8e8-14ff-4acb-a8fe-7b716869b37a1659519711258-Flying-Machine-Men-Jeans-911659519710564-6.jpg,http://assets.myntassets.com/assets/images/18734066/2022/8/3/a771678d-98e7-4b46-8982-2e70613b94a91659519711248-Flying-Machine-Men-Jeans-911659519710564-7.jpg",
18993370.0,jeans,Men,Blackberrys,Men Navy Blue Slim Fit Stretchable Jeans,"  Dark shade,  no fade navy blue jeans   Slim fit,  mid-rise   Brand Fit: buff fit   Clean look   Stretchable   5 pocket   Length: regular  ",Cotton,"80% Cotton, 18% Polyester, 2%Elastane. Machine wash",,Slim Fit,,,Casual,Button and Zip,Regular,4.3,29,3295,40,"""竄ｹ1,647.00""",INR,http://assets.myntassets.com/assets/images/18993370/2022/10/3/0622fa8f-8526-49fd-96df-9498af6438261664783258236-Blackberrys-Men-Jeans-6281664783257442-1.jpg,"http://assets.myntassets.com/assets/images/18993370/2022/10/3/0622fa8f-8526-49fd-96df-9498af6438261664783258236-Blackberrys-Men-Jeans-6281664783257442-1.jpg,http://assets.myntassets.com/assets/images/18993370/2022/10/3/1b487576-d67a-4a99-9f81-a22384ba330e1664783258214-Blackberrys-Men-Jeans-6281664783257442-2.jpg,http://assets.myntassets.com/assets/images/18993370/2022/10/3/75fd31c3-b2cd-4a3c-b3a7-f66cb8aeac561664783258194-Blackberrys-Men-Jeans-6281664783257442-3.jpg,http://assets.myntassets.com/assets/images/18993370/2022/10/3/e88b1264-c5e1-49be-be39-e3035874704b1664783258173-Blackberrys-Men-Jeans-6281664783257442-4.jpg,http://assets.myntassets.com/assets/images/18993370/2022/10/3/40a7233b-248e-419e-8383-42f0815363431664783258153-Blackberrys-Men-Jeans-6281664783257442-5.jpg,http://assets.myntassets.com/assets/images/18993370/2022/10/3/763c7dde-5266-4191-b171-0302f1841f771664783258130-Blackberrys-Men-Jeans-6281664783257442-6.jpg,http://assets.myntassets.com/assets/images/18993370/2022/10/3/91ee7590-aacf-445e-8af6-b8742791aa771664783258108-Blackberrys-Men-Jeans-6281664783257442-7.jpg",
15190770.0,jeans,Women,AMERICAN EAGLE OUTFITTERS,Women Blue Slim Fit High-Rise Light Fade Jeans,"  Light shade,  light fade blue jeans   Slim fit,  high-rise   Clean look   Non stretchable   4 pocket   Length: cropped  ",Cotton,Cotton .  Machine wash,,Slim Fit,,,Casual,Button and Zip,Cropped,4,6,3999,60,"""竄ｹ1,599.00""",INR,http://assets.myntassets.com/assets/images/15190770/2021/8/18/aeb26bed-fb43-46b0-be8c-aa91a690543e1629290826448AENextLevelSuperHigh-WaistedJeggingCrop1.jpg,"http://assets.myntassets.com/assets/images/15190770/2021/8/18/aeb26bed-fb43-46b0-be8c-aa91a690543e1629290826448AENextLevelSuperHigh-WaistedJeggingCrop1.jpg,http://assets.myntassets.com/assets/images/15190770/2021/8/18/bf80d46d-dffd-42ee-95e3-8e8b7cbaedcd1629290826140AENextLevelSuperHigh-WaistedJeggingCrop2.jpg,http://assets.myntassets.com/assets/images/15190770/2021/8/18/181c73d4-d8a6-4860-b0af-e318fa0a015d1629290825885AENextLevelSuperHigh-WaistedJeggingCrop3.jpg,http://assets.myntassets.com/assets/images/15190770/2021/8/18/c8d3741d-98f4-4bbd-9d39-777a10d5120f1629290826022AENextLevelSuperHigh-WaistedJeggingCrop4.jpg,http://assets.myntassets.com/assets/images/15190770/2021/8/18/0335229d-313d-4330-98fd-8f8917be8abd1629290826281AENextLevelSuperHigh-WaistedJeggingCrop5.jpg",
22203852.0,jeans,Men,Cantabil,Men Low Rise Clean Look Light Fade Stretchable Cotton Jeans,"Dark shade, no fade grey jeansRegular fit, low -riseClean lookNon stretchable5 pocketLength: regular",Cotton,Cotton. Machine Wash,,Regular Fit,,,Casual,Button and Zip,Regular,0,0,3999,66,"""竄ｹ1,359.00""",INR,http://assets.myntassets.com/assets/images/22203852/2023/3/2/72b70b81-b5d1-4d60-8921-0a4f5018ce391677765206132CantabilMensDarkGreyJeans1.jpg,"http://assets.myntassets.com/assets/images/22203852/2023/3/2/72b70b81-b5d1-4d60-8921-0a4f5018ce391677765206132CantabilMensDarkGreyJeans1.jpg,http://assets.myntassets.com/assets/images/22203852/2023/3/2/bfab954c-2e67-425b-be37-d5239eb3e26e1677765206119CantabilMensDarkGreyJeans2.jpg,http://assets.myntassets.com/assets/images/22203852/2023/3/2/4af98eb2-abe3-4ac8-965a-43bdb34766fc1677765206160CantabilMensDarkGreyJeans3.jpg,http://assets.myntassets.com/assets/images/22203852/2023/3/2/944233d5-5946-48d1-9012-8cecea6331981677765206146CantabilMensDarkGreyJeans4.jpg,http://assets.myntassets.com/assets/images/22203852/2023/3/2/9de2496e-3f9f-40dc-a5d1-7ba2e69bc6851677765206102CantabilMensDarkGreyJeans5.jpg,http://assets.myntassets.com/assets/images/22203852/2023/3/2/98d0a122-01e0-4423-b128-c38eb366ce701677765206088CantabilMensDarkGreyJeans6.jpg",
22005330.0,jeans,Women,H&M,Women Slim Regular Ankle Jeans,"5-pocket, ankle-length jeans in slightly stretchy cotton denim with a regular waist, button fly and slim legs.",Cotton,"99% Cotton, 1% Elastane.        Machine Wash",,Slim Fit,,,Casual,Button Fly,Cropped,3.8,5,2999,,"""竄ｹ2,999.00""",INR,http://assets.myntassets.com/assets/images/22005330/2023/2/16/6d058893-2a17-4997-aeb5-e5f2d244862b1676548250161SlimRegularAnkleJeans1.jpg,"http://assets.myntassets.com/assets/images/22005330/2023/2/16/6d058893-2a17-4997-aeb5-e5f2d244862b1676548250161SlimRegularAnkleJeans1.jpg,http://assets.myntassets.com/assets/images/22005330/2023/2/16/1f51b12f-c8da-43ca-ac69-b11d7fbee8e61676548250127SlimRegularAnkleJeans2.jpg,http://assets.myntassets.com/assets/images/22005330/2023/2/16/ca709d0a-8731-444f-9c7f-1ad86324050a1676548250150SlimRegularAnkleJeans3.jpg,http://assets.myntassets.com/assets/images/22005330/2023/2/16/88be608c-43fc-4dbf-8477-4a27c9c707681676548250115SlimRegularAnkleJeans4.jpg,http://assets.myntassets.com/assets/images/22005330/2023/2/16/2808ed6f-d5ff-4884-8050-00446a9b6b471676548250139SlimRegularAnkleJeans5.jpg",
22203876.0,jeans,Men,Cantabil,Men Cotton Heavy Fade Stretchable Jeans,"  Light shade,  heavy fade grey jeans   Regular fit,  mid-rise   Clean look   Stretchable   5 pocket   Length: regular   Comes with a belt  ",Cotton,Cotton. Machine Wash,,Regular Fit,,,Casual,Button and Zip,Regular,0,0,3999,66,"""竄ｹ1,359.00""",INR,http://assets.myntassets.com/assets/images/22203876/2023/3/2/69230c69-0001-42ed-919b-86f3cb995b3d1677768118244CantabilMensGreyJeans1.jpg,"http://assets.myntassets.com/assets/images/22203876/2023/3/2/69230c69-0001-42ed-919b-86f3cb995b3d1677768118244CantabilMensGreyJeans1.jpg,http://assets.myntassets.com/assets/images/22203876/2023/3/2/0b8304c3-dc1d-437b-84e9-e4183e90ab741677768118221CantabilMensGreyJeans2.jpg,http://assets.myntassets.com/assets/images/22203876/2023/3/2/46841707-d4e8-4b53-aa19-21175ebcfe521677768118209CantabilMensGreyJeans3.jpg,http://assets.myntassets.com/assets/images/22203876/2023/3/2/2fbd4525-ea27-4fbb-b5da-60eb327933ed1677768118171CantabilMensGreyJeans4.jpg,http://assets.myntassets.com/assets/images/22203876/2023/3/2/441dabf7-638d-49e3-820d-8eb6cf7f17f91677768118233CantabilMensGreyJeans5.jpg,http://assets.myntassets.com/assets/images/22203876/2023/3/2/a04e8d07-1120-4440-82fc-42f1f5c586fb1677768118184CantabilMensGreyJeans6.jpg,http://assets.myntassets.com/assets/images/22203876/2023/3/2/0e8e7266-c31f-4fbf-a5e6-2125c43451071677768118197CantabilMensGreyJeans7.jpg",
15067844.0,jeans,Men,Flying Machine,Men Blue Jackson Skinny Fit Low-Rise Heavy Fade Printed Stretchable Jeans,"  Medium shade,  heavy fade blue jeans   Skinny fit,  low-rise   Brand Fit: jackson   Clean look   Stretchable   Printed   5 pocket   Length: regular  ",Cotton,"99% cotton, 1% spandex // Jackson Skinny. Machine wash",,Skinny Fit,,,Casual,Button and Zip,Regular,4.1,69,2399,50,"""竄ｹ1,199.00""",INR,http://assets.myntassets.com/assets/images/15067844/2021/8/27/fbeacde2-6b78-4738-9de9-32f7481202631630058627536-Mens-Cotton-Stretch--Skinny-Jackson--Blue-Jeans-151163005862-1.jpg,"http://assets.myntassets.com/assets/images/15067844/2021/8/27/fbeacde2-6b78-4738-9de9-32f7481202631630058627536-Mens-Cotton-Stretch--Skinny-Jackson--Blue-Jeans-151163005862-1.jpg,http://assets.myntassets.com/assets/images/15067844/2021/8/27/4b4e1548-414c-4177-a15d-e36bb7145bbb1630058627529-Mens-Cotton-Stretch--Skinny-Jackson--Blue-Jeans-151163005862-2.jpg,http://assets.myntassets.com/assets/images/15067844/2021/8/27/030dc712-01c7-41c5-93bd-c878054b9ed81630058627521-Mens-Cotton-Stretch--Skinny-Jackson--Blue-Jeans-151163005862-3.jpg,http://assets.myntassets.com/assets/images/15067844/2021/8/27/9c710ff7-5ee6-4012-b3be-4e49f66a6c591630058627514-Mens-Cotton-Stretch--Skinny-Jackson--Blue-Jeans-151163005862-4.jpg,http://assets.myntassets.com/assets/images/15067844/2021/8/27/17b7f5f7-432e-49b2-8158-40f7263b81501630058627495-Mens-Cotton-Stretch--Skinny-Jackson--Blue-Jeans-151163005862-5.jpg,http://assets.myntassets.com/assets/images/15067844/2021/8/27/cff93e48-16c7-4882-9eb2-bfa23f8780461630058627476-Mens-Cotton-Stretch--Skinny-Jackson--Blue-Jeans-151163005862-6.jpg,http://assets.myntassets.com/assets/images/15067844/2021/8/27/11d849cd-d5c0-44b0-8603-1e56d9a76d2e1630058627458-Mens-Cotton-Stretch--Skinny-Jackson--Blue-Jeans-151163005862-7.jpg",
19059688.0,jeans,Men,Flying Machine,Men Blue Slim Fit Light Fade Stretchable Jeans,"Dark shade, light fade blue jeansSlim fit, mid-riseClean lookStretchable5 pocketsLength: regular",Cotton,"67% cotton, 27% polyester, 3% viscose and 3% spandex. Machine wash cold, wash dark colors separately",,Slim Fit,,,Casual,Button and Zip,Regular,3.7,72,2999,55,"""竄ｹ1,499.00""",INR,http://assets.myntassets.com/assets/images/19059688/2022/9/16/e0db7d1d-98e8-47ce-9ac8-6fac67dd16e01663299469168-Flying-Machine-Men-Blue-Slim-Fit-Light-Fade-Stretchable-Jean-1.jpg,"http://assets.myntassets.com/assets/images/19059688/2022/9/16/e0db7d1d-98e8-47ce-9ac8-6fac67dd16e01663299469168-Flying-Machine-Men-Blue-Slim-Fit-Light-Fade-Stretchable-Jean-1.jpg,http://assets.myntassets.com/assets/images/19059688/2022/9/16/839c4972-f9db-432e-8c7b-01cba0f38b811663299469159-Flying-Machine-Men-Blue-Slim-Fit-Light-Fade-Stretchable-Jean-2.jpg,http://assets.myntassets.com/assets/images/19059688/2022/9/16/0466680d-c9b3-4e40-be42-f74f1f49c98a1663299469149-Flying-Machine-Men-Blue-Slim-Fit-Light-Fade-Stretchable-Jean-3.jpg,http://assets.myntassets.com/assets/images/19059688/2022/9/16/985ae416-cdec-4d25-b791-6292a888ca571663299469139-Flying-Machine-Men-Blue-Slim-Fit-Light-Fade-Stretchable-Jean-4.jpg,http://assets.myntassets.com/assets/images/19059688/2022/9/16/d8c67978-ae48-4993-b894-48ed225961b11663299469128-Flying-Machine-Men-Blue-Slim-Fit-Light-Fade-Stretchable-Jean-5.jpg,http://assets.myntassets.com/assets/images/19059688/2022/9/16/55437733-89b5-4486-b009-b6b7ab4d59fb1663299469118-Flying-Machine-Men-Blue-Slim-Fit-Light-Fade-Stretchable-Jean-6.jpg,http://assets.myntassets.com/assets/images/19059688/2022/9/16/2d4eeb5c-bb6a-4fa9-bb84-530ef1b0d43c1663299469107-Flying-Machine-Men-Blue-Slim-Fit-Light-Fade-Stretchable-Jean-7.jpg",
18960434.0,jeans,Men,Lee,Men Blue Bruce Skinny Fit Light Fade Stretchable Jeans,"  Dark shade,  light fade blue jeans   Skinny fit,  mid-rise   Brand Fit: bruce   Clean look   Stretchable   5 pocket   Length: regular  ",Cotton,Machine Wash. Cotton. ,,Skinny Fit,,,Casual,Button and Zip,Regular,4.4,34,3999,55,"""竄ｹ1,999.00""",INR,http://assets.myntassets.com/assets/images/18960434/2022/7/5/fc253cc6-0d79-43e4-8ac7-aa99548943b31656995291285LeeMenBlueBruceSkinnyFitLightFadeStretchableJeans1.jpg,"http://assets.myntassets.com/assets/images/18960434/2022/7/5/fc253cc6-0d79-43e4-8ac7-aa99548943b31656995291285LeeMenBlueBruceSkinnyFitLightFadeStretchableJeans1.jpg,http://assets.myntassets.com/assets/images/18960434/2022/7/5/88cd43c2-5751-4216-bde7-c97ccc25d71d1656995291247LeeMenBlueBruceSkinnyFitLightFadeStretchableJeans2.jpg,http://assets.myntassets.com/assets/images/18960434/2022/7/5/921d7bcb-15f8-4d1d-9a06-7992bef291e11656995291299LeeMenBlueBruceSkinnyFitLightFadeStretchableJeans3.jpg,http://assets.myntassets.com/assets/images/18960434/2022/7/5/28fc0576-9044-455b-9de2-3b4e20446e771656995291272LeeMenBlueBruceSkinnyFitLightFadeStretchableJeans4.jpg,http://assets.myntassets.com/assets/images/18960434/2022/7/5/596dcedd-ccbf-4c24-ad74-181152dbd7491656995291259LeeMenBlueBruceSkinnyFitLightFadeStretchableJeans5.jpg",
18925582.0,jeans,Men,KETCH,Men Blue Bootcut Mildly Distressed Heavy Fade Stretchable Jeans,"  Medium shade,  heavy fade blue jeans   Bootcut,  mid-rise   Mildly distressed   Stretchable   5 pocket   Length: regular  ",Cotton,97% Cotton 2.5%Polyester 0.5% Spendex Machine wash,,Bootcut,,,Casual,Button and Zip,Regular,2.9,11,1999,62,"""竄ｹ739.00""",INR,http://assets.myntassets.com/assets/images/18925582/2022/7/1/28531284-c952-43f0-a862-27e2346f5c4d1656673150434KETCHMenBlueBootcutMildlyDistressedHeavyFadeStretchableJeans1.jpg,"http://assets.myntassets.com/assets/images/18925582/2022/7/1/28531284-c952-43f0-a862-27e2346f5c4d1656673150434KETCHMenBlueBootcutMildlyDistressedHeavyFadeStretchableJeans1.jpg,http://assets.myntassets.com/assets/images/18925582/2022/7/1/20d3d067-2985-49eb-8db2-dcec71e148051656673150456KETCHMenBlueBootcutMildlyDistressedHeavyFadeStretchableJeans2.jpg,http://assets.myntassets.com/assets/images/18925582/2022/7/1/92c69cbd-7b23-4686-b4d9-cfa08085a0a81656673150467KETCHMenBlueBootcutMildlyDistressedHeavyFadeStretchableJeans3.jpg,http://assets.myntassets.com/assets/images/18925582/2022/7/1/517013ea-8fe2-47d8-84a3-50276c00326f1656673150478KETCHMenBlueBootcutMildlyDistressedHeavyFadeStretchableJeans4.jpg,http://assets.myntassets.com/assets/images/18925582/2022/7/1/f8b2fce4-e048-4754-9484-3dd706e29d921656673150420KETCHMenBlueBootcutMildlyDistressedHeavyFadeStretchableJeans5.jpg,http://assets.myntassets.com/assets/images/18925582/2022/7/1/61be9965-0201-4d63-92d4-d40a5e781c0a1656673150445KETCHMenBlueBootcutMildlyDistressedHeavyFadeStretchableJeans6.jpg",
18973952.0,jeans,Men,Levis,Men Blue 517 Slim Fit Mid-Rise Stretchable Jeans,"  Dark shade,  no fade blue jeans   Slim fit,  mid-rise   Clean look   Stretchable   5 pocket   Length: regular  ",Cotton,"83% cotton, 16% polyester, 1% elastane. Machine-wash",,Slim Fit,,,Casual,Button and Zip,Regular,4.1,329,3499,48,"""竄ｹ3,499.00""",INR,http://assets.myntassets.com/assets/images/18973952/2022/7/27/6729d6f3-53e3-45e2-bb1f-7660acaa6aca1658924133527-Levis-Men-Blue-517-Slim-Fit-Mid-Rise-Stretchable-Jeans-15516-1.jpg,"http://assets.myntassets.com/assets/images/18973952/2022/7/27/6729d6f3-53e3-45e2-bb1f-7660acaa6aca1658924133527-Levis-Men-Blue-517-Slim-Fit-Mid-Rise-Stretchable-Jeans-15516-1.jpg,http://assets.myntassets.com/assets/images/18973952/2022/7/27/c354e2f6-fc41-4223-a870-c7cac6c0bd521658924133516-Levis-Men-Blue-517-Slim-Fit-Mid-Rise-Stretchable-Jeans-15516-2.jpg,http://assets.myntassets.com/assets/images/18973952/2022/7/27/52bb36dc-6140-411c-9c68-b0da1d3fe7c01658924133508-Levis-Men-Blue-517-Slim-Fit-Mid-Rise-Stretchable-Jeans-15516-3.jpg,http://assets.myntassets.com/assets/images/18973952/2022/7/27/f4066f17-d489-48c1-8bd0-aa50456222601658924133498-Levis-Men-Blue-517-Slim-Fit-Mid-Rise-Stretchable-Jeans-15516-4.jpg,http://assets.myntassets.com/assets/images/18973952/2022/7/27/7f7bc01f-b0b3-4503-9918-16cad21f8a1b1658924133489-Levis-Men-Blue-517-Slim-Fit-Mid-Rise-Stretchable-Jeans-15516-5.jpg,http://assets.myntassets.com/assets/images/18973952/2022/7/27/e862d28b-a4d3-4d0f-ae7e-f98106729e931658924133478-Levis-Men-Blue-517-Slim-Fit-Mid-Rise-Stretchable-Jeans-15516-6.jpg,http://assets.myntassets.com/assets/images/18973952/2022/7/27/93ea8b52-c0a3-4571-aeb7-da26373219c61658924133470-Levis-Men-Blue-517-Slim-Fit-Mid-Rise-Stretchable-Jeans-15516-7.jpg",
18973778.0,jeans,Men,Levis,Men Blue 517 Slim Bootcut Fit Light Fade Stretchable Jeans,"Blue 517 Bootcut Fit Light Fade Jeans, 5 pockets",Cotton,"74% Cotton, 24% Polyester, 2% Elastane,. Machine-wash",,Slim Fit,,,Casual,Button and Zip,Regular,3.7,61,4399,51,"""竄ｹ2,155.00""",INR,http://assets.myntassets.com/assets/images/18973778/2022/9/16/3fb2d280-e662-4c36-808a-1167db4e35bf1663326866241-Levis-Men-Blue-517-Slim-Bootcut-Fit-Light-Fade-Stretchable-J-1.jpg,"http://assets.myntassets.com/assets/images/18973778/2022/9/16/3fb2d280-e662-4c36-808a-1167db4e35bf1663326866241-Levis-Men-Blue-517-Slim-Bootcut-Fit-Light-Fade-Stretchable-J-1.jpg,http://assets.myntassets.com/assets/images/18973778/2022/9/16/d3861ea9-cb4c-4626-9b45-c585f627d0051663326866230-Levis-Men-Blue-517-Slim-Bootcut-Fit-Light-Fade-Stretchable-J-2.jpg,http://assets.myntassets.com/assets/images/18973778/2022/9/16/e7fbb197-dc22-400d-87c5-92f3e46fac621663326866218-Levis-Men-Blue-517-Slim-Bootcut-Fit-Light-Fade-Stretchable-J-3.jpg,http://assets.myntassets.com/assets/images/18973778/2022/9/16/d46d36f6-57ba-4914-8488-a670e55b29a21663326866206-Levis-Men-Blue-517-Slim-Bootcut-Fit-Light-Fade-Stretchable-J-4.jpg,http://assets.myntassets.com/assets/images/18973778/2022/9/16/e7259b40-a57d-4e07-b509-5b66a8057e4e1663326866195-Levis-Men-Blue-517-Slim-Bootcut-Fit-Light-Fade-Stretchable-J-5.jpg,http://assets.myntassets.com/assets/images/18973778/2022/9/16/b6227a8d-410e-4b4f-8333-0854d091cea61663326866185-Levis-Men-Blue-517-Slim-Bootcut-Fit-Light-Fade-Stretchable-J-6.jpg,http://assets.myntassets.com/assets/images/18973778/2022/9/16/6586373e-ed0a-4cd4-917d-b0380cd6c4521663326866173-Levis-Men-Blue-517-Slim-Bootcut-Fit-Light-Fade-Stretchable-J-7.jpg",
18689340.0,jeans,Women,Flying Machine,Women Black Wide Leg High-Rise Light Fade Cropped Jeans,"Dark shade, light fade black jeansWide leg, High-riseClean lookNon stretchableRaw hem5 pocketLength: Cropped",Cotton,100% Cotton. Machine Wash,,Wide Leg,,,Casual,Button and Zip,Cropped,4.3,36,2349,42,"""竄ｹ1,362.00""",INR,http://assets.myntassets.com/assets/images/18689340/2022/11/15/32bd1a50-caa9-44ca-ada9-cbb9edd469471668493646689-Flying-Machine-Women-Black-Wide-Leg-High-Rise-Light-Fade-Cro-1.jpg,"http://assets.myntassets.com/assets/images/18689340/2022/11/15/32bd1a50-caa9-44ca-ada9-cbb9edd469471668493646689-Flying-Machine-Women-Black-Wide-Leg-High-Rise-Light-Fade-Cro-1.jpg,http://assets.myntassets.com/assets/images/18689340/2022/11/15/852d8475-2a6c-48f5-a527-21c208b91f751668493646679-Flying-Machine-Women-Black-Wide-Leg-High-Rise-Light-Fade-Cro-2.jpg,http://assets.myntassets.com/assets/images/18689340/2022/11/15/f289c8b7-2de7-4aec-9da7-3ce3025667771668493646667-Flying-Machine-Women-Black-Wide-Leg-High-Rise-Light-Fade-Cro-3.jpg,http://assets.myntassets.com/assets/images/18689340/2022/11/15/b8351b7f-b67f-4d11-82a1-d8ade578024f1668493646654-Flying-Machine-Women-Black-Wide-Leg-High-Rise-Light-Fade-Cro-4.jpg,http://assets.myntassets.com/assets/images/18689340/2022/11/15/63578f4b-0719-4523-a67b-0c29a566bda21668493646643-Flying-Machine-Women-Black-Wide-Leg-High-Rise-Light-Fade-Cro-5.jpg,http://assets.myntassets.com/assets/images/18689340/2022/11/15/1d8034be-0cad-4159-b7f8-420f07dddf4d1668493646632-Flying-Machine-Women-Black-Wide-Leg-High-Rise-Light-Fade-Cro-6.jpg,http://assets.myntassets.com/assets/images/18689340/2022/11/15/78d509b7-409e-43b6-97b2-8f69eb1a920b1668493646621-Flying-Machine-Women-Black-Wide-Leg-High-Rise-Light-Fade-Cro-7.jpg",
18708638.0,jeans,Men,Dennis Lingo,Men Black Slim Fit Low Distress Light Fade Stretchable Jeans,"  Dark shade,  light fade black jeans   Slim fit,  mid-rise   Low distress   Stretchable   5 pocket   Length: regular  ",Cotton,"80.7% Cotton, 18% Poly, 1.3% Spandex. MACHINE WASH. DO NOT BLEACH. TUMBLE DRY LOW. WARM IRON. WASH DARK COLORS SEPARATELY",,Slim Fit,,,Casual,Button and Zip,Regular,3.4,13,3199,73,"""竄ｹ863.00""",INR,http://assets.myntassets.com/assets/images/18708638/2022/6/11/58f7b41e-6f8c-4e7c-b86d-9c333f1d2f041654947222592DennisLingoMensBlackSlimFitMidriseDenimJeans1.jpg,"http://assets.myntassets.com/assets/images/18708638/2022/6/11/58f7b41e-6f8c-4e7c-b86d-9c333f1d2f041654947222592DennisLingoMensBlackSlimFitMidriseDenimJeans1.jpg,http://assets.myntassets.com/assets/images/18708638/2022/6/11/ba47d7de-453b-4de9-85b6-288309bd8b3c1654947222603DennisLingoMensBlackSlimFitMidriseDenimJeans2.jpg,http://assets.myntassets.com/assets/images/18708638/2022/6/11/28f76de3-9d50-40a2-9ad6-f4d5729abc431654947222536DennisLingoMensBlackSlimFitMidriseDenimJeans3.jpg,http://assets.myntassets.com/assets/images/18708638/2022/6/11/983692a5-83a3-4de3-b0e6-b06f997f022f1654947222570DennisLingoMensBlackSlimFitMidriseDenimJeans4.jpg,http://assets.myntassets.com/assets/images/18708638/2022/6/11/e2405cba-6290-42b7-890a-5522886500411654947222581DennisLingoMensBlackSlimFitMidriseDenimJeans5.jpg,http://assets.myntassets.com/assets/images/18708638/2022/6/11/c540c209-7525-41f4-a1db-34caf1f509541654947222548DennisLingoMensBlackSlimFitMidriseDenimJeans6.jpg,http://assets.myntassets.com/assets/images/18708638/2022/6/11/32099888-3ba0-40a0-9af0-abb92bd5eb531654947222559DennisLingoMensBlackSlimFitMidriseDenimJeans7.jpg",
18734000.0,jeans,Men,Flying Machine,Men Blue Michael Slim Tapered Fit Heavy Fade Stretchable Jeans,"  Light shade,  heavy fade blue jeans   Slim fit,  mid-rise   Brand Fit: micheal   Clean look   Stretchable   Length: regular  ",Cotton,"75% cotton, 23% polyester, 2% elastane&nbsp;. Machine wash",,Slim Fit,,,Casual,Button and Zip,Regular,3.7,72,2699,61,"""竄ｹ1,052.00""",INR,http://assets.myntassets.com/assets/images/18734000/2022/11/2/a131c194-2e94-4b0f-bfc2-98b20eafab0e1667371137528-Flying-Machine-Men-Blue-Michael-Slim-Tapered-Fit-Heavy-Fade--1.jpg,"http://assets.myntassets.com/assets/images/18734000/2022/11/2/a131c194-2e94-4b0f-bfc2-98b20eafab0e1667371137528-Flying-Machine-Men-Blue-Michael-Slim-Tapered-Fit-Heavy-Fade--1.jpg,http://assets.myntassets.com/assets/images/18734000/2022/11/2/1c39946f-85ab-447c-b0d6-8550265b62b51667371137519-Flying-Machine-Men-Blue-Michael-Slim-Tapered-Fit-Heavy-Fade--2.jpg,http://assets.myntassets.com/assets/images/18734000/2022/11/2/eebe7008-f709-4e9e-84b9-bfba3a474a091667371137510-Flying-Machine-Men-Blue-Michael-Slim-Tapered-Fit-Heavy-Fade--3.jpg,http://assets.myntassets.com/assets/images/18734000/2022/11/2/5db226ba-ca36-4607-8016-483884b943da1667371137501-Flying-Machine-Men-Blue-Michael-Slim-Tapered-Fit-Heavy-Fade--4.jpg,http://assets.myntassets.com/assets/images/18734000/2022/11/2/fbe5ae14-73e4-498f-ae33-1d53e7346cdc1667371137492-Flying-Machine-Men-Blue-Michael-Slim-Tapered-Fit-Heavy-Fade--5.jpg,http://assets.myntassets.com/assets/images/18734000/2022/11/2/4dc70860-8a29-4960-85a4-237d2527eda71667371137482-Flying-Machine-Men-Blue-Michael-Slim-Tapered-Fit-Heavy-Fade--6.jpg,http://assets.myntassets.com/assets/images/18734000/2022/11/2/49464d78-21a7-464b-8584-c0cfaf2a5c331667371137471-Flying-Machine-Men-Blue-Michael-Slim-Tapered-Fit-Heavy-Fade--7.jpg",
18973790.0,jeans,Men,Levis,Men Blue 512 Slim Tapered Fit Heavy Fade Jeans,"Dark shade, heavy fade blue jeansSlim fit, mid-riseClean lookStretchable5 pocketsLength: regular",Cotton,"74% Cotton, 13% Polyester, 11% Hemp, 2% Elastane. Machine-wash. ",,Slim Fit,,,Casual,Button and Zip,Regular,4.3,54,5599,50,"""竄ｹ2,799.00""",INR,http://assets.myntassets.com/assets/images/18973790/2022/9/27/425019c9-ac22-4d3c-8af6-b813ad0ad0c81664259091268-Levis-Men-Jeans-901664259090717-1.jpg,"http://assets.myntassets.com/assets/images/18973790/2022/9/27/425019c9-ac22-4d3c-8af6-b813ad0ad0c81664259091268-Levis-Men-Jeans-901664259090717-1.jpg,http://assets.myntassets.com/assets/images/18973790/2022/9/27/e9a40330-d932-483f-9d66-00cb213d3f2a1664259091260-Levis-Men-Jeans-901664259090717-2.jpg,http://assets.myntassets.com/assets/images/18973790/2022/9/27/e3f2e865-612d-4d51-bef9-6934dbd930231664259091250-Levis-Men-Jeans-901664259090717-3.jpg,http://assets.myntassets.com/assets/images/18973790/2022/9/27/877d321c-0365-423f-ae57-e6c5455bfeb41664259091240-Levis-Men-Jeans-901664259090717-4.jpg,http://assets.myntassets.com/assets/images/18973790/2022/9/27/74ee1b60-2482-40aa-811d-5a3022bb5ca71664259091232-Levis-Men-Jeans-901664259090717-5.jpg,http://assets.myntassets.com/assets/images/18973790/2022/9/27/e3fd2bbe-194f-443a-8f5b-840755a880dc1664259091223-Levis-Men-Jeans-901664259090717-6.jpg,http://assets.myntassets.com/assets/images/18973790/2022/9/27/3313c1cc-fc14-4837-87eb-7398528b0c5f1664259091214-Levis-Men-Jeans-901664259090717-7.jpg",
21184968.0,jeans,Women,HERE&NOW,Women Flared Heavy Fade Stretchable Jeans,"Medium shade, heavy fade blue jeansFlared, mid-riseClean lookStretchable5 pocketLength: regular",Cotton,82% Cotton 16.5% Polyester 1.5% Elastane. Machine wash,,Flared,,,Casual,Button and Zip,Regular,4.6,111,2399,68,"""竄ｹ767.00""",INR,http://assets.myntassets.com/assets/images/21184968/2023/3/21/1718a728-a91e-439e-9c20-69ad8651f6fd1679379588965-HERENOW-Women-Jeans-161679379588382-1.jpg,"http://assets.myntassets.com/assets/images/21184968/2023/3/21/1718a728-a91e-439e-9c20-69ad8651f6fd1679379588965-HERENOW-Women-Jeans-161679379588382-1.jpg,http://assets.myntassets.com/assets/images/21184968/2023/3/21/e0b3ca7d-2760-403e-bb4c-0a45bd3fd9c91679379588952-HERENOW-Women-Jeans-161679379588382-2.jpg,http://assets.myntassets.com/assets/images/21184968/2023/3/21/9b0c7bd1-b9da-46be-9134-d14c12a6432d1679379588939-HERENOW-Women-Jeans-161679379588382-3.jpg,http://assets.myntassets.com/assets/images/21184968/2023/3/21/d4bf3fba-948b-45e7-a1b8-488b370161d51679379588924-HERENOW-Women-Jeans-161679379588382-4.jpg,http://assets.myntassets.com/assets/images/21184968/2023/3/21/3e616c4d-7096-43f5-9d6a-6b566e26a58e1679379588910-HERENOW-Women-Jeans-161679379588382-5.jpg,http://assets.myntassets.com/assets/images/21184968/2023/3/21/1ac2805b-b2e1-4b9e-84ba-5cc9c65e1c2c1679379588896-HERENOW-Women-Jeans-161679379588382-6.jpg,http://assets.myntassets.com/assets/images/21184968/2023/3/21/046464b9-f653-447b-bf19-c2b5c092084c1679379588880-HERENOW-Women-Jeans-161679379588382-7.jpg",
18734380.0,jeans,Men,Flying Machine,Men Black Slim Tapered Micheal Fit Stretchable Jeans,"Dark shade, no fade black jeansSlim fit, mid-riseBrand Fit: michealClean lookStretchable5 pocketsLength: regular",Cotton,"98.5% cotton, 1.5% spandex. Machine wash cold, wash dark colors separately",,Slim Fit,,,Casual,Button and Zip,Regular,3.6,12,2599,50,"""竄ｹ2,599.00""",INR,http://assets.myntassets.com/assets/images/18734380/2022/7/22/e8545066-cf5a-4b4e-a3ca-a5cfec1e5ed21658485089912-Flying-Machine-Men-Jeans-3211658485089249-1.jpg,"http://assets.myntassets.com/assets/images/18734380/2022/7/22/e8545066-cf5a-4b4e-a3ca-a5cfec1e5ed21658485089912-Flying-Machine-Men-Jeans-3211658485089249-1.jpg,http://assets.myntassets.com/assets/images/18734380/2022/7/22/4a146fa3-c8c4-4b4f-b3f6-f8e6d7060a0d1658485089903-Flying-Machine-Men-Jeans-3211658485089249-2.jpg,http://assets.myntassets.com/assets/images/18734380/2022/7/22/5b115851-6acb-47d8-b0d9-32bd0855e3c61658485089895-Flying-Machine-Men-Jeans-3211658485089249-3.jpg,http://assets.myntassets.com/assets/images/18734380/2022/7/22/eaf36e08-752c-4181-b696-7cf65019a4141658485089886-Flying-Machine-Men-Jeans-3211658485089249-4.jpg,http://assets.myntassets.com/assets/images/18734380/2022/7/22/3b1fc130-779c-4f26-b68a-04c911d23ffe1658485089877-Flying-Machine-Men-Jeans-3211658485089249-5.jpg,http://assets.myntassets.com/assets/images/18734380/2022/7/22/deb4391d-8909-4cb3-98e7-fd77724ab61d1658485089869-Flying-Machine-Men-Jeans-3211658485089249-6.jpg,http://assets.myntassets.com/assets/images/18734380/2022/7/22/4f5c87c0-2216-49a2-ba56-7d96fd76e8741658485089859-Flying-Machine-Men-Jeans-3211658485089249-7.jpg",
18736356.0,jeans,Women,H&M,Women Blue Ripped Boyfriend Low Regular Jeans,"5-pocket jeans in washed cotton denim with hard-worn details. Looser fit with a low waist and crotch, zip fly and button, and tapered legs. The cotton content of the jeans is partly recycled.",Cotton,100% Cotton,,Boyfriend Fit,,,Casual,Button and Zip,Cropped,3.8,40,2699,25,"""竄ｹ2,024.00""",INR,http://assets.myntassets.com/assets/images/18736356/2022/6/15/b4e9dc88-497f-4cb6-8c6d-816959ab22291655264638559BoyfriendLowRegularJeans1.jpg,"http://assets.myntassets.com/assets/images/18736356/2022/6/15/b4e9dc88-497f-4cb6-8c6d-816959ab22291655264638559BoyfriendLowRegularJeans1.jpg,http://assets.myntassets.com/assets/images/18736356/2022/6/15/a96fb379-b649-4712-9216-5a7c0484f0f01655264638568BoyfriendLowRegularJeans2.jpg,http://assets.myntassets.com/assets/images/18736356/2022/6/15/39f9a71c-a6bf-4a5e-9aed-07fa525cfdf41655264638519BoyfriendLowRegularJeans3.jpg,http://assets.myntassets.com/assets/images/18736356/2022/6/15/28839e5a-517d-4095-9037-f227a8d857dc1655264638528BoyfriendLowRegularJeans4.jpg,http://assets.myntassets.com/assets/images/18736356/2022/6/15/23efe59a-ce42-4b76-8595-fb2c4938fe831655264638537BoyfriendLowRegularJeans5.jpg",
18903148.0,jeans,Women,Levis,Women Blue 711 Skinny Fit Light Fade Stretchable Jeans,"  Medium shade,  light fade blue jeans   Skinny fit,  mid-rise   Clean look   Stretchable   5 pocket   Length: regular  ",Cotton,"60% Cotton, 23% Viscose, 16% Polyester, 1% Elastane. Machine-wash",,Skinny Fit,,,Casual,Button and Zip,Regular,4.3,150,3899,20,"""竄ｹ2,027.00""",INR,http://assets.myntassets.com/assets/images/18903148/2023/1/18/7bc979a1-f904-48bc-9a40-b4eafd1022301674036933593LevisWomenBlue711SkinnyFitLightFadeStretchableJeans1.jpg,"http://assets.myntassets.com/assets/images/18903148/2023/1/18/7bc979a1-f904-48bc-9a40-b4eafd1022301674036933593LevisWomenBlue711SkinnyFitLightFadeStretchableJeans1.jpg,http://assets.myntassets.com/assets/images/18903148/2023/1/18/57b444de-763d-4423-b5e0-7a2fda8abbfe1674036933614LevisWomenBlue711SkinnyFitLightFadeStretchableJeans2.jpg,http://assets.myntassets.com/assets/images/18903148/2023/1/18/ae4aaa90-3a25-4d6a-8ea8-a8dbe86ee21a1674036933626LevisWomenBlue711SkinnyFitLightFadeStretchableJeans3.jpg,http://assets.myntassets.com/assets/images/18903148/2023/1/18/c4f12171-1615-40a4-ad90-aa591bda099b1674036933640LevisWomenBlue711SkinnyFitLightFadeStretchableJeans4.jpg,http://assets.myntassets.com/assets/images/18903148/2023/1/18/6ad39ac9-45ea-4762-a904-5a8cefb61bc21674036933652LevisWomenBlue711SkinnyFitLightFadeStretchableJeans5.jpg,http://assets.myntassets.com/assets/images/18903148/2023/1/18/3cfd7e7e-4102-4277-9700-feab28d298811674036933663LevisWomenBlue711SkinnyFitLightFadeStretchableJeans6.jpg,http://assets.myntassets.com/assets/images/18903148/2023/1/18/b0611b9c-f079-404a-801f-51b88b69c9fa1674036933675LevisWomenBlue711SkinnyFitLightFadeStretchableJeans7.jpg,http://assets.myntassets.com/assets/images/18903148/2023/1/18/3ae6e63a-9627-4837-a8b4-20354e1ff9e71674036933603LevisWomenBlue711SkinnyFitLightFadeStretchableJeans11.jpg",
18734006.0,jeans,Men,Flying Machine,Men Blue Jackson Skinny Fit Low-Rise Heavy Fade Stretchable Jeans,"Medium shade, heavy fade blue jeansSkinny fit, low-riseBrand Fit: JacksonClean lookStretchable5 pocketsLength: regular",Cotton,"99% Cotton, 1% Elastane. Machine wash, cold",,Skinny Fit,,,Casual,Button and Zip,Regular,4.3,42,2499,50,"""竄ｹ1,249.00""",INR,http://assets.myntassets.com/assets/images/18734006/2022/11/7/53ac1115-90d2-48a4-b50b-d839e14391d31667813276360-Flying-Machine-Men-Blue-Jackson-Skinny-Fit-Low-Rise-Heavy-Fa-1.jpg,"http://assets.myntassets.com/assets/images/18734006/2022/11/7/53ac1115-90d2-48a4-b50b-d839e14391d31667813276360-Flying-Machine-Men-Blue-Jackson-Skinny-Fit-Low-Rise-Heavy-Fa-1.jpg,http://assets.myntassets.com/assets/images/18734006/2022/11/7/55ae09a3-2d08-4284-90a7-346e8d2dc6c41667813276350-Flying-Machine-Men-Blue-Jackson-Skinny-Fit-Low-Rise-Heavy-Fa-2.jpg,http://assets.myntassets.com/assets/images/18734006/2022/11/7/51c9144e-15a4-4dbc-91fb-4b49524b52b01667813276340-Flying-Machine-Men-Blue-Jackson-Skinny-Fit-Low-Rise-Heavy-Fa-3.jpg,http://assets.myntassets.com/assets/images/18734006/2022/11/7/e8747c57-3257-4b60-854c-0d5260c4722c1667813276330-Flying-Machine-Men-Blue-Jackson-Skinny-Fit-Low-Rise-Heavy-Fa-4.jpg,http://assets.myntassets.com/assets/images/18734006/2022/11/7/7dabe2c3-d2cb-4634-b351-02577a191cac1667813276320-Flying-Machine-Men-Blue-Jackson-Skinny-Fit-Low-Rise-Heavy-Fa-5.jpg,http://assets.myntassets.com/assets/images/18734006/2022/11/7/335a4e51-aef3-45fe-b4ed-b740bceef4471667813276311-Flying-Machine-Men-Blue-Jackson-Skinny-Fit-Low-Rise-Heavy-Fa-6.jpg,http://assets.myntassets.com/assets/images/18734006/2022/11/7/2de61cec-306e-4b93-98cc-1cac0db3117e1667813276289-Flying-Machine-Men-Blue-Jackson-Skinny-Fit-Low-Rise-Heavy-Fa-7.jpg",
18928362.0,jeans,Women,AMERICAN EAGLE OUTFITTERS,Women Blue Skinny Fit Mildly Distressed Light Fade Jeans,"  Medium shade,  light fade blue jeans   Skinny fit,  mid-rise   Mildly distressed   Non stretchable   Length: cropped  ",Cotton,Cotton. Machine wash,,Skinny Fit,,,Casual,Button and Zip,Cropped,4.1,9,4499,60,"""竄ｹ1,799.00""",INR,http://assets.myntassets.com/assets/images/18928362/2022/7/1/6fe0a0ad-67ba-4f0d-adc9-2800d5e2640f1656663418818AMERICANEAGLEOUTFITTERSWomenBlueSlimFitMildlyDistressedLight1.jpg,"http://assets.myntassets.com/assets/images/18928362/2022/7/1/6fe0a0ad-67ba-4f0d-adc9-2800d5e2640f1656663418818AMERICANEAGLEOUTFITTERSWomenBlueSlimFitMildlyDistressedLight1.jpg,http://assets.myntassets.com/assets/images/18928362/2022/7/1/06f3f6fa-809a-4106-977b-d54141b2aec51656663418791AMERICANEAGLEOUTFITTERSWomenBlueSlimFitMildlyDistressedLight2.jpg,http://assets.myntassets.com/assets/images/18928362/2022/7/1/38fad28a-38ef-41e2-b9dc-ad1176179b7b1656663418829AMERICANEAGLEOUTFITTERSWomenBlueSlimFitMildlyDistressedLight3.jpg,http://assets.myntassets.com/assets/images/18928362/2022/7/1/f3e319f7-11ea-46ba-9f06-cf1df8daf72b1656663418779AMERICANEAGLEOUTFITTERSWomenBlueSlimFitMildlyDistressedLight4.jpg,http://assets.myntassets.com/assets/images/18928362/2022/7/1/1fcc2ae8-6574-4d99-b874-44435f2a61a21656663418804AMERICANEAGLEOUTFITTERSWomenBlueSlimFitMildlyDistressedLight5.jpg",
18964420.0,jeans,Men,American Bull,Men Blue Skinny Fit Light Fade Jeans,"  Light shade, light fade blue jeans   Skinny fit, mid-rise   Clean look   Stretchable   5 pocket   Length: regular  ",Cotton,COTTON POLY ELASTANE. Machine Wash,,Skinny Fit,,,Casual,Button and Zip,Regular,4.5,2,4299,62,"""竄ｹ1,633.00""",INR,http://assets.myntassets.com/assets/images/18964420/2022/7/4/bb164246-06e2-4606-8a31-fe9d49afcd761656947465211Jeans1.jpg,"http://assets.myntassets.com/assets/images/18964420/2022/7/4/bb164246-06e2-4606-8a31-fe9d49afcd761656947465211Jeans1.jpg,http://assets.myntassets.com/assets/images/18964420/2022/7/4/fc924583-1183-405f-b23e-634b3fff8bce1656947465228Jeans2.jpg,http://assets.myntassets.com/assets/images/18964420/2022/7/4/f01db2d1-c913-4119-a8b5-5bc4d460b1ab1656947465235Jeans3.jpg,http://assets.myntassets.com/assets/images/18964420/2022/7/4/c9cbf6a6-a6fc-47b7-b9d8-7bd2168c5cc61656947465243Jeans4.jpg,http://assets.myntassets.com/assets/images/18964420/2022/7/4/d9da67b0-6f35-4dcb-b106-c7dbf532ec9f1656947465190Jeans5.jpg,http://assets.myntassets.com/assets/images/18964420/2022/7/4/3746e9af-e30b-40de-b234-6f9e4fec9bbd1656947465220Jeans6.jpg,http://assets.myntassets.com/assets/images/18964420/2022/7/4/2ff526d3-4527-43da-b360-7cf088f024881656947465203Jeans7.jpg",
18734132.0,jeans,Men,Flying Machine,Men Blue Jackson Skinny Fit Low-Rise Heavy Fade Stretchable Jeans,"  Dark shade,  heavy fade blue jeans   Skinny fit,  low-rise   Brand Fit: jackson   Clean look   Stretchable   5 pocket   Length: regular  ",Cotton,"99% Cotton, 1% Elastane. Machine wash",,Skinny Fit,,,Casual,Button and Zip,Regular,3.6,62,2499,61,"""竄ｹ974.00""",INR,http://assets.myntassets.com/assets/images/18734132/2022/8/3/5ac383e4-05e6-4eca-b019-c21bb1ed1f411659523182513-Flying-Machine-Men-Jeans-8381659523181824-1.jpg,"http://assets.myntassets.com/assets/images/18734132/2022/8/3/5ac383e4-05e6-4eca-b019-c21bb1ed1f411659523182513-Flying-Machine-Men-Jeans-8381659523181824-1.jpg,http://assets.myntassets.com/assets/images/18734132/2022/8/3/a6cd97dc-88f0-439e-9d4c-1759fe9c39fd1659523182504-Flying-Machine-Men-Jeans-8381659523181824-2.jpg,http://assets.myntassets.com/assets/images/18734132/2022/8/3/9ea74a6a-32df-43e9-b903-c2b6e4a760f21659523182493-Flying-Machine-Men-Jeans-8381659523181824-3.jpg,http://assets.myntassets.com/assets/images/18734132/2022/8/3/0d332fbb-eec6-4013-977d-c6f147411dd81659523182482-Flying-Machine-Men-Jeans-8381659523181824-4.jpg,http://assets.myntassets.com/assets/images/18734132/2022/8/3/04502e75-5dc5-402a-bcf7-03de7829ec8f1659523182472-Flying-Machine-Men-Jeans-8381659523181824-5.jpg,http://assets.myntassets.com/assets/images/18734132/2022/8/3/25390da8-c080-4079-9cd3-291d0531dc901659523182463-Flying-Machine-Men-Jeans-8381659523181824-6.jpg,http://assets.myntassets.com/assets/images/18734132/2022/8/3/7f7c1aa3-ad87-4769-9b2c-f0135456da4f1659523182451-Flying-Machine-Men-Jeans-8381659523181824-7.jpg",
18973914.0,jeans,Men,Levis,Men Blue 512 Slim Tapered Fit Mid Rise Light Fade Stretchable Jeans,"Blue 512 Slim Tapered Fit Mid Rise Light Fade Jeans, 5 pockets",Cotton,"68% Cotton, 30% Polyester &amp; 2% Elastane. &nbsp;Machine-wash",,Slim Fit,,,Casual,Button and Zip,Regular,4.4,243,3799,60,"""竄ｹ2,089.00""",INR,http://assets.myntassets.com/assets/images/18973914/2022/9/21/123a71a7-b445-4307-9083-aa318e1d02ff1663762821475-Levis-Men-Blue-512-Slim-Tapered-Fit-Mid-Rise-Light-Fade-Stre-1.jpg,"http://assets.myntassets.com/assets/images/18973914/2022/9/21/123a71a7-b445-4307-9083-aa318e1d02ff1663762821475-Levis-Men-Blue-512-Slim-Tapered-Fit-Mid-Rise-Light-Fade-Stre-1.jpg,http://assets.myntassets.com/assets/images/18973914/2022/9/21/ac4eb73b-7fac-49f6-8c3b-5e58fde1c3ee1663762821464-Levis-Men-Blue-512-Slim-Tapered-Fit-Mid-Rise-Light-Fade-Stre-2.jpg,http://assets.myntassets.com/assets/images/18973914/2022/9/21/eae1477d-1280-4688-8676-838568e00b001663762821452-Levis-Men-Blue-512-Slim-Tapered-Fit-Mid-Rise-Light-Fade-Stre-3.jpg,http://assets.myntassets.com/assets/images/18973914/2022/9/21/7506b40c-44b3-44cd-995e-006b853b56871663762821440-Levis-Men-Blue-512-Slim-Tapered-Fit-Mid-Rise-Light-Fade-Stre-4.jpg,http://assets.myntassets.com/assets/images/18973914/2022/9/21/bf08950d-3d6b-49cd-9734-66e0fe64c7a81663762821428-Levis-Men-Blue-512-Slim-Tapered-Fit-Mid-Rise-Light-Fade-Stre-5.jpg,http://assets.myntassets.com/assets/images/18973914/2022/9/21/d53fd7e9-5f03-4457-aa52-15a6ca62f8b01663762821417-Levis-Men-Blue-512-Slim-Tapered-Fit-Mid-Rise-Light-Fade-Stre-6.jpg,http://assets.myntassets.com/assets/images/18973914/2022/9/21/364a2577-b6c9-4834-8de8-f90afb0bdc4c1663762821404-Levis-Men-Blue-512-Slim-Tapered-Fit-Mid-Rise-Light-Fade-Stre-7.jpg,http://assets.myntassets.com/assets/images/18973914/2023/12/5/8f407163-c905-4e92-a261-0a57d4fd5c3b1701772333047-Levis-Men-Blue-512-Slim-Tapered-Fit-Mid-Rise-Light-Fade-Stre-11.jpg",
15049188.0,jumpsuit,Women,Roadster,Pink & Black Geometric Printed Basic Smocked Detail Jumpsuit,"Pink and black printed basic jumpsuit with gathers ,has a square neck, short sleeves, 1 pocket",Viscose Rayon,100% Viscose rayon. Machine wash,Printed,,Square Neck,Short Sleeves,Casual,Concealed Zip,,4.5,50,2099,60,"""竄ｹ692.00""",INR,http://assets.myntassets.com/assets/images/15049188/2022/5/10/ab7f711b-c870-42be-9ad8-62f4a61b98491652180462148-Roadster-Women-Jumpsuit-9441652180461535-1.jpg,"http://assets.myntassets.com/assets/images/15049188/2022/5/10/ab7f711b-c870-42be-9ad8-62f4a61b98491652180462148-Roadster-Women-Jumpsuit-9441652180461535-1.jpg,http://assets.myntassets.com/assets/images/15049188/2022/5/10/70289365-d84b-4824-b8dd-7445655afa001652180462127-Roadster-Women-Jumpsuit-9441652180461535-2.jpg,http://assets.myntassets.com/assets/images/15049188/2022/5/10/eb343719-3301-43fc-adcf-9e998ec00c681652180462107-Roadster-Women-Jumpsuit-9441652180461535-3.jpg,http://assets.myntassets.com/assets/images/15049188/2022/5/10/0957c125-7ec5-4485-afa0-8ed7acc40ea41652180462087-Roadster-Women-Jumpsuit-9441652180461535-4.jpg,http://assets.myntassets.com/assets/images/15049188/2022/5/10/83d8d5bd-da00-4434-a3bf-df3c5a4ef7351652180462067-Roadster-Women-Jumpsuit-9441652180461535-5.jpg,http://assets.myntassets.com/assets/images/15049188/2022/5/10/8d3fd87d-6dd5-420b-b86e-cf457b7cd5581652180462046-Roadster-Women-Jumpsuit-9441652180461535-6.jpg",
16873660.0,lounge-pants,Men,Peter England,Men Maroon Cotton Track suits,"Peter England Men Maroon Cotton Track suits - mid raise, inner elastic, drawstring closure, 2 pockets, jogger type",Cotton,100% Cotton. Machine wash,Solid,,,,,Drawstring,,3.9,22,1049,,"""竄ｹ1,049.00""",INR,http://assets.myntassets.com/assets/images/16873660/2022/1/19/497e9601-5cbf-4a95-8cbb-7724ec31b0a51642574484322MenMaroonCasualTrousers1.jpg,"http://assets.myntassets.com/assets/images/16873660/2022/1/19/497e9601-5cbf-4a95-8cbb-7724ec31b0a51642574484322MenMaroonCasualTrousers1.jpg,http://assets.myntassets.com/assets/images/16873660/2022/1/19/2436f3ac-8ee9-4321-9c19-5add18a6f39d1642574484311MenMaroonCasualTrousers2.jpg,http://assets.myntassets.com/assets/images/16873660/2022/1/19/86bfc7af-fbe8-4f40-b16f-90dbaf24f0d01642574484297MenMaroonCasualTrousers3.jpg,http://assets.myntassets.com/assets/images/16873660/2022/1/19/c1a58a0d-6cdf-4ca7-8c63-30cb73dc9c1e1642574484333MenMaroonCasualTrousers4.jpg,http://assets.myntassets.com/assets/images/16873660/2022/1/19/46e22a4b-73b9-4777-b574-62dfca3c33891642574484206MenMaroonCasualTrousers5.jpg",
18273822.0,lounge-shorts,Women,Dreamz by Pantaloons,Women Grey & White Striped Cotton Lounge Shorts,"A pair of grey and white mid-rise striped knitted lounge shorts,  has inner elastic waistband with drawstring closure, 2 pocket",Cotton,Cotton. Machine wash,Striped,,,,,Drawstring,,4.5,15,499,2,"""竄ｹ489.00""",INR,http://assets.myntassets.com/assets/images/18273822/2022/5/16/39467ea6-be82-4dc1-b5c6-529f0c219f831652690345156DreamzbyPantaloonsWomenGreyStripedShorts1.jpg,"http://assets.myntassets.com/assets/images/18273822/2022/5/16/39467ea6-be82-4dc1-b5c6-529f0c219f831652690345156DreamzbyPantaloonsWomenGreyStripedShorts1.jpg,http://assets.myntassets.com/assets/images/18273822/2022/5/16/a8207f7c-658b-42c0-9cc3-11a4e1178ccb1652690345169DreamzbyPantaloonsWomenGreyStripedShorts3.jpg,http://assets.myntassets.com/assets/images/18273822/2022/5/16/fbd04ca4-0044-49d1-a9b8-bed64d0331d01652690345144DreamzbyPantaloonsWomenGreyStripedShorts4.jpg,http://assets.myntassets.com/assets/images/18273822/2022/5/16/9eef098b-29fa-4b6b-9e8f-172b469a1f741652690345129DreamzbyPantaloonsWomenGreyStripedShorts5.jpg,http://assets.myntassets.com/assets/images/18273822/2022/5/16/1247b0d2-28f5-4e9c-9762-8ce5db8dd08b1652690345181DreamzbyPantaloonsWomenGreyStripedShorts6.jpg",
13478370.0,lounge-tshirts,Men,Jack & Jones,Men Navy Blue Solid Polo Collar Lounge T-shirt,"Navy Blue solid lounge t-shirt, has a polo collar and short leeves",Cotton,Cotton. Machine wash,Solid,,Round Neck,Short Sleeves,,,,3.7,10,1199,10,"""竄ｹ1,199.00""",INR,http://assets.myntassets.com/assets/images/13478370/2021/5/21/ac661e60-5eaa-45bc-a555-b495339e82481621580150128-JJDI-GLENN-POLO-IN-7291621580149240-1.jpg,"http://assets.myntassets.com/assets/images/13478370/2021/5/21/ac661e60-5eaa-45bc-a555-b495339e82481621580150128-JJDI-GLENN-POLO-IN-7291621580149240-1.jpg,http://assets.myntassets.com/assets/images/13478370/2021/5/21/771b72ae-72fb-4d8e-9bc2-b0470a8e8a041621580150103-JJDI-GLENN-POLO-IN-7291621580149240-2.jpg,http://assets.myntassets.com/assets/images/13478370/2021/5/21/e17506b4-eca9-4cdd-a86a-e5bb211fb9dd1621580150075-JJDI-GLENN-POLO-IN-7291621580149240-3.jpg,http://assets.myntassets.com/assets/images/13478370/2021/5/21/e278f90b-ac5a-42da-abe2-79f0fa1900341621580150050-JJDI-GLENN-POLO-IN-7291621580149240-4.jpg,http://assets.myntassets.com/assets/images/13478370/2021/5/21/66cc5f78-7ef2-4f24-b44f-859363c6937e1621580150025-JJDI-GLENN-POLO-IN-7291621580149240-5.jpg",
22492614.0,lounge-tshirts,Men,U.S. Polo Assn.,Men Brand Logo Printed Pure Cotton Lightweight Lounge T-Shirt,"Pack of 1 navy Blue & Light blue brand print at chest printed lounge T-shirt, has a ribbed crew neck, and short sleevesShort sleeves for easy and unrestricted movementThe pure cotton fabric has better breathability and absorbencyKnit construction ensures the material is lightweight and comfortableFeatures:Ribbed crew neck ensures shape retention that withstands repeated wash and wearShort sleeves for easy and unrestricted movementThe product is tagless to provide a smooth surface and minimises any irritation]Brand print at the chest connects you to the brand heritageKnit construction ensures the material is lightweight and comfortableThe comfort fit ensures you have more space in the chest and torso areaThe pure cotton fabric has better breathability and absorbency",Cotton,100% Cotton. Machine Wash,Printed,,Round Neck,Short Sleeves,,,,4.2,19,699,5,"""竄ｹ664.00""",INR,http://assets.myntassets.com/assets/images/22492614/2024/1/19/47dbf289-54ba-41c6-bb77-67e17f52af131705648274834USPoloAssnMenBrandLogoPrintedPureCottonLightweightLoungeT-Sh1.jpg,"http://assets.myntassets.com/assets/images/22492614/2024/1/19/47dbf289-54ba-41c6-bb77-67e17f52af131705648274834USPoloAssnMenBrandLogoPrintedPureCottonLightweightLoungeT-Sh1.jpg,http://assets.myntassets.com/assets/images/22492614/2024/1/19/99c9d591-489c-458b-9598-278a1ed30d171705648274841USPoloAssnMenBrandLogoPrintedPureCottonLightweightLoungeT-Sh2.jpg,http://assets.myntassets.com/assets/images/22492614/2024/1/19/6fb1f755-8e55-4ba6-bf04-58a49ec85d191705648274849USPoloAssnMenBrandLogoPrintedPureCottonLightweightLoungeT-Sh3.jpg,http://assets.myntassets.com/assets/images/22492614/2024/1/19/de93a3e1-552b-4f1d-8df4-da3e6b50a16e1705648274858USPoloAssnMenBrandLogoPrintedPureCottonLightweightLoungeT-Sh4.jpg,http://assets.myntassets.com/assets/images/22492614/2024/1/19/c29f4e9b-f5d2-472e-972b-dbaa8d5d20711705648274866USPoloAssnMenBrandLogoPrintedPureCottonLightweightLoungeT-Sh5.jpg,http://assets.myntassets.com/assets/images/22492614/2024/1/19/3ec77989-1967-47c0-8818-6a2f9a3b7ba71705648274875USPoloAssnMenBrandLogoPrintedPureCottonLightweightLoungeT-Sh6.jpg,http://assets.myntassets.com/assets/images/22492614/2024/1/19/89c4f053-ce6d-4063-81ed-bfa7989028841705648274883USPoloAssnMenBrandLogoPrintedPureCottonLightweightLoungeT-Sh7.jpg",
13428018.0,lounge-tshirts,Women,ETC,Women Brown & Navy Blue Pure Cotton Striped Lounge T-Shirt,"Brown and Navy Blue striped lounge T-shirt, has a round neck and short sleeves",Cotton,100% Cotton. Machine Wash,Striped,,Round Neck,Short Sleeves,,,,4.3,189,799,70,"""竄ｹ559.00""",INR,http://assets.myntassets.com/assets/images/13428018/2021/2/17/699ba320-3c0d-445a-9acf-fd21866268d31613541671124-ETC-Women-Lounge-Tshirts-2031613541669302-1.jpg,"http://assets.myntassets.com/assets/images/13428018/2021/2/17/699ba320-3c0d-445a-9acf-fd21866268d31613541671124-ETC-Women-Lounge-Tshirts-2031613541669302-1.jpg,http://assets.myntassets.com/assets/images/13428018/2021/2/17/093765eb-1bca-41f2-8ed9-ff42c37ece8b1613541671092-ETC-Women-Lounge-Tshirts-2031613541669302-2.jpg,http://assets.myntassets.com/assets/images/13428018/2021/2/17/81d89cec-250d-447b-aa73-68828a2b956d1613541671062-ETC-Women-Lounge-Tshirts-2031613541669302-3.jpg,http://assets.myntassets.com/assets/images/13428018/2021/2/17/516c9c4d-f412-4559-bd1e-b7d1ea36e14a1613541671033-ETC-Women-Lounge-Tshirts-2031613541669302-4.jpg,http://assets.myntassets.com/assets/images/13428018/2021/2/17/057000c2-1bfd-497b-9b7b-66901304c7251613541671006-ETC-Women-Lounge-Tshirts-2031613541669302-5.jpg",
15898082.0,nightdress,Women,Bailey sells,Blue Printed Maxi Nightdress,"Make your relaxed time high on style by slipping into this nightdress, crafted from the softest fabric. Plush yet comfy, this pick ranks high on fashion quotient. FeaturesVANumber: BSR0121V-neckShort sleevesMaxi",Pure Cotton,"100% Cotton,Machine wash",Printed,,V-Neck,Short Sleeves,Everyday,,Maxi,4.6,5,1450,52,"""竄ｹ696.00""",INR,http://assets.myntassets.com/assets/images/15898082/2021/10/22/9e9c7251-2f5c-4d0a-980f-45b4a5b18d111634895627403BaileysellsWomenBluePrinted1.jpg,"http://assets.myntassets.com/assets/images/15898082/2021/10/22/9e9c7251-2f5c-4d0a-980f-45b4a5b18d111634895627403BaileysellsWomenBluePrinted1.jpg,http://assets.myntassets.com/assets/images/15898082/2021/10/22/9e3c8f7c-a923-4606-b861-dfd5d6c6f4af1634895626956BaileysellsWomenBluePrinted2.jpg,http://assets.myntassets.com/assets/images/15898082/2021/10/22/fac14f43-b78f-424a-8cea-eff182a9493d1634895627222BaileysellsWomenBluePrinted3.jpg,http://assets.myntassets.com/assets/images/15898082/2021/10/22/95091e0e-725f-4ddb-9fd3-d018bc756cae1634895627296BaileysellsWomenBluePrinted4.jpg,http://assets.myntassets.com/assets/images/15898082/2021/10/22/c8fe6c3b-e58d-4157-8f6d-eb1ffc9fc8e01634895627395BaileysellsWomenBluePrinted5.jpg,http://assets.myntassets.com/assets/images/15898082/2021/10/22/0483aced-928f-498f-975d-e2f272b5589b1634895627305BaileysellsWomenBluePrinted6.jpg",
22721938.0,nightdress,Women,Sweet Dreams,Khaki Floral Printed Pure Cotton Maxi Nightdress,"This chic nightdress is comfortable as well as feminine, making it a perfect wear for a relaxed evening at home. Club those fluffy room slippers with this one to soak in a chill vibe. FeaturesVANumber: AKN-2651 PRINT-KHAKHIRound neckShort sleevesMaxi",Pure Cotton,Pure Cotton. Machine Wash,Printed,,Round Neck,Short Sleeves,Everyday,,Maxi,4.8,5,999,40,"""竄ｹ999.00""",INR,http://assets.myntassets.com/assets/images/22721938/2023/4/10/e2236666-26bb-43ba-a363-89d50d6dc0e81681148264845SweetDreamsWomenPrintedHalfSleevesPureCottonMaxiNightdress1.jpg,"http://assets.myntassets.com/assets/images/22721938/2023/4/10/e2236666-26bb-43ba-a363-89d50d6dc0e81681148264845SweetDreamsWomenPrintedHalfSleevesPureCottonMaxiNightdress1.jpg,http://assets.myntassets.com/assets/images/22721938/2023/4/10/03c67a5c-ad58-44dc-8dc1-f5130997bc8b1681148264833SweetDreamsWomenPrintedHalfSleevesPureCottonMaxiNightdress2.jpg,http://assets.myntassets.com/assets/images/22721938/2023/4/10/6b1a33c0-6ed7-4f06-a46e-0a3e44610b491681148264805SweetDreamsWomenPrintedHalfSleevesPureCottonMaxiNightdress3.jpg,http://assets.myntassets.com/assets/images/22721938/2023/4/10/4f524d7e-6fa2-4c2b-8c77-19f332fa4e911681148264855SweetDreamsWomenPrintedHalfSleevesPureCottonMaxiNightdress4.jpg,http://assets.myntassets.com/assets/images/22721938/2023/4/10/c3988d9f-11f7-4ff8-979a-bfa00e4545501681148264820SweetDreamsWomenPrintedHalfSleevesPureCottonMaxiNightdress5.jpg",
17832728.0,nightdress,Women,Dreamz by Pantaloons,Typography Printed T-shirt Nightdress,"This chic nightdress is comfortable as well as feminine, making it a perfect wear for a relaxed evening at home. Club those fluffy room slippers with this one to soak in a chill vibe.FeaturesVANumber:8905172503835Round neckShort sleevesKnee length",Cotton Blend,"60% Cotton, 40% Polyester. Machine Wash",Printed,,Round Neck,Short Sleeves,Everyday,,Knee Length,4.9,12,699,47,"""竄ｹ699.00""",INR,http://assets.myntassets.com/assets/images/17832728/2022/4/9/1b2fe6cd-bee7-45a2-b00c-27c30e52cc811649490976609DreamzbyPantaloonsWomenBlueNightdress1.jpg,"http://assets.myntassets.com/assets/images/17832728/2022/4/9/1b2fe6cd-bee7-45a2-b00c-27c30e52cc811649490976609DreamzbyPantaloonsWomenBlueNightdress1.jpg,http://assets.myntassets.com/assets/images/17832728/2022/4/9/9c26bd4e-6c3d-41da-b067-670b2d7d38751649490976643DreamzbyPantaloonsWomenBlueNightdress2.jpg,http://assets.myntassets.com/assets/images/17832728/2022/4/9/1a9b8fb3-925c-49e4-89a1-296664b32b311649490976626DreamzbyPantaloonsWomenBlueNightdress3.jpg,http://assets.myntassets.com/assets/images/17832728/2022/4/9/e04b141a-311a-46d9-8154-8148ec135b9f1649490976618DreamzbyPantaloonsWomenBlueNightdress4.jpg,http://assets.myntassets.com/assets/images/17832728/2022/4/9/5c5fa2c5-e4cb-4cc7-82d2-b4183d40245e1649490976634DreamzbyPantaloonsWomenBlueNightdress5.jpg,http://assets.myntassets.com/assets/images/17832728/2022/4/9/06b86df9-6480-4e1f-8363-11cd3c10c69b1649490976652DreamzbyPantaloonsWomenBlueNightdress6.jpg",
20441812.0,nightdress,Women,Kanvin,Women Black Solid Maxi Nightdress,This ultra-soft nightdress combines maximum comfort intertwined with casual style. It is an ultimate 'relax wear' recommended for leisure times. FeaturesVANumber: MJKAW22448DRound neckLong sleevesMaxi,Polyester,100% Polyester. Machine wash,Solid,,Mandarin Collar,Long Sleeves,Everyday,,Maxi,3.6,5,2499,50,"""竄ｹ2,499.00""",INR,http://assets.myntassets.com/assets/images/20441812/2022/10/18/0f77348e-83a0-4122-bf61-9bf080d8ee891666056431057Nightdress1.jpg,"http://assets.myntassets.com/assets/images/20441812/2022/10/18/0f77348e-83a0-4122-bf61-9bf080d8ee891666056431057Nightdress1.jpg,http://assets.myntassets.com/assets/images/20441812/2022/10/18/5b8aa7a0-d7af-4ee3-b6b2-15ccd5e8ecc61666056431073Nightdress2.jpg,http://assets.myntassets.com/assets/images/20441812/2022/10/18/bea28474-f634-49c3-bb92-3dfbdadef5521666056431065Nightdress3.jpg,http://assets.myntassets.com/assets/images/20441812/2022/10/18/2796562c-2c9e-44f5-a850-16ea554e582b1666056431048Nightdress4.jpg,http://assets.myntassets.com/assets/images/20441812/2022/10/18/edf9949c-3113-4bce-a967-e0d2e50b7ae51666056431036Nightdress5.jpg",
17288308.0,night-suits,Girls,KID1,Girls Navy Blue & Pink Printed Pure Cotton Night suit,You can simply unfurl yourself into the embrace of this night suit to unwind after a long day at work. This one is crafted with the softest fabric to leave you feeling light and airy.VANumber: K21NW35NVShirt Features Lapel collarLong sleevesPyjamas Features Slip-on,Cotton,Top fabric: Pure Cotton. Bottom fabric:&nbsp;Pure Cotton. Machine wash,Conversational,,Lapel Collar,Long Sleeves,,,,4,16,1499,40,"""竄ｹ1,499.00""",INR,http://assets.myntassets.com/assets/images/17288308/2022/2/25/aa017d8f-7c07-49e1-8a4f-4b23befa0a501645768657257KID1GirlsNavyBlueNightsuits1.jpg,"http://assets.myntassets.com/assets/images/17288308/2022/2/25/aa017d8f-7c07-49e1-8a4f-4b23befa0a501645768657257KID1GirlsNavyBlueNightsuits1.jpg,http://assets.myntassets.com/assets/images/17288308/2022/2/25/63934318-1225-4e43-873b-bc1219da462a1645768657280KID1GirlsNavyBlueNightsuits2.jpg,http://assets.myntassets.com/assets/images/17288308/2022/2/25/edb98a25-bb22-43f2-861c-77f8f2b31a5d1645768657218KID1GirlsNavyBlueNightsuits3.jpg,http://assets.myntassets.com/assets/images/17288308/2022/2/25/33fa650c-64b7-4d3a-a1ad-b756f06cd3071645768657245KID1GirlsNavyBlueNightsuits4.jpg,http://assets.myntassets.com/assets/images/17288308/2022/2/25/152cfde2-72c3-4fc2-8841-98fb8a7f97281645768657269KID1GirlsNavyBlueNightsuits5.jpg,http://assets.myntassets.com/assets/images/17288308/2022/2/25/cf476d17-2dfa-4a7d-9e54-deb5ea7563ef1645768657233KID1GirlsNavyBlueNightsuits6.jpg",
18209958.0,night-suits,Men,Sweet Dreams,Men Black Solid Casual Night suit,This ultra-soft night suit combines maximum comfort intertwined with casual style. It is an ultimate 'relax wear' recommended for leisure times.Shirt Features Lapel collarSolidShort sleevesRegular sleevesRegular lengthButton closurePyjamas Features Slip-onSolidAn attached drawstringRegular length,Cotton,100% COTTON. Machine wash,Solid,,Lapel Collar,Short Sleeves,,,,4.1,13,2099,44,"""竄ｹ2,099.00""",INR,http://assets.myntassets.com/assets/images/18209958/2022/6/4/65c254f8-be4a-4da0-a116-1a7af2b3b40f1654345631779-Sweet-Dreams-Men-Black-Solid-Casual-Night-suit-5361654345631-1.jpg,"http://assets.myntassets.com/assets/images/18209958/2022/6/4/65c254f8-be4a-4da0-a116-1a7af2b3b40f1654345631779-Sweet-Dreams-Men-Black-Solid-Casual-Night-suit-5361654345631-1.jpg,http://assets.myntassets.com/assets/images/18209958/2022/6/4/4d6ab8c4-6503-4942-852d-5a171fd9a84e1654345631755-Sweet-Dreams-Men-Black-Solid-Casual-Night-suit-5361654345631-2.jpg,http://assets.myntassets.com/assets/images/18209958/2022/6/4/2da26b97-479e-4de9-bd0f-bc976db7ae731654345631729-Sweet-Dreams-Men-Black-Solid-Casual-Night-suit-5361654345631-3.jpg,http://assets.myntassets.com/assets/images/18209958/2022/6/4/db22b624-bf22-45dd-aec0-49090dfd22981654345631702-Sweet-Dreams-Men-Black-Solid-Casual-Night-suit-5361654345631-4.jpg,http://assets.myntassets.com/assets/images/18209958/2022/6/4/b1b8d686-c9d1-446e-9d08-d889d296a0311654345631678-Sweet-Dreams-Men-Black-Solid-Casual-Night-suit-5361654345631-5.jpg,http://assets.myntassets.com/assets/images/18209958/2022/6/4/b2c19162-4fa5-4017-b97b-6ce56feaf1de1654345631655-Sweet-Dreams-Men-Black-Solid-Casual-Night-suit-5361654345631-6.jpg",
15973760.0,night-suits,Unisex Kids,Zoom Minimondo,Unisex Kids Magenta & Blue Pure Cotton Night suit,"Gift yourself a relaxing sleep by slipping into this super-soft night suit. Whether you wear it to bed or lounge around in it at home, this set will provide you maximised comfort.VANumber: SANAYA-3-28Shirt Features Lapel collarLong sleevesPyjamas Features Slip-on",Pure Cotton,Pure Cotton. Hand Wash,Solid,,Lapel Collar,Long Sleeves,,,,4.8,10,1299,69,"""竄ｹ402.00""",INR,http://assets.myntassets.com/assets/images/15973760/2021/10/30/b859e503-fff6-48f4-b17b-7c603be5822c1635586348987ZoomMinimondoUnisexKidsMagentaSelfDesign1.jpg,"http://assets.myntassets.com/assets/images/15973760/2021/10/30/b859e503-fff6-48f4-b17b-7c603be5822c1635586348987ZoomMinimondoUnisexKidsMagentaSelfDesign1.jpg,http://assets.myntassets.com/assets/images/15973760/2021/10/30/4e13223d-1f69-4e31-a4dd-402eaf2419b61635586348768ZoomMinimondoUnisexKidsMagentaSelfDesign2.jpg,http://assets.myntassets.com/assets/images/15973760/2021/10/30/7ec959ed-2836-4525-8850-2bf9ed0d09231635586349124ZoomMinimondoUnisexKidsMagentaSelfDesign3.jpg,http://assets.myntassets.com/assets/images/15973760/2021/10/30/5308febb-e772-43aa-8fd5-c2ea0fee83131635586348876ZoomMinimondoUnisexKidsMagentaSelfDesign4.jpg,http://assets.myntassets.com/assets/images/15973760/2021/10/30/8f63b5d5-ec6b-4f44-a3b6-230b384ed4a11635586349230ZoomMinimondoUnisexKidsMagentaSelfDesign5.jpg",
15749326.0,palazzos,Women,W,Women Maroon Solid Crinkled Effect Cropped Ethnic Pure Cotton Palazzos,Maroon woven palazzosSolidCrinkled effect OpaqueStraight fitPartially elasticated waistbandLength: croppedWoven cotton fabric,Cotton,100% Cotton. Machine wash,Solid,Straight,,,Ethnic,Slip-On,Cropped,3.6,24,1499,65,"""竄ｹ740.00""",INR,http://assets.myntassets.com/assets/images/15749326/2022/8/31/e18be5d9-7d26-4128-ad14-653909f0d3b71661932121054RedSolidCrinkledParallelPants1.jpg,"http://assets.myntassets.com/assets/images/15749326/2022/8/31/e18be5d9-7d26-4128-ad14-653909f0d3b71661932121054RedSolidCrinkledParallelPants1.jpg,http://assets.myntassets.com/assets/images/15749326/2022/8/31/724175db-0136-4f27-872d-8104d43346581661932121075RedSolidCrinkledParallelPants2.jpg,http://assets.myntassets.com/assets/images/15749326/2022/8/31/1066ca77-4153-4cbb-a8b9-5f8cd756b6131661932121094RedSolidCrinkledParallelPants3.jpg,http://assets.myntassets.com/assets/images/15749326/2022/8/31/ecdf6b21-e411-454e-b1d0-cde0708b3b171661932121115RedSolidCrinkledParallelPants4.jpg,http://assets.myntassets.com/assets/images/15749326/2022/8/31/de93fe75-1679-466b-96df-00478d8a694f1661932121135RedSolidCrinkledParallelPants5.jpg,http://assets.myntassets.com/assets/images/15749326/2022/8/31/78801fe5-41a3-438b-bf86-4b98dba4915d1661932121155RedSolidCrinkledParallelPants6.jpg,http://assets.myntassets.com/assets/images/15749326/2022/8/31/6e92ae52-bc66-46e4-a92e-1ea2b0de4dd61661932121174RedSolidCrinkledParallelPants7.jpg",
17307488.0,palazzos,Women,Clora Creation,Women Yellow & Blue Set Of 2 Flared Ethnic Palazzos,  Yellow and blue woven palazzos   Solid   Opaque   Flared fit   Elasticated waistband   Length: regular   Woven viscose rayon fabric  ,Viscose Rayon,Rayon. Hand Wash,Solid,Flared,,,Ethnic,Drawstring,Regular,0,0,2399,59,"""竄ｹ983.00""",INR,http://assets.myntassets.com/assets/images/17307488/2022/2/26/6f741bdc-9d27-4fe9-bbb3-b76a22e0e76b1645861595160CloraCreationWomenMultiPalazzos1.jpg,"http://assets.myntassets.com/assets/images/17307488/2022/2/26/6f741bdc-9d27-4fe9-bbb3-b76a22e0e76b1645861595160CloraCreationWomenMultiPalazzos1.jpg,http://assets.myntassets.com/assets/images/17307488/2022/2/26/b3981ed9-b115-4f29-b3b7-1b395f1198b01645861595177CloraCreationWomenMultiPalazzos2.jpg,http://assets.myntassets.com/assets/images/17307488/2022/2/26/09d3f741-fa5e-411d-a49e-b0284fd3616d1645861595143CloraCreationWomenMultiPalazzos3.jpg,http://assets.myntassets.com/assets/images/17307488/2022/2/26/9bf7d356-fd1b-4222-b95b-c322783dd34e1645861595152CloraCreationWomenMultiPalazzos4.jpg,http://assets.myntassets.com/assets/images/17307488/2022/2/26/b5e6fbb2-e14d-4fc1-b58f-678d4aa483801645861595168CloraCreationWomenMultiPalazzos5.jpg",
17309754.0,palazzos,Women,Clora Creation,Women Red Rayon Palazzos,Melt the rainbow when you wear this solid palazzo from the house of Clora. Made from fine rayon fabric and have elasticated waistband that offers a comfortable and flattering fit. This palazzo will give you an elegant look when you teamed it with a Kurta and high heels.,Viscose Rayon,Rayon. Hand Wash,Solid,Straight,,,Ethnic,Slip-On,Regular,3.9,61,899,45,"""竄ｹ494.00""",INR,http://assets.myntassets.com/assets/images/17309754/2022/2/26/a62b33d1-f32e-4b60-b845-4948af6300621645869903575CloraCreationWomenRedPalazzos1.jpg,"http://assets.myntassets.com/assets/images/17309754/2022/2/26/a62b33d1-f32e-4b60-b845-4948af6300621645869903575CloraCreationWomenRedPalazzos1.jpg,http://assets.myntassets.com/assets/images/17309754/2022/2/26/0bbff7be-43f3-490d-b166-bc74503cf4b91645869903568CloraCreationWomenRedPalazzos2.jpg,http://assets.myntassets.com/assets/images/17309754/2022/2/26/992c9277-1d58-4c06-be9f-9e3ee926cfde1645869903583CloraCreationWomenRedPalazzos3.jpg,http://assets.myntassets.com/assets/images/17309754/2022/2/26/bdfb80c1-6210-4504-a638-58d1e998a1931645869903551CloraCreationWomenRedPalazzos4.jpg,http://assets.myntassets.com/assets/images/17309754/2022/2/26/8ad752ea-3148-44c5-9677-41ec3f4e8a711645869903559CloraCreationWomenRedPalazzos5.jpg",
17361920.0,palazzos,Women,Indo Era,Women Navy Blue Solid Straight Palazzos,Navy blue woven palazzosSolidOpaqueStraight fitPartially elasticated waistbandLength: regularWoven cotton fabric,Cotton,Cotton. Hand Wash,Solid,Straight,,,Ethnic,Slip-On,Regular,4.2,23,1799,69,"""竄ｹ557.00""",INR,http://assets.myntassets.com/assets/images/17361920/2022/3/4/7857237e-06f9-4214-867e-a34136a286521646338593964IndoEraWomenNavyBluePalazzos1.jpg,"http://assets.myntassets.com/assets/images/17361920/2022/3/4/7857237e-06f9-4214-867e-a34136a286521646338593964IndoEraWomenNavyBluePalazzos1.jpg,http://assets.myntassets.com/assets/images/17361920/2022/3/4/dde3722b-8ba2-4945-86d8-62927e8a83c91646338593998IndoEraWomenNavyBluePalazzos2.jpg,http://assets.myntassets.com/assets/images/17361920/2022/3/4/db034788-8c25-49a7-b237-55163f5362021646338593981IndoEraWomenNavyBluePalazzos3.jpg,http://assets.myntassets.com/assets/images/17361920/2022/3/4/4ad77fc3-ad7d-4855-a9b2-96a66b85bcfa1646338593973IndoEraWomenNavyBluePalazzos4.jpg,http://assets.myntassets.com/assets/images/17361920/2022/3/4/4ae5b08b-45ab-4862-b18f-649d6290f72c1646338593990IndoEraWomenNavyBluePalazzos5.jpg,http://assets.myntassets.com/assets/images/17361920/2022/3/4/1d91acb3-c97a-49b7-8d0a-ad8642cac3291646338594006IndoEraWomenNavyBluePalazzos6.jpg",
17307424.0,palazzos,Women,Clora Creation,Women Set of 2 Multi Palazzos,"The perfect addition to your ethnic collection, will be this versatile Palazzo from Clora. Made from Rayon, this Palazzo has elasticated with Drawstring waistband and a Straight cut that come together to give a chic, stylish look.",Viscose Rayon,Rayon. Hand Wash,Printed,Straight,,,Ethnic,Drawstring,Regular,4,3,2399,59,"""竄ｹ983.00""",INR,http://assets.myntassets.com/assets/images/17307424/2022/2/26/5f6b987b-d164-4651-86d3-4603418a0ab51645862742538CloraCreationWomenMultiPalazzos1.jpg,"http://assets.myntassets.com/assets/images/17307424/2022/2/26/5f6b987b-d164-4651-86d3-4603418a0ab51645862742538CloraCreationWomenMultiPalazzos1.jpg,http://assets.myntassets.com/assets/images/17307424/2022/2/26/206580e2-b53f-4b90-92ac-f3a407fe96771645862742575CloraCreationWomenMultiPalazzos2.jpg,http://assets.myntassets.com/assets/images/17307424/2022/2/26/258d0a96-351c-4c49-bca6-ea5c457ae41f1645862742558CloraCreationWomenMultiPalazzos3.jpg,http://assets.myntassets.com/assets/images/17307424/2022/2/26/144f6bb3-df83-44cb-8151-0068dd9bb62e1645862742549CloraCreationWomenMultiPalazzos4.jpg,http://assets.myntassets.com/assets/images/17307424/2022/2/26/20485427-81b7-44df-8143-d0e3b25dcddb1645862742566CloraCreationWomenMultiPalazzos5.jpg,http://assets.myntassets.com/assets/images/17307424/2022/2/26/a4f6313e-dee0-4004-8d9d-f659cb91fff11645862742583CloraCreationWomenMultiPalazzos6.jpg,http://assets.myntassets.com/assets/images/17307424/2022/2/26/ca781433-2a54-4d76-8cd7-ba0005a1dacb1645862742590CloraCreationWomenMultiPalazzos7.jpg",
17307484.0,palazzos,Women,Clora Creation,Pack Of 2 Women Red & Magenta Knitted Palazzos,  Red and magenta knitted palazzos   Solid   Opaque   Wide leg fit   Elasticated waistband   Length: regular   Knitted viscose rayon fabric  ,Viscose Rayon,Viscose Rayon. Hand Wash,Solid,Wide Leg,,,Western,Drawstring,Regular,0,0,2399,59,"""竄ｹ983.00""",INR,http://assets.myntassets.com/assets/images/17307484/2022/2/26/09edb68a-902e-49c9-9947-24c33d64820a1645862131623CloraCreationWomenMultiPalazzos1.jpg,"http://assets.myntassets.com/assets/images/17307484/2022/2/26/09edb68a-902e-49c9-9947-24c33d64820a1645862131623CloraCreationWomenMultiPalazzos1.jpg,http://assets.myntassets.com/assets/images/17307484/2022/2/26/a46f96c4-e543-40c4-9163-79f7efe67d951645862131654CloraCreationWomenMultiPalazzos2.jpg,http://assets.myntassets.com/assets/images/17307484/2022/2/26/8ee72dea-b6d8-43c5-b29e-8a81325005791645862131640CloraCreationWomenMultiPalazzos3.jpg,http://assets.myntassets.com/assets/images/17307484/2022/2/26/1b812a5a-0a53-43c1-8f49-3abe8ef26f7a1645862131632CloraCreationWomenMultiPalazzos4.jpg,http://assets.myntassets.com/assets/images/17307484/2022/2/26/196a708f-18e3-4bb2-a999-be868d3c2aad1645862131647CloraCreationWomenMultiPalazzos5.jpg,http://assets.myntassets.com/assets/images/17307484/2022/2/26/efc74646-a2e0-4647-9e8f-5ad949b9d5b41645862131667CloraCreationWomenMultiPalazzos6.jpg",
17386184.0,palazzos,Women,Clora Creation,Women Black Printed Knitted Palazzos,  Black knitted palazzos   Geometric printed   Opaque   Straight fit   Elasticated waistband   Length: regular   Knitted viscose rayon fabric  ,Viscose Rayon,Viscose Rayon. Hand Wash,Printed,Straight,,,Western,Drawstring,Regular,0,0,1299,62,"""竄ｹ493.00""",INR,http://assets.myntassets.com/assets/images/17386184/2022/3/4/d921c787-f3e1-4d55-b4e3-87e4864198d01646401113188CloraCreationWomenBlackPalazzos1.jpg,"http://assets.myntassets.com/assets/images/17386184/2022/3/4/d921c787-f3e1-4d55-b4e3-87e4864198d01646401113188CloraCreationWomenBlackPalazzos1.jpg,http://assets.myntassets.com/assets/images/17386184/2022/3/4/aac4449d-48ed-471b-b671-6ec1e6e6f5dd1646401113215CloraCreationWomenBlackPalazzos2.jpg,http://assets.myntassets.com/assets/images/17386184/2022/3/4/761feab9-bc54-48b9-89e8-ff6ee2cc3c721646401113156CloraCreationWomenBlackPalazzos3.jpg,http://assets.myntassets.com/assets/images/17386184/2022/3/4/15428c78-7bb0-4f07-99ca-82f2d7015d181646401113177CloraCreationWomenBlackPalazzos4.jpg,http://assets.myntassets.com/assets/images/17386184/2022/3/4/94cbdba1-0839-439d-8034-b5cbcbc92ada1646401113201CloraCreationWomenBlackPalazzos5.jpg,http://assets.myntassets.com/assets/images/17386184/2022/3/4/af5aab4f-e375-4daf-b226-a77dca3509d61646401113167CloraCreationWomenBlackPalazzos6.jpg",
17321108.0,palazzos,Women,TAG 7,Women Maroon Hem Design Flared Fit Palazzos,  Maroon woven palazzos   Solid hem design   Opaque   Flared fit   Elasticated waistband   Length: regular   Woven viscose rayon fabric  ,Viscose Rayon,Viscose rayon. Machine wash,Hem Design,Flared,,,Western,Drawstring,Regular,3.6,19,1579,65,"""竄ｹ552.00""",INR,http://assets.myntassets.com/assets/images/17321108/2022/2/27/37487839-56d3-4cc5-926c-9bc838340cdd1645942447930TAG7WomenMaroonPalazzos1.jpg,"http://assets.myntassets.com/assets/images/17321108/2022/2/27/37487839-56d3-4cc5-926c-9bc838340cdd1645942447930TAG7WomenMaroonPalazzos1.jpg,http://assets.myntassets.com/assets/images/17321108/2022/2/27/924da9cc-58a7-4d69-8878-69a7116466c31645942447915TAG7WomenMaroonPalazzos2.jpg,http://assets.myntassets.com/assets/images/17321108/2022/2/27/e90f95d3-1f62-4d56-beda-fd0d151a96781645942447937TAG7WomenMaroonPalazzos3.jpg,http://assets.myntassets.com/assets/images/17321108/2022/2/27/4c2212a2-9762-46a9-8499-bed88e1adebb1645942447885TAG7WomenMaroonPalazzos4.jpg,http://assets.myntassets.com/assets/images/17321108/2022/2/27/251efa30-f9aa-4471-a9f7-e2a7c75101d61645942447892TAG7WomenMaroonPalazzos5.jpg,http://assets.myntassets.com/assets/images/17321108/2022/2/27/9b99e71f-320d-4534-91a2-104265177c711645942447922TAG7WomenMaroonPalazzos6.jpg",
17288460.0,palazzos,Girls,Cutiekins,Girls Off White Solid Knitted Linen Palazzos,  Off white knitted palazzos   Solid   Opaque   Straight fit   Elasticated waistband   Length: regular   Knitted linen fabric  ,Linen,Linen. Gentle Machine Wash,Solid,Straight,,,Western,Slip-On,Regular,4.2,26,1099,59,"""竄ｹ450.00""",INR,http://assets.myntassets.com/assets/images/17288460/2022/2/25/d1b781cd-5b06-4144-9759-4b69cc8ed0681645776169503CutiekinsGirlsOffWhitePalazzos1.jpg,"http://assets.myntassets.com/assets/images/17288460/2022/2/25/d1b781cd-5b06-4144-9759-4b69cc8ed0681645776169503CutiekinsGirlsOffWhitePalazzos1.jpg,http://assets.myntassets.com/assets/images/17288460/2022/2/25/7b562bac-e6f6-4818-9c09-210f1adeff3c1645776169520CutiekinsGirlsOffWhitePalazzos2.jpg,http://assets.myntassets.com/assets/images/17288460/2022/2/25/982bba95-199f-405d-86cf-ca7f90ad32931645776169488CutiekinsGirlsOffWhitePalazzos3.jpg,http://assets.myntassets.com/assets/images/17288460/2022/2/25/7884e943-6ef5-4c47-924f-1b2a45bae43d1645776169496CutiekinsGirlsOffWhitePalazzos4.jpg,http://assets.myntassets.com/assets/images/17288460/2022/2/25/7fcf1f69-1e27-4d6e-9a3a-b7acde7d7f481645776169511CutiekinsGirlsOffWhitePalazzos5.jpg",
17307462.0,palazzos,Women,Clora Creation,Women Pack Of 2 Red & Beige Knitted Ethnic Palazzos,  Red and beige knitted palazzos   Solid   Opaque   Wide leg fit   Elasticated waistband   Length: regular   Knitted viscose rayon fabric  ,Viscose Rayon,Viscose Rayon. Hand Wash,Solid,Wide Leg,,,Ethnic,Drawstring,Regular,0,0,2399,59,"""竄ｹ983.00""",INR,http://assets.myntassets.com/assets/images/17307462/2022/2/26/6e9d6664-5a67-4c98-ace6-3cd357b687661645864132530CloraCreationWomenMultiPalazzos1.jpg,"http://assets.myntassets.com/assets/images/17307462/2022/2/26/6e9d6664-5a67-4c98-ace6-3cd357b687661645864132530CloraCreationWomenMultiPalazzos1.jpg,http://assets.myntassets.com/assets/images/17307462/2022/2/26/e482046b-cdad-4f8c-a852-ba4ea0bfa6841645864132521CloraCreationWomenMultiPalazzos2.jpg,http://assets.myntassets.com/assets/images/17307462/2022/2/26/74cc63ed-327b-43f5-bb09-9ecd478a99301645864132513CloraCreationWomenMultiPalazzos3.jpg,http://assets.myntassets.com/assets/images/17307462/2022/2/26/f9b376c6-9a2e-4dd4-b8a7-0e01258b9f041645864132504CloraCreationWomenMultiPalazzos4.jpg,http://assets.myntassets.com/assets/images/17307462/2022/2/26/2011b929-5acb-4396-8c79-2bd794cd38961645864132547CloraCreationWomenMultiPalazzos5.jpg,http://assets.myntassets.com/assets/images/17307462/2022/2/26/faa2a5ff-155a-47cf-93cd-ee760d08b3ea1645864132538CloraCreationWomenMultiPalazzos6.jpg",
17309774.0,palazzos,Women,Clora Creation,Women Pack Of 2 Navy Blue & White Knitted Palazzos,Pack of 2 palazzosNavy blue and white knitted palazzosSolidOpaqueStraight fitElasticated waistbandLength: regularKnitted viscose rayon fabric,Viscose Rayon,Viscose rayon. Hand Wash,Solid,Straight,,,Western,Drawstring,Regular,3.8,6,1999,60,"""竄ｹ799.00""",INR,http://assets.myntassets.com/assets/images/17309774/2022/2/26/0a2a902c-3f9c-4023-91c4-3fd0525152941645872001962CloraCreationWomenMultiPalazzos1.jpg,"http://assets.myntassets.com/assets/images/17309774/2022/2/26/0a2a902c-3f9c-4023-91c4-3fd0525152941645872001962CloraCreationWomenMultiPalazzos1.jpg,http://assets.myntassets.com/assets/images/17309774/2022/2/26/08a0db02-1adc-4a74-b025-7fc070b64add1645872001948CloraCreationWomenMultiPalazzos2.jpg,http://assets.myntassets.com/assets/images/17309774/2022/2/26/6f521bef-e43d-4999-91b0-01a7746657c31645872001969CloraCreationWomenMultiPalazzos3.jpg,http://assets.myntassets.com/assets/images/17309774/2022/2/26/9dfb9665-27a2-4313-a724-68c1922c7bc41645872001933CloraCreationWomenMultiPalazzos4.jpg,http://assets.myntassets.com/assets/images/17309774/2022/2/26/1f7427dc-6022-4c2c-ae95-3d2354d32f6e1645872001941CloraCreationWomenMultiPalazzos5.jpg,http://assets.myntassets.com/assets/images/17309774/2022/2/26/21d4d48f-1446-473b-8b55-5cb6e1d58e2c1645872001955CloraCreationWomenMultiPalazzos6.jpg",
15114984.0,palazzos,Women,Go Colors,Women White Ethnic Palazzos,  White woven palazzos   Solid   Opaque   Wide leg fit   Elasticated waistband   Length: regular   Woven viscose rayon fabric  ,Viscose Rayon,Viscose rayon .  Machine wash,Solid,Wide Leg,,,Ethnic,Slip-On,Regular,4,53,899,,"""竄ｹ899.00""",INR,http://assets.myntassets.com/assets/images/15114984/2021/8/11/fbaddee4-78fe-463c-8baf-e11373b490661628697212697Palazzos1.jpg,"http://assets.myntassets.com/assets/images/15114984/2021/8/11/fbaddee4-78fe-463c-8baf-e11373b490661628697212697Palazzos1.jpg,http://assets.myntassets.com/assets/images/15114984/2021/8/11/62762f68-1039-4392-a41b-92db1b99078d1628697212761Palazzos2.jpg,http://assets.myntassets.com/assets/images/15114984/2021/8/11/83ac5795-d0af-43ff-996e-635173da1ad91628697212814Palazzos3.jpg,http://assets.myntassets.com/assets/images/15114984/2021/8/11/3c56ee9b-a88f-4497-9567-0fa631fc419d1628697212823Palazzos4.jpg,http://assets.myntassets.com/assets/images/15114984/2021/8/11/5f46ab5d-4d0e-4601-81f7-a658cae0129b1628697212834Palazzos5.jpg,http://assets.myntassets.com/assets/images/15114984/2021/8/11/7df91159-6a70-4e37-90e8-5adb18c3f5341628697212772Palazzos6.jpg,http://assets.myntassets.com/assets/images/15114984/2021/8/11/d42a84e2-52bb-44e6-98d9-0c2d37e50bb71628697212753Palazzos7.jpg",
15725544.0,saree-blouse,Women,SALWAR STUDIO,Women Navy Blue & Green Printed Padded Cotton Readymade Saree Blouse,"Navy blue, green and red printed readymade saree blouse, has a U-neck, padded, short sleeves, hook and eye closure at the frontDisclaimer: Product colour may slightly vary due to photographic lighting sources or your monitor settings.",Cotton,Cotton. First wash dry clean only,Printed,,U-Neck,Short Sleeves,Festive,Hook and Eye,,4.1,12,3555,49,"""竄ｹ1,813.00""",INR,http://assets.myntassets.com/assets/images/15725544/2021/10/5/780616fd-7f22-44aa-998e-9dad4460599d1633438582241SALWARSTUDIOWomenNavyBlueGreenPrintedPaddedCottonReadymadeSa1.jpg,"http://assets.myntassets.com/assets/images/15725544/2021/10/5/780616fd-7f22-44aa-998e-9dad4460599d1633438582241SALWARSTUDIOWomenNavyBlueGreenPrintedPaddedCottonReadymadeSa1.jpg,http://assets.myntassets.com/assets/images/15725544/2021/10/5/27e6efbb-9382-4190-90bd-2c95d7c13ce81633438581944SALWARSTUDIOWomenNavyBlueGreenPrintedPaddedCottonReadymadeSa2.jpg,http://assets.myntassets.com/assets/images/15725544/2021/10/5/42eae7d2-19c3-454c-8a7e-29c29646ccba1633438582081SALWARSTUDIOWomenNavyBlueGreenPrintedPaddedCottonReadymadeSa3.jpg,http://assets.myntassets.com/assets/images/15725544/2021/10/5/64b139b3-5368-43b9-8803-612cc45ce3ab1633438581572SALWARSTUDIOWomenNavyBlueGreenPrintedPaddedCottonReadymadeSa4.jpg,http://assets.myntassets.com/assets/images/15725544/2021/10/5/b1333f80-24db-4e9b-b4f7-fe98fd441e431633438581833SALWARSTUDIOWomenNavyBlueGreenPrintedPaddedCottonReadymadeSa5.jpg,http://assets.myntassets.com/assets/images/15725544/2021/10/5/7555b448-cc4a-484e-a1c2-164cfa8d6a931633438581687SALWARSTUDIOWomenNavyBlueGreenPrintedPaddedCottonReadymadeSa6.jpg",
14654046.0,saree-blouse,Women,SALWAR STUDIO,Women Silver-Coloured Embroidered Readymade Saree Blouse,"Silver-coloured embroidered saree blouse has sweetheart neck, sleeveless, hook-and-eye closure at the back and tie-up detail",Other,Net. Dry-clean,Embroidered,,Sweetheart Neck,Sleeveless,Party,Hook and Eye,,4.4,12,4995,56,"""竄ｹ2,197.00""",INR,http://assets.myntassets.com/assets/images/productimage/2021/6/26/735d6fff-bba4-47ab-89a9-4a53aacc84901624679598290-1.jpg,"http://assets.myntassets.com/assets/images/productimage/2021/6/26/735d6fff-bba4-47ab-89a9-4a53aacc84901624679598290-1.jpg,http://assets.myntassets.com/assets/images/productimage/2021/6/26/f0aeecc3-ec04-4945-9f92-d4654c3433721624679598305-2.jpg,http://assets.myntassets.com/assets/images/productimage/2021/6/26/180c72f4-8c70-43cb-8d3f-e160120a365e1624679598317-3.jpg,http://assets.myntassets.com/assets/images/productimage/2021/6/26/99fc8d83-db57-4a8e-81ce-e844d781e7731624679598329-4.jpg,http://assets.myntassets.com/assets/images/productimage/2021/6/26/67e2a714-86e3-48b2-b21c-b4da2b991d301624679598342-5.jpg,http://assets.myntassets.com/assets/images/productimage/2021/6/26/6929fd59-52f8-4e43-9949-78e3b1b3c10f1624679598354-6.jpg",
18719236.0,shirts,Men,SPYKAR,Men Blue Slim Fit Faded Casual Shirt,"Blue faded opaque Casual shirt ,has a spread collar,  button placket,  na pocket, long regular sleeves,  curved hem",Cotton,Machine Wash,Faded,Slim Fit,,Long Sleeves,Casual,,Regular,2.9,12,2999,50,"""竄ｹ1,499.00""",INR,http://assets.myntassets.com/assets/images/18719236/2022/6/13/79fb1f2e-05e2-4ad3-b477-0948c507e0441655119796617SpykarDarkBlueCottonFullSleeveDenimShirtForMen1.jpg,"http://assets.myntassets.com/assets/images/18719236/2022/6/13/79fb1f2e-05e2-4ad3-b477-0948c507e0441655119796617SpykarDarkBlueCottonFullSleeveDenimShirtForMen1.jpg,http://assets.myntassets.com/assets/images/18719236/2022/6/13/27131a3f-60b9-4e7c-a0f4-cc0aeb18ff981655119796600SpykarDarkBlueCottonFullSleeveDenimShirtForMen2.jpg,http://assets.myntassets.com/assets/images/18719236/2022/6/13/3ec44e89-225e-4314-907e-498e896b62311655119796626SpykarDarkBlueCottonFullSleeveDenimShirtForMen3.jpg,http://assets.myntassets.com/assets/images/18719236/2022/6/13/ab6406e4-60cc-40b2-aca8-3b1e29532af31655119796643SpykarDarkBlueCottonFullSleeveDenimShirtForMen4.jpg,http://assets.myntassets.com/assets/images/18719236/2022/6/13/179c1ae0-4840-49ef-892d-1f95ee832c1f1655119796609SpykarDarkBlueCottonFullSleeveDenimShirtForMen5.jpg,http://assets.myntassets.com/assets/images/18719236/2022/6/13/1a63f2a5-c17f-413f-8cce-d96116f259db1655119796635SpykarDarkBlueCottonFullSleeveDenimShirtForMen6.jpg",
18960048.0,shirts,Men,The Indian Garage Co,Men White & Beige Striped Casual Shirt,"White & beige striped opaque Casual shirt ,has a spread collar, button placket, 1 patch pocket, long regular sleeves, curved hem",Cotton,"Cotton , .  Machine wash",Striped,Regular Fit,,Long Sleeves,Casual,,Regular,4.2,128,1749,74,"""竄ｹ507.00""",INR,http://assets.myntassets.com/assets/images/18960048/2023/3/27/5d992064-91d3-4620-ac02-89f62859899b1679894728106-The-Indian-Garage-Co-Men-White--Beige-Striped-Casual-Shirt-9-7.jpg,"http://assets.myntassets.com/assets/images/18960048/2023/3/27/5d992064-91d3-4620-ac02-89f62859899b1679894728106-The-Indian-Garage-Co-Men-White--Beige-Striped-Casual-Shirt-9-7.jpg,http://assets.myntassets.com/assets/images/18960048/2022/7/12/afa0e14b-a98d-4929-aa18-663297a6628a1657611090954-The-Indian-Garage-Co-Men-Shirts-3461657611090428-1.jpg,http://assets.myntassets.com/assets/images/18960048/2022/7/12/da78138b-cd2b-4f00-9110-d5eca58be3951657611090945-The-Indian-Garage-Co-Men-Shirts-3461657611090428-2.jpg,http://assets.myntassets.com/assets/images/18960048/2022/7/12/c8283476-87d3-4a04-9c3e-e0e557a0dee41657611090936-The-Indian-Garage-Co-Men-Shirts-3461657611090428-3.jpg,http://assets.myntassets.com/assets/images/18960048/2022/7/12/db83ca6d-725a-487a-9b26-794fbbb3c7c61657611090926-The-Indian-Garage-Co-Men-Shirts-3461657611090428-4.jpg,http://assets.myntassets.com/assets/images/18960048/2022/7/12/24073efa-b1bd-4447-961d-0f1739f53eb91657611090916-The-Indian-Garage-Co-Men-Shirts-3461657611090428-5.jpg,http://assets.myntassets.com/assets/images/18960048/2022/7/12/3146f6ce-8aa0-4b1a-a7d8-5f2737fdc6ce1657611090906-The-Indian-Garage-Co-Men-Shirts-3461657611090428-6.jpg",
18960188.0,shirts,Men,The Indian Garage Co,Men White & Charcoal Grey Printed Cotton Casual Shirt,"White & Charcoal grey typography printed opaque Casual shirt ,has a spread collar, button placket, long regular sleeves, curved hem",Cotton,Cotton. Machine Wash,Printed,Regular Fit,,Long Sleeves,Casual,,Regular,4.4,35,1749,74,"""竄ｹ454.00""",INR,http://assets.myntassets.com/assets/images/18960188/2022/7/13/1f83833c-c5eb-4b75-ac76-03f10d0d8e381657691190641-The-Indian-Garage-Co-Men-Shirts-2331657691190140-1.jpg,"http://assets.myntassets.com/assets/images/18960188/2022/7/13/1f83833c-c5eb-4b75-ac76-03f10d0d8e381657691190641-The-Indian-Garage-Co-Men-Shirts-2331657691190140-1.jpg,http://assets.myntassets.com/assets/images/18960188/2022/7/13/f8b6950d-23ee-4032-ab26-fa59f8363bb41657691190633-The-Indian-Garage-Co-Men-Shirts-2331657691190140-2.jpg,http://assets.myntassets.com/assets/images/18960188/2022/7/13/cc259117-990b-484b-8056-125111a2d3d11657691190624-The-Indian-Garage-Co-Men-Shirts-2331657691190140-3.jpg,http://assets.myntassets.com/assets/images/18960188/2022/7/13/681a7dd8-e698-401c-a8eb-cb4c9ff0c80e1657691190615-The-Indian-Garage-Co-Men-Shirts-2331657691190140-4.jpg,http://assets.myntassets.com/assets/images/18960188/2022/7/13/949554e8-d8dc-41e3-aff1-081f53b95e731657691190606-The-Indian-Garage-Co-Men-Shirts-2331657691190140-5.jpg,http://assets.myntassets.com/assets/images/18960188/2022/7/13/56a92c04-cf31-49d2-9c6a-e9de5cfd0d201657691190595-The-Indian-Garage-Co-Men-Shirts-2331657691190140-6.jpg",
18960016.0,shirts,Men,The Indian Garage Co,Men Cream-Coloured Solid Casual Shirt,"Cream-coloured solid opaque Casual shirt ,has a spread collar,  button placket,  1 patch pocket, long regular sleeves,  curved hem",Cotton,"Cotton , .  Machine wash",Solid,Regular Fit,,Long Sleeves,Casual,,Regular,4,102,1749,74,"""竄ｹ454.00""",INR,http://assets.myntassets.com/assets/images/18960016/2022/7/12/b3b30e9c-6185-4ecd-9dcb-754f77a6df181657622952601-The-Indian-Garage-Co-Men-Shirts-6921657622952105-1.jpg,"http://assets.myntassets.com/assets/images/18960016/2022/7/12/b3b30e9c-6185-4ecd-9dcb-754f77a6df181657622952601-The-Indian-Garage-Co-Men-Shirts-6921657622952105-1.jpg,http://assets.myntassets.com/assets/images/18960016/2022/7/12/7773c387-702a-4fc2-af5c-7a0c9638a1b81657622952593-The-Indian-Garage-Co-Men-Shirts-6921657622952105-2.jpg,http://assets.myntassets.com/assets/images/18960016/2022/7/12/431b1e29-9ae2-40a5-b952-9f11370ea5841657622952585-The-Indian-Garage-Co-Men-Shirts-6921657622952105-3.jpg,http://assets.myntassets.com/assets/images/18960016/2022/7/12/c5586c70-4ba3-4953-84f8-08cf960cbe991657622952577-The-Indian-Garage-Co-Men-Shirts-6921657622952105-4.jpg,http://assets.myntassets.com/assets/images/18960016/2022/7/12/c54b34c6-aa8b-4423-9b29-ee79bb8edf7b1657622952569-The-Indian-Garage-Co-Men-Shirts-6921657622952105-5.jpg,http://assets.myntassets.com/assets/images/18960016/2022/7/12/7a37520a-c4b6-4f15-87c4-67aa16712c7c1657622952559-The-Indian-Garage-Co-Men-Shirts-6921657622952105-6.jpg",
18996778.0,shirts,Men,U.S. Polo Assn.,U S Polo Assn Men Blue Gingham Checks Patch Pocket Checked Casual Shirt,"Blue gingham checks checked opaque Casual shirt ,has a spread collar,  button placket,  long regular sleeves,  curved hem",Cotton,| 100% Cotton | Machine wash,Checked,Regular Fit,,Long Sleeves,Casual,,Regular,4.2,10,2599,50,"""竄ｹ1,559.00""",INR,http://assets.myntassets.com/assets/images/18996778/2022/7/6/a1192bd0-a11d-4f13-8f25-add9efc9a8211657121021685USPoloAssnMenAquaPatchPocketCheckCasualShirt1.jpg,"http://assets.myntassets.com/assets/images/18996778/2022/7/6/a1192bd0-a11d-4f13-8f25-add9efc9a8211657121021685USPoloAssnMenAquaPatchPocketCheckCasualShirt1.jpg,http://assets.myntassets.com/assets/images/18996778/2022/7/6/3903e6d2-06fb-46a6-962c-12950edb62351657121021703USPoloAssnMenAquaPatchPocketCheckCasualShirt2.jpg,http://assets.myntassets.com/assets/images/18996778/2022/7/6/27fa8c48-49f0-4cc1-af29-581cb94805e31657121021694USPoloAssnMenAquaPatchPocketCheckCasualShirt3.jpg",
18996772.0,shirts,Men,U.S. Polo Assn.,U S Polo Assn Men Coral and Blue Striped 100% Cotton Casual Shirt,"Coral vertical stripes striped opaque Casual shirt ,has a button-down collar,  button placket,  1 patch pocket, long regular sleeves,  curved hem",Cotton,100% Cotton. Machine wash,Striped,Regular Fit,,Long Sleeves,Casual,,Regular,4.9,10,2799,50,"""竄ｹ1,399.00""",INR,http://assets.myntassets.com/assets/images/18996772/2022/7/6/f8f09a37-1c44-443a-8604-c16b7efaecee1657121051180USPoloAssnMenRedPureCottonStripedCasualShirt1.jpg,"http://assets.myntassets.com/assets/images/18996772/2022/7/6/f8f09a37-1c44-443a-8604-c16b7efaecee1657121051180USPoloAssnMenRedPureCottonStripedCasualShirt1.jpg,http://assets.myntassets.com/assets/images/18996772/2022/7/6/f4bfea46-7a37-4af7-acdf-338db66fce831657121051165USPoloAssnMenRedPureCottonStripedCasualShirt2.jpg,http://assets.myntassets.com/assets/images/18996772/2022/7/6/882102c5-3704-440b-95e4-f806c49654441657121051187USPoloAssnMenRedPureCottonStripedCasualShirt3.jpg,http://assets.myntassets.com/assets/images/18996772/2022/7/6/468b253b-3157-493a-87fe-cfc3204420d61657121051148USPoloAssnMenRedPureCottonStripedCasualShirt4.jpg,http://assets.myntassets.com/assets/images/18996772/2022/7/6/3a18f6a2-a077-43b1-b1a4-16e86e4b481f1657121051172USPoloAssnMenRedPureCottonStripedCasualShirt5.jpg,http://assets.myntassets.com/assets/images/18996772/2022/7/6/3b7be25f-43b2-445a-b5ad-dacfbeb8a11d1657121051156USPoloAssnMenRedPureCottonStripedCasualShirt6.jpg,http://assets.myntassets.com/assets/images/18996772/2022/7/6/ed01f7b9-7dda-4a46-bef0-ba9f0f8551741657121051195USPoloAssnMenRedPureCottonStripedCasualShirt7.jpg",
18719418.0,shirts,Men,SPYKAR,Men Green Slim Fit Buffalo Checks Checked Casual Shirt,"Green buffalo checks checked opaque Casual shirt ,has a spread collar,  button placket,  na pocket, long regular sleeves,  curved hem",Cotton,Machine Wash,Checked,Slim Fit,,Long Sleeves,Casual,,Regular,0,0,2799,55,"""竄ｹ1,259.00""",INR,http://assets.myntassets.com/assets/images/18719418/2022/6/13/ba8eb261-4250-458b-a70f-7a806a92e44c1655120717227SpykarOliveGreenCottonFullSleeveChecksShirtForMen1.jpg,"http://assets.myntassets.com/assets/images/18719418/2022/6/13/ba8eb261-4250-458b-a70f-7a806a92e44c1655120717227SpykarOliveGreenCottonFullSleeveChecksShirtForMen1.jpg,http://assets.myntassets.com/assets/images/18719418/2022/6/13/7dfa9ae5-bc4c-48b1-b487-0af6b99e3a3b1655120717177SpykarOliveGreenCottonFullSleeveChecksShirtForMen2.jpg,http://assets.myntassets.com/assets/images/18719418/2022/6/13/0bfcc7da-a614-443c-8042-f740e92324601655120717219SpykarOliveGreenCottonFullSleeveChecksShirtForMen3.jpg,http://assets.myntassets.com/assets/images/18719418/2022/6/13/2a2d08bc-4a20-4ec9-8e3d-8a9002d2664d1655120717188SpykarOliveGreenCottonFullSleeveChecksShirtForMen4.jpg,http://assets.myntassets.com/assets/images/18719418/2022/6/13/395d965c-9ee8-48a3-8c3e-d0524ecab0391655120717196SpykarOliveGreenCottonFullSleeveChecksShirtForMen5.jpg,http://assets.myntassets.com/assets/images/18719418/2022/6/13/a4d4639f-a684-433c-ad95-c513644941b91655120717207SpykarOliveGreenCottonFullSleeveChecksShirtForMen6.jpg",
18960086.0,shirts,Men,The Indian Garage Co,Men Green Slim Fit Horizontal Stripes Casual Shirt,"Green multi stripes solid opaque Casual shirt ,has a cutaway collar,  button placket,  1 patch pocket, long regular sleeves,  curved hem",Cotton,Cotton.        Machine wash,Striped,Slim Fit,,Long Sleeves,Casual,,Regular,4.5,23,1749,72,"""竄ｹ454.00""",INR,http://assets.myntassets.com/assets/images/18960086/2022/7/11/9b432bc2-38d6-4326-b845-22b963b1984d1657529917378-The-Indian-Garage-Co-Men-Shirts-8001657529916899-1.jpg,"http://assets.myntassets.com/assets/images/18960086/2022/7/11/9b432bc2-38d6-4326-b845-22b963b1984d1657529917378-The-Indian-Garage-Co-Men-Shirts-8001657529916899-1.jpg,http://assets.myntassets.com/assets/images/18960086/2022/7/11/4a194510-8ec8-4df4-a4c8-0b2088ad47b21657529917370-The-Indian-Garage-Co-Men-Shirts-8001657529916899-2.jpg,http://assets.myntassets.com/assets/images/18960086/2022/7/11/327e51ec-e99c-4279-8f9a-0ab08293e5a61657529917362-The-Indian-Garage-Co-Men-Shirts-8001657529916899-3.jpg,http://assets.myntassets.com/assets/images/18960086/2022/7/11/e9532d57-5bfe-4fa4-9089-21486bf695c61657529917353-The-Indian-Garage-Co-Men-Shirts-8001657529916899-4.jpg,http://assets.myntassets.com/assets/images/18960086/2022/7/11/93560b01-2045-4011-b813-8d13d13a8dfa1657529917344-The-Indian-Garage-Co-Men-Shirts-8001657529916899-5.jpg,http://assets.myntassets.com/assets/images/18960086/2022/7/11/5e3ceeb6-77da-4e64-b650-54553c3483731657529917336-The-Indian-Garage-Co-Men-Shirts-8001657529916899-6.jpg",
18960098.0,shirts,Men,The Indian Garage Co,Men Black & White Printed Casual Cotton Shirt,"Black and white abstract printed opaque casual shirt, has a band collar, button placket, long regular sleeves, curved hem",Cotton,Cotton. Machine wash,Printed,Regular Fit,,Long Sleeves,Casual,,Regular,3.8,5,1749,76,"""竄ｹ419.00""",INR,http://assets.myntassets.com/assets/images/18960098/2022/7/13/b6e1f544-6150-43f1-b7d0-500de323742e1657697501162-The-Indian-Garage-Co-Men-Shirts-8351657697500596-1.jpg,"http://assets.myntassets.com/assets/images/18960098/2022/7/13/b6e1f544-6150-43f1-b7d0-500de323742e1657697501162-The-Indian-Garage-Co-Men-Shirts-8351657697500596-1.jpg,http://assets.myntassets.com/assets/images/18960098/2022/7/13/a062c510-132b-4684-aed1-345af7b1e0af1657697501151-The-Indian-Garage-Co-Men-Shirts-8351657697500596-2.jpg,http://assets.myntassets.com/assets/images/18960098/2022/7/13/c6512acd-c820-41a7-9a43-416780cd42201657697501139-The-Indian-Garage-Co-Men-Shirts-8351657697500596-3.jpg,http://assets.myntassets.com/assets/images/18960098/2022/7/13/dfa4fbe7-4178-4789-bcab-d7568f7c2b2b1657697501127-The-Indian-Garage-Co-Men-Shirts-8351657697500596-4.jpg,http://assets.myntassets.com/assets/images/18960098/2022/7/13/53c00e78-8276-46a1-915c-b5aa255e885b1657697501116-The-Indian-Garage-Co-Men-Shirts-8351657697500596-5.jpg,http://assets.myntassets.com/assets/images/18960098/2022/7/13/674f46c6-e742-4bb4-875a-38183ccaef0a1657697501097-The-Indian-Garage-Co-Men-Shirts-8351657697500596-6.jpg",
18971858.0,shirts,Men,Sztori,Men Plus Size Printed Casual Shirt,"Blue and white geometric printed opaque casual shirt, has a spread collar, button placket, 1 patch pocket, long roll-up sleeves, curved hem",Cotton,"87% cotton, 13% linen&nbsp;. Machine wash",Printed,Regular Fit,,Long Sleeves,Casual,,Regular,4,43,2699,74,"""竄ｹ701.00""",INR,http://assets.myntassets.com/assets/images/18971858/2023/1/10/813dd490-7341-4b8d-b67f-96e5b997818a1673329772538-Sztori-Men-Shirts-8161673329771856-1.jpg,"http://assets.myntassets.com/assets/images/18971858/2023/1/10/813dd490-7341-4b8d-b67f-96e5b997818a1673329772538-Sztori-Men-Shirts-8161673329771856-1.jpg,http://assets.myntassets.com/assets/images/18971858/2023/1/10/ed54a204-08c9-49fb-92f3-414eafe827a01673329772515-Sztori-Men-Shirts-8161673329771856-2.jpg,http://assets.myntassets.com/assets/images/18971858/2023/1/10/e8a6130b-f8a8-4926-b054-483e9b1effbf1673329772494-Sztori-Men-Shirts-8161673329771856-3.jpg,http://assets.myntassets.com/assets/images/18971858/2023/1/10/040dca2f-b95e-406d-939c-58cb3a4d9b161673329772472-Sztori-Men-Shirts-8161673329771856-4.jpg,http://assets.myntassets.com/assets/images/18971858/2023/1/10/d55b2372-47a5-426b-9c79-1c62f6c40b3c1673329772449-Sztori-Men-Shirts-8161673329771856-5.jpg,http://assets.myntassets.com/assets/images/18971858/2023/1/10/4b2884d3-d16b-4a74-b734-b6ba97325da21673329772426-Sztori-Men-Shirts-8161673329771856-6.jpg",
17304036.0,shirts,Men,SPYKAR,Men Red and Navy Blue Tartan Checked Pure Cotton Slim Fit Casual Shirt,"Red and navy blue tartan checked opaque casual shirt, has a spread collar, button placket, 1 patch pocket, long regular sleeves, curved hem",Cotton,100% cotton. Machine wash&nbsp;. Wash seperately. Do not bleach. Use mild detergent. Dry under shade,Checked,Slim Fit,,Long Sleeves,Casual,,Regular,4,26,2199,60,"""竄ｹ2,199.00""",INR,http://assets.myntassets.com/assets/images/17304036/2022/7/29/9551198a-bd72-4a61-97fd-7a5e5c8e03111659088330321-SPYKAR-Men-Shirts-5141659088329900-1.jpg,"http://assets.myntassets.com/assets/images/17304036/2022/7/29/9551198a-bd72-4a61-97fd-7a5e5c8e03111659088330321-SPYKAR-Men-Shirts-5141659088329900-1.jpg,http://assets.myntassets.com/assets/images/17304036/2022/7/29/6f4c5836-21e0-42a4-b341-34e4e400473e1659088330313-SPYKAR-Men-Shirts-5141659088329900-2.jpg,http://assets.myntassets.com/assets/images/17304036/2022/7/29/8350ef37-8116-42b2-aa5b-7fda32d29fca1659088330305-SPYKAR-Men-Shirts-5141659088329900-3.jpg,http://assets.myntassets.com/assets/images/17304036/2022/7/29/7762d24f-9120-4f6c-90be-0881fcc7ac501659088330297-SPYKAR-Men-Shirts-5141659088329900-4.jpg,http://assets.myntassets.com/assets/images/17304036/2022/7/29/c043dcc8-76bd-421e-92db-7b5004e03a991659088330288-SPYKAR-Men-Shirts-5141659088329900-5.jpg,http://assets.myntassets.com/assets/images/17304036/2022/7/29/e31afbda-dba5-4c92-9e81-b9e3783e697e1659088330279-SPYKAR-Men-Shirts-5141659088329900-6.jpg",
17377642.0,shirts,Men,Roadster,The  Lifestyle Co Men Navy Blue Checked Pure Cotton Casual Shirt,"Navy blue checked opaque Casual shirt, has a spread collar, button placket, 1 patch pocket, long roll-up sleeves, curved hem",Cotton,100% Cotton. Machine wash,Checked,Regular Fit,,Long Sleeves,Casual,,Regular,4,94,1499,50,"""竄ｹ1,499.00""",INR,http://assets.myntassets.com/assets/images/17377642/2022/7/22/4bda167a-ab79-47fb-8f5e-f8016daec0dc1658490683066-Roadster-Men-Shirts-8031658490682583-1.jpg,"http://assets.myntassets.com/assets/images/17377642/2022/7/22/4bda167a-ab79-47fb-8f5e-f8016daec0dc1658490683066-Roadster-Men-Shirts-8031658490682583-1.jpg,http://assets.myntassets.com/assets/images/17377642/2022/7/22/66e310aa-bb60-45ec-b1a0-755a831dae9c1658490683058-Roadster-Men-Shirts-8031658490682583-2.jpg,http://assets.myntassets.com/assets/images/17377642/2022/7/22/1216bb2f-747a-4fcd-9efb-21d5173d74311658490683049-Roadster-Men-Shirts-8031658490682583-3.jpg,http://assets.myntassets.com/assets/images/17377642/2022/7/22/c173ae78-6fc8-43e7-bb29-c685327beff81658490683041-Roadster-Men-Shirts-8031658490682583-4.jpg,http://assets.myntassets.com/assets/images/17377642/2022/7/22/92a94579-3b3f-42d5-880b-8bfb486ef3301658490683032-Roadster-Men-Shirts-8031658490682583-5.jpg,http://assets.myntassets.com/assets/images/17377642/2022/7/22/41c6f36f-d08b-4669-88cd-56a2a468428a1658490683023-Roadster-Men-Shirts-8031658490682583-6.jpg",
18463946.0,shirts,Men,Lee,Men Pink Slim Fit Tartan Checks Checked Casual Shirt,"Pink tartan checks checked opaque Casual shirt ,has a spread collar,  button placket,  na pocket, long regular sleeves,  curved hem",Cotton,Machine Wash,Checked,Slim Fit,,Long Sleeves,Casual,,Regular,4.5,15,2399,50,"""竄ｹ2,399.00""",INR,http://assets.myntassets.com/assets/images/18463946/2022/5/27/d4f65b10-0f5f-4881-92c0-a4a238a128281653634204908LeeMenNAVYPINKSlimFitShirt1.jpg,"http://assets.myntassets.com/assets/images/18463946/2022/5/27/d4f65b10-0f5f-4881-92c0-a4a238a128281653634204908LeeMenNAVYPINKSlimFitShirt1.jpg,http://assets.myntassets.com/assets/images/18463946/2022/5/27/283acfa0-25c8-4fc3-b27c-e74ceff416b51653634204873LeeMenNAVYPINKSlimFitShirt2.jpg,http://assets.myntassets.com/assets/images/18463946/2022/5/27/0ce102cc-7ea8-44fb-8812-37c8cb596d021653634204899LeeMenNAVYPINKSlimFitShirt3.jpg,http://assets.myntassets.com/assets/images/18463946/2022/5/27/f9901d0b-dd14-40c5-abf9-c9acd5d7f68d1653634204882LeeMenNAVYPINKSlimFitShirt4.jpg,http://assets.myntassets.com/assets/images/18463946/2022/5/27/31daabea-736e-4a88-9fdb-2d5207057a9d1653634204891LeeMenNAVYPINKSlimFitShirt5.jpg",
13621622.0,shirts,Men,U.S. Polo Assn.,Men Blue Regular Fit Printed Casual Shirt,"Blue printed casual shirt, has a button-down collar, button placket, and curved hem",Cotton,Material: Cotton,Printed,Regular Fit,,Long Sleeves,Casual,,Regular,4.4,41,2399,,"""竄ｹ2,399.00""",INR,http://assets.myntassets.com/assets/images/productimage/2021/2/9/758d785c-5522-4a15-bc79-d220e1c96b741612863698936-1.jpg,"http://assets.myntassets.com/assets/images/productimage/2021/2/9/758d785c-5522-4a15-bc79-d220e1c96b741612863698936-1.jpg,http://assets.myntassets.com/assets/images/productimage/2021/2/9/58d07fad-2a08-4cfc-a97b-29b1311fcefd1612863698955-2.jpg,http://assets.myntassets.com/assets/images/productimage/2021/2/9/a1ddc864-3035-478f-a2c4-126cebc709371612863698977-3.jpg,http://assets.myntassets.com/assets/images/productimage/2021/2/9/b774eada-0c97-479f-b9c3-d6f6c041a1781612863699000-4.jpg,http://assets.myntassets.com/assets/images/productimage/2021/2/9/a6ebd61c-f277-493d-8a14-e6e52e3132441612863699020-5.jpg,http://assets.myntassets.com/assets/images/productimage/2021/2/9/9f4d5bce-4527-4fb9-a513-a01780f9e3241612863699039-6.jpg",
13480184.0,shirts,Men,Flying Machine,Men White & Grey Regular Fit Printed Casual Shirt,"White and Grey printed casual shirt, has a spread collar, short sleeves, button placket, curved hem, and 1 patch pocket",,Material: Viscose Rayon.   Machine Wash,Printed,Regular Fit,,Short Sleeves,Casual,,Regular,3.7,25,1699,,"""竄ｹ1,699.00""",INR,http://assets.myntassets.com/assets/images/13480184/2022/8/4/496b6089-dcb9-4141-a4d1-1e41f99ca6c01659599326957FlyingMachineMenWhiteGreyRegularFitPrintedCasualShirt1.jpg,"http://assets.myntassets.com/assets/images/13480184/2022/8/4/496b6089-dcb9-4141-a4d1-1e41f99ca6c01659599326957FlyingMachineMenWhiteGreyRegularFitPrintedCasualShirt1.jpg,http://assets.myntassets.com/assets/images/13480184/2022/8/4/eceb9fd9-985e-4fc2-992d-51a24a70dd4f1659599326967FlyingMachineMenWhiteGreyRegularFitPrintedCasualShirt2.jpg,http://assets.myntassets.com/assets/images/13480184/2022/8/4/70b1d2e7-c84b-4688-9b09-50a7500b72541659599326979FlyingMachineMenWhiteGreyRegularFitPrintedCasualShirt3.jpg,http://assets.myntassets.com/assets/images/13480184/2022/8/4/22585495-3766-47c9-9fd5-808df7adb53b1659599326988FlyingMachineMenWhiteGreyRegularFitPrintedCasualShirt4.jpg,http://assets.myntassets.com/assets/images/13480184/2022/8/4/b6c4dc0b-7951-4f00-83e3-af896760e03c1659599326998FlyingMachineMenWhiteGreyRegularFitPrintedCasualShirt5.jpg,http://assets.myntassets.com/assets/images/13480184/2022/8/4/aae33915-63cc-4194-8d81-3ed915e602641659599327008FlyingMachineMenWhiteGreyRegularFitPrintedCasualShirt6.jpg,http://assets.myntassets.com/assets/images/13480184/2022/8/4/db6f8d76-b4be-4f0d-aad3-2463294ccf971659599327020FlyingMachineMenWhiteGreyRegularFitPrintedCasualShirt7.jpg",
17719808.0,shirts,Men,Louis Philippe Jeans,Men Green & White Slim Fit Tartan Checked Pure Cotton Casual Shirt,"Green and white tartan checked opaque casual shirt ,has a spread collar, button placket, 1 pocket, long regular sleeves, curved hem",Cotton,100% Cotton. Machine Wash,Checked,Slim Fit,,Long Sleeves,Casual,,Regular,4.5,18,2199,31,"""竄ｹ2,199.00""",INR,http://assets.myntassets.com/assets/images/17719808/2022/4/1/8de31030-1ddf-44d9-8ce4-5ebcbd8f4c681648795470410LouisPhilippeJeansMenGreenSlimFitTartanChecksCheckedCasualSh1.jpg,"http://assets.myntassets.com/assets/images/17719808/2022/4/1/8de31030-1ddf-44d9-8ce4-5ebcbd8f4c681648795470410LouisPhilippeJeansMenGreenSlimFitTartanChecksCheckedCasualSh1.jpg,http://assets.myntassets.com/assets/images/17719808/2022/4/1/ff03c45a-00ee-4181-a474-31a0bb19981e1648795470442LouisPhilippeJeansMenGreenSlimFitTartanChecksCheckedCasualSh2.jpg,http://assets.myntassets.com/assets/images/17719808/2022/4/1/7632c356-bba7-4dfa-829c-135f8ceb3d841648795470426LouisPhilippeJeansMenGreenSlimFitTartanChecksCheckedCasualSh3.jpg,http://assets.myntassets.com/assets/images/17719808/2022/4/1/f1f2ddf3-7601-48a6-986c-fb124a3554871648795470418LouisPhilippeJeansMenGreenSlimFitTartanChecksCheckedCasualSh4.jpg,http://assets.myntassets.com/assets/images/17719808/2022/4/1/37a1fc15-d088-49f2-a291-6a6a29ab933e1648795470434LouisPhilippeJeansMenGreenSlimFitTartanChecksCheckedCasualSh5.jpg",
18759238.0,shirts,Women,HERE&NOW,Women Yellow And Black Polka Dot Printed Casual Shirt,"Yellow and Black polka dot printed Casual shirt ,has a spread collar, button placket, long regular sleeves, curved hem",Polyester,100% Polyester. Machine-wash,Printed,Regular Fit,,Long Sleeves,Casual,,Regular,4.3,32,1399,47,"""竄ｹ741.00""",INR,http://assets.myntassets.com/assets/images/18759238/2022/11/29/7520a274-449b-4237-bab0-4f43b30a0c2e1669719067146-HERENOW-Women-Shirts-1931669719066569-1.jpg,"http://assets.myntassets.com/assets/images/18759238/2022/11/29/7520a274-449b-4237-bab0-4f43b30a0c2e1669719067146-HERENOW-Women-Shirts-1931669719066569-1.jpg,http://assets.myntassets.com/assets/images/18759238/2022/11/29/57b35fd7-2cab-46b7-9592-c1a6238495591669719067136-HERENOW-Women-Shirts-1931669719066569-2.jpg,http://assets.myntassets.com/assets/images/18759238/2022/11/29/fcffb334-5f42-47e7-b6ea-728b403e96721669719067124-HERENOW-Women-Shirts-1931669719066569-3.jpg,http://assets.myntassets.com/assets/images/18759238/2022/11/29/fd154d42-dd76-46fb-8db4-e0a817eee3271669719067111-HERENOW-Women-Shirts-1931669719066569-4.jpg,http://assets.myntassets.com/assets/images/18759238/2022/11/29/c78b5b5f-72ed-4f41-847d-763e577792821669719067100-HERENOW-Women-Shirts-1931669719066569-5.jpg,http://assets.myntassets.com/assets/images/18759238/2022/11/29/fd2271ce-58ef-4e4d-901a-71734873152f1669719067086-HERENOW-Women-Shirts-1931669719066569-6.jpg",
20394602.0,shirts,Men,Cantabil,Men Black Solid Cotton Formal Shirt,"Black solid solid opaque Formal shirt ,has a spread collar,  button placket,  1 patch pocket, long regular sleeves,  curved hem",Cotton,Cotton. Machine Wash,Solid,Regular Fit,,Long Sleeves,Formal,,Regular,4.4,38,1999,60,"""竄ｹ1,999.00""",INR,http://assets.myntassets.com/assets/images/20394602/2022/10/14/52af75e7-e087-4e3d-911b-93666d3e53001665733529388Shirts1.jpg,"http://assets.myntassets.com/assets/images/20394602/2022/10/14/52af75e7-e087-4e3d-911b-93666d3e53001665733529388Shirts1.jpg,http://assets.myntassets.com/assets/images/20394602/2022/10/14/4a162f2d-0d39-493e-bd89-c23b7beabb001665733529395Shirts2.jpg,http://assets.myntassets.com/assets/images/20394602/2022/10/14/7d670677-877c-4b74-b535-86eb2238725e1665733529426Shirts3.jpg,http://assets.myntassets.com/assets/images/20394602/2022/10/14/ff883877-130f-42e5-a29e-e7aec4f3de421665733529410Shirts4.jpg,http://assets.myntassets.com/assets/images/20394602/2022/10/14/71130aae-e99a-47a8-a140-d4a0c335c5881665733529418Shirts5.jpg,http://assets.myntassets.com/assets/images/20394602/2022/10/14/3b276410-f42c-4f49-88dc-b79418d2d8011665733529403Shirts6.jpg",
13672974.0,shirts,Men,WROGN,Men White & Red Regular Fit Checked Casual Shirt,"White and Red checked casual shirt, has a spread collar, long sleeves, button placket, curved hem, and 1 patch pocket",Cotton,Material: 100%Cotton. Machine Wash,Checked,Regular Fit,,Long Sleeves,Casual,,Regular,4.1,250,2599,55,"""竄ｹ2,599.00""",INR,http://assets.myntassets.com/assets/images/13672974/2021/4/7/661a9f70-a926-4b50-ae6f-22ccd1192e651617796318852-WROGN-Men-Shirts-6851617796317941-1.jpg,"http://assets.myntassets.com/assets/images/13672974/2021/4/7/661a9f70-a926-4b50-ae6f-22ccd1192e651617796318852-WROGN-Men-Shirts-6851617796317941-1.jpg,http://assets.myntassets.com/assets/images/13672974/2021/4/7/dcbba32a-b3ca-447a-b664-74fca05947a91617796318835-WROGN-Men-Shirts-6851617796317941-2.jpg,http://assets.myntassets.com/assets/images/13672974/2021/4/7/d873c110-fba2-4073-865c-59a60863ca301617796318816-WROGN-Men-Shirts-6851617796317941-3.jpg,http://assets.myntassets.com/assets/images/13672974/2021/4/7/8fa22243-9a26-4471-9cc4-f2dfc921e4241617796318800-WROGN-Men-Shirts-6851617796317941-4.jpg,http://assets.myntassets.com/assets/images/13672974/2021/4/7/59d32ef7-0ab3-4e8e-badb-17ac80f03e2b1617796318783-WROGN-Men-Shirts-6851617796317941-5.jpg,http://assets.myntassets.com/assets/images/13672974/2021/4/7/a8ac4e9e-c895-43a3-a6ab-bf2cf88e9a9d1617796318762-WROGN-Men-Shirts-6851617796317941-6.jpg",
13694492.0,shirts,Men,Ecentric,Men Cream-Coloured Slim Fit Eco-Friendly Hemp Casual Sustainable Shirt,"Cream-Coloured solid casual shirt, has a spread collar, short sleeves, button placket, curved hem, and 1 patch pocket",Hemp,Material: Hemp.   Machine Wash,Solid,Slim Fit,,Short Sleeves,Casual,,Regular,4.5,22,2499,35,"""竄ｹ1,624.00""",INR,http://assets.myntassets.com/assets/images/productimage/2021/2/17/cb4dbad1-8c75-41a5-ace0-d06c1871311b1613555687985-1.jpg,"http://assets.myntassets.com/assets/images/productimage/2021/2/17/cb4dbad1-8c75-41a5-ace0-d06c1871311b1613555687985-1.jpg,http://assets.myntassets.com/assets/images/productimage/2021/2/17/a8501542-2653-45da-a333-f8767630f9c91613555688002-2.jpg,http://assets.myntassets.com/assets/images/productimage/2021/2/17/3f4c5857-c6f5-4417-883c-ed4884b167a91613555688028-3.jpg,http://assets.myntassets.com/assets/images/productimage/2021/2/17/474d80da-9a42-4314-a255-91627b9cc7c91613555688048-4.jpg,http://assets.myntassets.com/assets/images/productimage/2021/2/17/348cd60a-fa99-41e4-b80f-8cf5cb4572751613555688068-5.jpg,http://assets.myntassets.com/assets/images/13694492/2021/4/8/09b066bf-dd63-4877-b75e-8b7311ef39171617879830566-Ecentric-Men-Cream-Coloured-Slim-Fit-Solid-Hemp-Casual-Shirt-11.jpg",
21388884.0,shirts,Men,French Connection,Slim Fit Striped Cotton Casual Shirt,White vertical stripes opaque Casual shirtHas a cutaway collarButton placket1 patch pocketLong regular sleevesCurved hem,Cotton,100% Cotton. Machine-wash,Striped,Slim Fit,,Long Sleeves,Casual,,Regular,4.3,58,2199,70,"""竄ｹ2,199.00""",INR,http://assets.myntassets.com/assets/images/21388884/2023/3/6/04fa0004-f811-4a42-a9de-c104e66b990d1678105176610-French-Connection-Men-Shirts-811678105175855-1.jpg,"http://assets.myntassets.com/assets/images/21388884/2023/3/6/04fa0004-f811-4a42-a9de-c104e66b990d1678105176610-French-Connection-Men-Shirts-811678105175855-1.jpg,http://assets.myntassets.com/assets/images/21388884/2023/3/6/7bd3de0b-c428-4057-b807-320817bd87001678105176598-French-Connection-Men-Shirts-811678105175855-2.jpg,http://assets.myntassets.com/assets/images/21388884/2023/3/6/058436da-16fd-4cf6-9902-65718747441b1678105176587-French-Connection-Men-Shirts-811678105175855-3.jpg,http://assets.myntassets.com/assets/images/21388884/2023/3/6/90079104-a2d7-4881-8c6d-6dea7bf67c551678105176575-French-Connection-Men-Shirts-811678105175855-4.jpg,http://assets.myntassets.com/assets/images/21388884/2023/3/6/b9c64a64-6367-480b-90d4-dd5d84e3e7b41678105176561-French-Connection-Men-Shirts-811678105175855-5.jpg,http://assets.myntassets.com/assets/images/21388884/2023/3/6/177ca926-b9b4-443b-a2ca-73af13805fad1678105176550-French-Connection-Men-Shirts-811678105175855-6.jpg,http://assets.myntassets.com/assets/images/21388884/2023/3/6/ab786d3e-978e-49ce-a8f9-200bd3849ea81678105176537-French-Connection-Men-Shirts-811678105175855-7.jpg",
13681812.0,shirts,Men,Ecentric,Men Blue Slim Fit Solid Eco-Friendly Hemp Casual Sustainable Shirt,"Blue solid casual shirt, has a spread collar, short sleeves, button placket, curved hem, and 1 patch pocket",Hemp,100% Hemp. Machine Wash,Solid,Slim Fit,,Short Sleeves,Casual,,Regular,4,5,2499,35,"""竄ｹ1,624.00""",INR,http://assets.myntassets.com/assets/images/productimage/2021/2/17/3abb3919-f146-4a99-8d1d-866be35280211613539278642-1.jpg,"http://assets.myntassets.com/assets/images/productimage/2021/2/17/3abb3919-f146-4a99-8d1d-866be35280211613539278642-1.jpg,http://assets.myntassets.com/assets/images/productimage/2021/2/17/06fa42d3-9714-402c-abe2-31ec5fa139e01613539278664-2.jpg,http://assets.myntassets.com/assets/images/productimage/2021/2/17/b41278c0-a070-4a06-8a7a-b8648b546ea01613539278686-3.jpg,http://assets.myntassets.com/assets/images/productimage/2021/2/17/f819d103-06d8-4dfb-ac33-140d89d63b0e1613539278710-4.jpg,http://assets.myntassets.com/assets/images/productimage/2021/2/17/875a7ca0-260a-48f3-b8ee-9c0ccfa3c2461613539278736-5.jpg,http://assets.myntassets.com/assets/images/13681812/2021/4/8/068bb491-35ba-4761-8906-194708117f601617879671581-Ecentric-Men-Blue-Slim-Fit-Solid-Hemp-Casual-Shirt-599161787-11.jpg",
21396820.0,shirts,Men,Jack & Jones,Men Slim Fit Printed Casual Shirt,"Graphic printed opaque Casual shirt, has a spread collar, button placket, long regular sleeves, curved hem",Cotton,Cotton. Machine Wash,Printed,Slim Fit,,Long Sleeves,Casual,,Regular,4.4,15,3499,65,"""竄ｹ3,499.00""",INR,http://assets.myntassets.com/assets/images/21396820/2023/1/3/8609bae2-7bff-4488-8356-caeac3a3e3921672741283508Shirts1.jpg,"http://assets.myntassets.com/assets/images/21396820/2023/1/3/8609bae2-7bff-4488-8356-caeac3a3e3921672741283508Shirts1.jpg,http://assets.myntassets.com/assets/images/21396820/2023/1/3/d9d727be-4e20-4547-9a82-2c500b79c0f91672741283497Shirts2.jpg,http://assets.myntassets.com/assets/images/21396820/2023/1/3/17a0dae2-6ae5-488f-88e0-8463ab72ae671672741283519Shirts3.jpg,http://assets.myntassets.com/assets/images/21396820/2023/1/3/3cef697b-2748-496a-87fe-2c80b47725551672741283475Shirts4.jpg,http://assets.myntassets.com/assets/images/21396820/2023/1/3/b43ad75b-696f-4760-bdd9-4fab4b7a5ddb1672741283485Shirts5.jpg",
16042682.0,shirts,Men,Nautica,Men Navy Blue Printed Casual Shirt,"Navy blue conversational printed opaque Casual shirt ,has a spread collar,  button placket,  1 patch pocket, short regular sleeves,  straight hem",Cotton,95% cotton 5% elastane. Machine wash,Printed,Regular Fit,,Short Sleeves,Casual,,Regular,4.2,15,3599,50,"""竄ｹ1,799.00""",INR,http://assets.myntassets.com/assets/images/16042682/2022/6/10/16b5d17a-842a-4ed3-918d-d85d871aad051654845525099-Nautica-Men-Shirts-7351654845524639-1.jpg,"http://assets.myntassets.com/assets/images/16042682/2022/6/10/16b5d17a-842a-4ed3-918d-d85d871aad051654845525099-Nautica-Men-Shirts-7351654845524639-1.jpg,http://assets.myntassets.com/assets/images/16042682/2022/6/10/9c9e01d6-23b5-49cd-876f-a91f8c02a1811654845525090-Nautica-Men-Shirts-7351654845524639-2.jpg,http://assets.myntassets.com/assets/images/16042682/2022/6/10/980aaae2-3988-450d-856b-ff61e17d42291654845525082-Nautica-Men-Shirts-7351654845524639-3.jpg,http://assets.myntassets.com/assets/images/16042682/2022/6/10/c64cce2c-df51-4e7b-bd3a-fabe82e8201a1654845525074-Nautica-Men-Shirts-7351654845524639-4.jpg,http://assets.myntassets.com/assets/images/16042682/2022/6/10/6ad201dc-878a-4f41-9ea3-5d9722247efe1654845525065-Nautica-Men-Shirts-7351654845524639-5.jpg",
14519404.0,shirts,Men,The Indian Garage Co,Men Khaki Casual Shirt,"Khaki solid opaque Casual shirt ,has a mandarin collar,  button placket,  na pocket, long,  curved hem",Cotton,"Cotton , .  Machine wash",Solid,Regular Fit,,Long Sleeves,Casual,,Regular,3.9,117,1749,74,"""竄ｹ489.00""",INR,http://assets.myntassets.com/assets/images/productimage/2021/6/11/88921f5f-3e1b-418d-b682-1b4019345d0f1623393683217-1.jpg,"http://assets.myntassets.com/assets/images/productimage/2021/6/11/88921f5f-3e1b-418d-b682-1b4019345d0f1623393683217-1.jpg,http://assets.myntassets.com/assets/images/productimage/2021/6/11/79ae7726-c923-4611-a17f-5b2254c19f2a1623393683228-2.jpg,http://assets.myntassets.com/assets/images/productimage/2021/6/11/f53be9cf-b715-4223-b326-b6680e7a181b1623393683238-3.jpg,http://assets.myntassets.com/assets/images/productimage/2021/6/11/27596ff7-5708-4fa8-be7c-ab15fec4564a1623393683248-4.jpg,http://assets.myntassets.com/assets/images/productimage/2021/6/11/0fd20dd4-3731-437b-bdc7-2687932a4f0a1623393683258-5.jpg,http://assets.myntassets.com/assets/images/productimage/2021/6/11/0f53fafd-50f3-4e8c-aaa7-f8436f47ff561623393683270-6.jpg",
18996754.0,shirts,Men,U.S. Polo Assn.,U S Polo Assn Men Brown Tartan Checks Checked Pure Cotton Casual Shirt,"Brown tartan checks checked opaque Casual shirt ,has a spread collar,  button placket,  1 patch pocket, long regular sleeves,  curved hem",Cotton,100% Cotton. Machine wash,Checked,Regular Fit,,Long Sleeves,Casual,,Regular,4.1,9,2599,50,"""竄ｹ1,299.00""",INR,http://assets.myntassets.com/assets/images/18996754/2022/7/6/8e6fd14e-8bcf-4e46-b046-a0b84789be541657121099857USPoloAssnMenBrownSpreadCollarCheckCasualShirt1.jpg,"http://assets.myntassets.com/assets/images/18996754/2022/7/6/8e6fd14e-8bcf-4e46-b046-a0b84789be541657121099857USPoloAssnMenBrownSpreadCollarCheckCasualShirt1.jpg,http://assets.myntassets.com/assets/images/18996754/2022/7/6/9779a54d-cc4b-4a95-8d3d-22650d9f5dfe1657121099843USPoloAssnMenBrownSpreadCollarCheckCasualShirt2.jpg,http://assets.myntassets.com/assets/images/18996754/2022/7/6/0cd7e92f-356b-460c-bf33-d6e2e8ad315b1657121099866USPoloAssnMenBrownSpreadCollarCheckCasualShirt3.jpg,http://assets.myntassets.com/assets/images/18996754/2022/7/6/55506c05-ee9f-4b5e-a4f7-d4ce507fd26b1657121099827USPoloAssnMenBrownSpreadCollarCheckCasualShirt4.jpg,http://assets.myntassets.com/assets/images/18996754/2022/7/6/9139a47e-d4ea-4e41-aaef-1f1ef5d13bb31657121099850USPoloAssnMenBrownSpreadCollarCheckCasualShirt5.jpg,http://assets.myntassets.com/assets/images/18996754/2022/7/6/0b726300-2ca5-4db9-b7ba-57a93aeac2171657121099835USPoloAssnMenBrownSpreadCollarCheckCasualShirt6.jpg",
18927466.0,shirts,Men,U.S. Polo Assn.,U S Polo Assn Men Blue Casual Shirt,"Blue solid opaque Casual shirt ,has a spread collar, button placket, 1 pocket, long regular sleeves, curved hem",Cotton,| 100% Cotton | Machine wash,Solid,Regular Fit,,Long Sleeves,Casual,,Regular,4,69,2299,50,"""竄ｹ1,149.00""",INR,http://assets.myntassets.com/assets/images/18927466/2022/7/11/f3fd7d37-a4a6-4bf4-bec9-891b640603d61657518825045USPoloAssnMenBlueCasualShirt1.jpg,"http://assets.myntassets.com/assets/images/18927466/2022/7/11/f3fd7d37-a4a6-4bf4-bec9-891b640603d61657518825045USPoloAssnMenBlueCasualShirt1.jpg,http://assets.myntassets.com/assets/images/18927466/2022/7/11/44055d96-0ad5-405a-8661-405aa3362a391657518825055USPoloAssnMenBlueCasualShirt2.jpg,http://assets.myntassets.com/assets/images/18927466/2022/7/11/648bc564-8418-4fe4-b7fb-f90d72e93a0e1657518825065USPoloAssnMenBlueCasualShirt3.jpg,http://assets.myntassets.com/assets/images/18927466/2022/7/11/e7a34171-2d48-485a-a764-1ad7b8c893371657518825073USPoloAssnMenBlueCasualShirt4.jpg,http://assets.myntassets.com/assets/images/18927466/2022/7/11/3a96fdba-23d2-4aa7-a9e9-b646e7dde63f1657518825082USPoloAssnMenBlueCasualShirt5.jpg,http://assets.myntassets.com/assets/images/18927466/2022/7/11/e040dbe9-08ac-4f04-9d43-e90aac3284631657518825091USPoloAssnMenBlueCasualShirt6.jpg,http://assets.myntassets.com/assets/images/18927466/2022/7/11/fdea0138-85bb-4731-a3ba-e52b9f5c133e1657518825101USPoloAssnMenBlueCasualShirt7.jpg",
17296250.0,shirts,Boys,CAVIO,Boys Green & Black Colourblocked Casual Shirt,"Green & black colourblocked opaque casual shirt ,has a spread collar, button placket, long roll-up sleeves, curved hem",Cotton,"90% Cotton, 10% elastane. Machine-wash",Colourblocked,Regular Fit,,Long Sleeves,Casual,,Regular,4.3,20,1290,33,"""竄ｹ864.00""",INR,http://assets.myntassets.com/assets/images/17296250/2022/2/25/f9e8b347-cfe3-45e7-b48e-604de1e9275f1645796104233CAVIOBoysGreenPrintedCasualShirt1.jpg,"http://assets.myntassets.com/assets/images/17296250/2022/2/25/f9e8b347-cfe3-45e7-b48e-604de1e9275f1645796104233CAVIOBoysGreenPrintedCasualShirt1.jpg,http://assets.myntassets.com/assets/images/17296250/2022/2/25/dd44f492-821f-484b-a462-c0423bacf57c1645796104258CAVIOBoysGreenPrintedCasualShirt2.jpg,http://assets.myntassets.com/assets/images/17296250/2022/2/25/895de6a9-08ef-47c0-a1ce-fd6b6a2206db1645796104250CAVIOBoysGreenPrintedCasualShirt3.jpg,http://assets.myntassets.com/assets/images/17296250/2022/2/25/953dc9ce-d6cd-4da3-af3b-e136e4f05acd1645796104241CAVIOBoysGreenPrintedCasualShirt4.jpg",
17297320.0,shirts,Men,Antony Morato,Men Black & Yellow Printed Casual Shirt,"Black & yellow printed opaque Casual shirt ,has a spread collar, button placket, short regular sleeves, curved hem",Cotton,"50% VISCOSE 50% COTTON,. MACHINE WASH AT 30 OR LESS.",Printed,Regular Fit,,Short Sleeves,Casual,,Regular,0,0,6999,50,"""竄ｹ3,499.00""",INR,http://assets.myntassets.com/assets/images/17297320/2022/7/16/d0e44b35-44b2-4850-838e-718b353bcfd51657971227126AntonyMoratoMenBlackYellowPrintedCasualShirt1.jpg,"http://assets.myntassets.com/assets/images/17297320/2022/7/16/d0e44b35-44b2-4850-838e-718b353bcfd51657971227126AntonyMoratoMenBlackYellowPrintedCasualShirt1.jpg,http://assets.myntassets.com/assets/images/17297320/2022/7/16/332e3aaa-5726-4972-ac2a-c2f50ea5273c1657971227134AntonyMoratoMenBlackYellowPrintedCasualShirt2.jpg,http://assets.myntassets.com/assets/images/17297320/2022/7/16/3efd81ed-e65c-4747-a4f1-1827ab9683be1657971227143AntonyMoratoMenBlackYellowPrintedCasualShirt3.jpg",
17280264.0,shirts,Men,HIGHLANDER,Men Sea Green & Pink Slim Fit Printed Cotton Casual Shirt,"Sea green & pink tropical printed opaque casual shirt ,has a spread collar, button placket, 1 patch pocket, short regular sleeves, curved hem",Cotton,Cotton. Machine wash,Printed,Slim Fit,,Short Sleeves,Casual,,Regular,4.2,1246,1199,59,"""竄ｹ491.00""",INR,http://assets.myntassets.com/assets/images/17280264/2022/2/25/a17361c5-f670-442c-a01f-daa992c521b71645761978199HIGHLANDERMenGreenSlimFitPrintedCasualShirt1.jpg,"http://assets.myntassets.com/assets/images/17280264/2022/2/25/a17361c5-f670-442c-a01f-daa992c521b71645761978199HIGHLANDERMenGreenSlimFitPrintedCasualShirt1.jpg,http://assets.myntassets.com/assets/images/17280264/2022/2/25/f7081e19-b0e7-4a24-8269-d06f43cb3bd91645761978190HIGHLANDERMenGreenSlimFitPrintedCasualShirt2.jpg,http://assets.myntassets.com/assets/images/17280264/2022/2/25/8c99c405-77e0-4271-8c7b-762094ec10891645761978183HIGHLANDERMenGreenSlimFitPrintedCasualShirt3.jpg,http://assets.myntassets.com/assets/images/17280264/2022/2/25/90609444-340e-4965-8157-18a70bc7e71f1645761978174HIGHLANDERMenGreenSlimFitPrintedCasualShirt4.jpg,http://assets.myntassets.com/assets/images/17280264/2022/2/25/e87934ab-7f7a-4ba2-96f1-c0d02070bed61645761978208HIGHLANDERMenGreenSlimFitPrintedCasualShirt5.jpg",
17355950.0,shirts,Men,Mast & Harbour,Men Coral Orange Solid Pure Cotton Casual Shirt,"Coral solid opaque Casual shirt ,has a cutaway collar,  button placket,  long regular sleeves,  curved hem",Cotton,100% Cotton. Machine wash,Solid,Regular Fit,,Long Sleeves,Casual,,Regular,4,78,1999,74,"""竄ｹ519.00""",INR,http://assets.myntassets.com/assets/images/17355950/2022/4/27/f9187f9c-b3da-4052-b2f0-605ed22f95e21651052487471-Mast--Harbour-Men-Shirts-5591651052487053-6.jpg,"http://assets.myntassets.com/assets/images/17355950/2022/4/27/f9187f9c-b3da-4052-b2f0-605ed22f95e21651052487471-Mast--Harbour-Men-Shirts-5591651052487053-6.jpg,http://assets.myntassets.com/assets/images/17355950/2022/4/27/7b0fc651-32ee-48c0-8767-5dc6da0aec3a1651052487508-Mast--Harbour-Men-Shirts-5591651052487053-2.jpg,http://assets.myntassets.com/assets/images/17355950/2022/4/27/a0f14ade-4180-491d-b6f4-9ba6c56299691651052487499-Mast--Harbour-Men-Shirts-5591651052487053-3.jpg,http://assets.myntassets.com/assets/images/17355950/2022/4/27/1f395fdb-5ef5-4a42-869a-7c2591c8dda01651052487518-Mast--Harbour-Men-Shirts-5591651052487053-1.jpg,http://assets.myntassets.com/assets/images/17355950/2022/4/27/bce6ea8d-2e45-4f59-b30a-95401a811b921651052487490-Mast--Harbour-Men-Shirts-5591651052487053-4.jpg,http://assets.myntassets.com/assets/images/17355950/2022/4/27/a4b1de86-4ef8-4f30-85c3-cd27966017031651052487481-Mast--Harbour-Men-Shirts-5591651052487053-5.jpg",
17313694.0,shirts,Men,JAINISH,Men Coral Solid Classic Cotton Formal Shirt,"Coral solid opaque formal shirt ,has a spread collar, button placket, 1 pocket, long regular sleeves, straight hem",Cotton,70% Cotton &amp; 30 Polyester. Machine wash. Wash with mild detergent,Solid,Regular Fit,,Long Sleeves,Formal,,Regular,3,5,1999,71,"""竄ｹ579.00""",INR,http://assets.myntassets.com/assets/images/17313694/2022/2/26/0b12228f-9bc9-4788-b530-7ee247d86c9e1645887255958JAINISHMenCoralClassicFormalShirt1.jpg,"http://assets.myntassets.com/assets/images/17313694/2022/2/26/0b12228f-9bc9-4788-b530-7ee247d86c9e1645887255958JAINISHMenCoralClassicFormalShirt1.jpg,http://assets.myntassets.com/assets/images/17313694/2022/2/26/0839516e-e6d6-400d-9f3f-243e0ec6557f1645887255978JAINISHMenCoralClassicFormalShirt2.jpg,http://assets.myntassets.com/assets/images/17313694/2022/2/26/4cb92c85-8ca4-418c-943a-ffcc8b1b0f241645887255935JAINISHMenCoralClassicFormalShirt3.jpg,http://assets.myntassets.com/assets/images/17313694/2022/2/26/60977255-ff6b-40dd-98ec-a1c3b66a5dfd1645887255949JAINISHMenCoralClassicFormalShirt4.jpg,http://assets.myntassets.com/assets/images/17313694/2022/2/26/35d6ae3a-fafe-4352-9fa8-ed860133a4f21645887255968JAINISHMenCoralClassicFormalShirt5.jpg,http://assets.myntassets.com/assets/images/17313694/2022/2/26/29d4ed40-4f68-40da-8fd1-5cb5812497d61645887255942JAINISHMenCoralClassicFormalShirt6.jpg",
17356740.0,shirts,Men,Mast & Harbour,Men Navy Blue Pure Cotton Striped Casual Shirt,"Navy blue vertical stripes casual shirt, has a spread collar, long regular sleeves, 1 patch pocket on chest, and curved hem",Cotton,100% Cotton. Machine wash,Striped,Regular Fit,,Long Sleeves,Casual,,Regular,3.9,99,1899,73,"""竄ｹ512.00""",INR,http://assets.myntassets.com/assets/images/17356740/2022/11/3/a53147b1-4d9c-4708-a923-fa7afd0e49891667458085174-Mast--Harbour-Men-Blue-Multi-Stripes-Striped-Casual-Shirt-28-6.jpg,"http://assets.myntassets.com/assets/images/17356740/2022/11/3/a53147b1-4d9c-4708-a923-fa7afd0e49891667458085174-Mast--Harbour-Men-Blue-Multi-Stripes-Striped-Casual-Shirt-28-6.jpg,http://assets.myntassets.com/assets/images/17356740/2022/11/3/2d3f67f8-bea6-4cfb-8e82-f1d89895179e1667458085209-Mast--Harbour-Men-Blue-Multi-Stripes-Striped-Casual-Shirt-28-2.jpg,http://assets.myntassets.com/assets/images/17356740/2022/11/3/1855a8a2-f7aa-4455-b240-68ce559257571667458085201-Mast--Harbour-Men-Blue-Multi-Stripes-Striped-Casual-Shirt-28-3.jpg,http://assets.myntassets.com/assets/images/17356740/2022/11/3/611bcdf9-be5c-48e5-b06f-66dc0ada5b081667458085218-Mast--Harbour-Men-Blue-Multi-Stripes-Striped-Casual-Shirt-28-1.jpg,http://assets.myntassets.com/assets/images/17356740/2022/11/3/ca6d7e75-9733-4256-9ba4-99d19c3d33871667458085193-Mast--Harbour-Men-Blue-Multi-Stripes-Striped-Casual-Shirt-28-4.jpg,http://assets.myntassets.com/assets/images/17356740/2022/11/3/7c159edd-9bb2-4f21-9d6a-64bec05924d81667458085184-Mast--Harbour-Men-Blue-Multi-Stripes-Striped-Casual-Shirt-28-5.jpg",
17320764.0,shirts,Men,Bruun & Stengade,Men White Slim Fit Floral Printed Cotton Casual Shirt,"White floral printed opaque Casual shirt ,has a spread collar, button placket, long regular sleeves, curved hem",Cotton,100% Cotton. Machine Wash,Printed,Slim Fit,,Long Sleeves,Casual,,Regular,0,0,6499,50,"""竄ｹ3,249.00""",INR,http://assets.myntassets.com/assets/images/17320764/2022/2/27/a70230cc-27c7-4b07-84c1-de2fa799b31e1645955925975BruunStengadeMenWhiteSlimFitFloralPrintedCasualShirt1.jpg,"http://assets.myntassets.com/assets/images/17320764/2022/2/27/a70230cc-27c7-4b07-84c1-de2fa799b31e1645955925975BruunStengadeMenWhiteSlimFitFloralPrintedCasualShirt1.jpg,http://assets.myntassets.com/assets/images/17320764/2022/2/27/7c2af5d3-7fa6-4a25-b110-93c40c22f3c11645955925984BruunStengadeMenWhiteSlimFitFloralPrintedCasualShirt2.jpg,http://assets.myntassets.com/assets/images/17320764/2022/2/27/c2bfbde2-b8f3-4c87-bd5d-9229eebcb0261645955925957BruunStengadeMenWhiteSlimFitFloralPrintedCasualShirt3.jpg,http://assets.myntassets.com/assets/images/17320764/2022/2/27/e640e68b-290b-43b7-9ce3-657cb8da26a41645955925966BruunStengadeMenWhiteSlimFitFloralPrintedCasualShirt4.jpg",
17363588.0,shirts,Men,JAINISH,Men Navy Blue & White Printed Formal Shirt,"Navy blue abstract printed opaque Formal shirt ,has a spread collar,  button and loop,  short regular sleeves,  curved hem",Cotton,"70% Cotton,30% Polyester. Machine Wash",Printed,Regular Fit,,Short Sleeves,Formal,,Regular,3.8,4,1499,70,"""竄ｹ449.00""",INR,http://assets.myntassets.com/assets/images/17363588/2022/3/3/6c89f456-10f8-402d-95b8-e487ba3a9d031646312618625JAINISHMenNavyBlueClassicPrintedFormalShirt1.jpg,"http://assets.myntassets.com/assets/images/17363588/2022/3/3/6c89f456-10f8-402d-95b8-e487ba3a9d031646312618625JAINISHMenNavyBlueClassicPrintedFormalShirt1.jpg,http://assets.myntassets.com/assets/images/17363588/2022/3/3/a80cf6e4-8a7e-4057-ad7e-71770ca7e5211646312618643JAINISHMenNavyBlueClassicPrintedFormalShirt2.jpg,http://assets.myntassets.com/assets/images/17363588/2022/3/3/e5147e0b-b96e-4da6-80d4-a52ddb55b5a11646312618596JAINISHMenNavyBlueClassicPrintedFormalShirt3.jpg,http://assets.myntassets.com/assets/images/17363588/2022/3/3/ea3d8547-47db-439f-a55c-16baddbc259d1646312618617JAINISHMenNavyBlueClassicPrintedFormalShirt4.jpg,http://assets.myntassets.com/assets/images/17363588/2022/3/3/1dcb5ed1-64be-470b-9162-3dbf8d5707251646312618633JAINISHMenNavyBlueClassicPrintedFormalShirt5.jpg,http://assets.myntassets.com/assets/images/17363588/2022/3/3/38dbeb27-fedc-4476-98ca-91709aac114b1646312618606JAINISHMenNavyBlueClassicPrintedFormalShirt6.jpg",
17307612.0,shirts,Men,Louis Philippe Jeans,Men Blue Slim Fit Checked Casual Cotton Shirt,"Blue checked opaque Casual shirt ,has a mandarin collar, button placket, 1 pocket, long regular sleeves, curved hem",Cotton,100% Cotton. Machine wash,Checked,Slim Fit,,Long Sleeves,Casual,,Regular,4.3,23,2199,30,"""竄ｹ1,539.00""",INR,http://assets.myntassets.com/assets/images/17307612/2022/2/26/a6d0c140-3d20-4ded-a9ba-5205bf377ada1645864525597LouisPhilippeJeansMenBlueSlimFitCheckedCasualShirt1.jpg,"http://assets.myntassets.com/assets/images/17307612/2022/2/26/a6d0c140-3d20-4ded-a9ba-5205bf377ada1645864525597LouisPhilippeJeansMenBlueSlimFitCheckedCasualShirt1.jpg,http://assets.myntassets.com/assets/images/17307612/2022/2/26/b4fc8987-5151-48ff-815c-fefaac36935d1645864525614LouisPhilippeJeansMenBlueSlimFitCheckedCasualShirt2.jpg,http://assets.myntassets.com/assets/images/17307612/2022/2/26/1ee8de79-7359-4ebe-b970-2ccc9c2b61cf1645864525579LouisPhilippeJeansMenBlueSlimFitCheckedCasualShirt3.jpg,http://assets.myntassets.com/assets/images/17307612/2022/2/26/2fec73cc-b500-4544-95e2-7b1b72d25d061645864525588LouisPhilippeJeansMenBlueSlimFitCheckedCasualShirt4.jpg,http://assets.myntassets.com/assets/images/17307612/2022/2/26/2252ca91-c24c-41b2-9f1b-4348fb35a0821645864525606LouisPhilippeJeansMenBlueSlimFitCheckedCasualShirt5.jpg",
17345842.0,shirts,Women,JC Collection,Women Blue Abstract Printed Casual Shirt,"Blue abstract printed opaque casual shirt ,has a spread collar, button placket, long regular sleeves, curved hem",Polyester,100% Polyester. Dry Clean,Printed,Regular Fit,,Long Sleeves,Casual,,Regular,4.1,12,3499,45,"""竄ｹ1,924.00""",INR,http://assets.myntassets.com/assets/images/17345842/2022/3/2/c2844cc3-4da0-475d-879e-d763b76990331646195787214JCCollectionWomenBlueFloralPrintedCasualShirt1.jpg,"http://assets.myntassets.com/assets/images/17345842/2022/3/2/c2844cc3-4da0-475d-879e-d763b76990331646195787214JCCollectionWomenBlueFloralPrintedCasualShirt1.jpg,http://assets.myntassets.com/assets/images/17345842/2022/3/2/6159538c-07fa-4591-b0a1-bbf0f6a392721646195787206JCCollectionWomenBlueFloralPrintedCasualShirt2.jpg,http://assets.myntassets.com/assets/images/17345842/2022/3/2/bbcb7415-0357-4c58-b2b1-7392bd6b35b31646195787198JCCollectionWomenBlueFloralPrintedCasualShirt3.jpg,http://assets.myntassets.com/assets/images/17345842/2022/3/2/3d6a85d7-2ef8-4540-b1a8-f9cd113a8dd41646195787190JCCollectionWomenBlueFloralPrintedCasualShirt4.jpg,http://assets.myntassets.com/assets/images/17345842/2022/3/2/70d6a035-2e39-497a-ae01-7ea891f5c0611646195787224JCCollectionWomenBlueFloralPrintedCasualShirt5.jpg",
17322090.0,shirts,Men,JAINISH,Men Grey Classic Pure Cotton Formal Shirt,"Grey solid opaque formal shirt ,has a button-down collar, button placket, 1 patch pocket, long regular sleeves, curved hem",Cotton,100% Cotton. Machine wash,Solid,Regular Fit,,Long Sleeves,Formal,,Regular,3.3,18,1399,61,"""竄ｹ545.00""",INR,http://assets.myntassets.com/assets/images/17322090/2022/2/28/317ea751-a6fc-492e-93f7-b82adc82cac11646021968751JAINISHMenGreyClassicFormalShirt1.jpg,"http://assets.myntassets.com/assets/images/17322090/2022/2/28/317ea751-a6fc-492e-93f7-b82adc82cac11646021968751JAINISHMenGreyClassicFormalShirt1.jpg,http://assets.myntassets.com/assets/images/17322090/2022/2/28/c4447539-a6cc-4ac4-bbe3-4a7e289f4a841646021968769JAINISHMenGreyClassicFormalShirt2.jpg,http://assets.myntassets.com/assets/images/17322090/2022/2/28/d474bd6a-af27-4afc-b38f-f0143a01f06f1646021968725JAINISHMenGreyClassicFormalShirt3.jpg,http://assets.myntassets.com/assets/images/17322090/2022/2/28/f5b9e14a-065e-4ffb-bc4c-c158127e3fd51646021968741JAINISHMenGreyClassicFormalShirt4.jpg,http://assets.myntassets.com/assets/images/17322090/2022/2/28/a8978f65-d339-4f40-9245-44c1fef89d411646021968761JAINISHMenGreyClassicFormalShirt5.jpg,http://assets.myntassets.com/assets/images/17322090/2022/2/28/baad44c3-c2c9-4a85-bffb-738a2179db2e1646021968733JAINISHMenGreyClassicFormalShirt6.jpg",
17354282.0,shirts,Men,JAINISH,Men Navy Blue Classic Formal Shirt,"Navy blue solid opaque Formal shirt ,has a spread collar,  button placket,  1 patch pocket, short regular sleeves,  curved hem",Cotton,"Wash with mild detergent. 70% Cotton, 30% Polyester",Solid,Regular Fit,,Short Sleeves,Formal,,Regular,4,23,999,45,"""竄ｹ549.00""",INR,http://assets.myntassets.com/assets/images/17354282/2022/3/2/22dc8b97-4d92-497f-aa90-574b112113171646235995757JAINISHMenNavyBlueClassicFormalShirt1.jpg,"http://assets.myntassets.com/assets/images/17354282/2022/3/2/22dc8b97-4d92-497f-aa90-574b112113171646235995757JAINISHMenNavyBlueClassicFormalShirt1.jpg,http://assets.myntassets.com/assets/images/17354282/2022/3/2/c6a5679b-86be-4961-8bae-0cd9a5b9d3ae1646235995770JAINISHMenNavyBlueClassicFormalShirt2.jpg,http://assets.myntassets.com/assets/images/17354282/2022/3/2/621d8f25-7ad8-477f-b424-3772c9268f5f1646235995743JAINISHMenNavyBlueClassicFormalShirt3.jpg,http://assets.myntassets.com/assets/images/17354282/2022/3/2/4065f031-3cb5-4f54-84b2-77050f3823b51646235995750JAINISHMenNavyBlueClassicFormalShirt4.jpg,http://assets.myntassets.com/assets/images/17354282/2022/3/2/4013a2fb-8541-4d66-b6d4-3a60937fb4c81646235995764JAINISHMenNavyBlueClassicFormalShirt5.jpg",
17278954.0,shirts,Men,KETCH,Men Grey Solid Slim Fit Cotton Casual Shirt,"Grey solid opaque Casual shirt ,has a mandarin collar,  button placket,  1 patch pocket, long regular sleeves,  curved hem",Cotton,Cotton. Machine wash,Solid,Slim Fit,,Long Sleeves,Casual,,Regular,4,79,1249,62,"""竄ｹ474.00""",INR,http://assets.myntassets.com/assets/images/17278954/2022/2/25/97d5c17e-7ac2-4707-a12f-be1e2829162d1645757294340KETCHMenGreySlimFitPrintedCasualShirt1.jpg,"http://assets.myntassets.com/assets/images/17278954/2022/2/25/97d5c17e-7ac2-4707-a12f-be1e2829162d1645757294340KETCHMenGreySlimFitPrintedCasualShirt1.jpg,http://assets.myntassets.com/assets/images/17278954/2022/2/25/e2cfa963-0437-401b-9096-eb3e58e887ed1645757294356KETCHMenGreySlimFitPrintedCasualShirt2.jpg,http://assets.myntassets.com/assets/images/17278954/2022/2/25/db0a75dc-01d5-4e42-9e97-d7e8a3b471521645757294312KETCHMenGreySlimFitPrintedCasualShirt3.jpg,http://assets.myntassets.com/assets/images/17278954/2022/2/25/1065e2e5-effd-4bef-b6e3-a4d878b9ae661645757294331KETCHMenGreySlimFitPrintedCasualShirt4.jpg,http://assets.myntassets.com/assets/images/17278954/2022/2/25/ca3caa5a-8760-418c-a5f4-f723e41f79911645757294348KETCHMenGreySlimFitPrintedCasualShirt5.jpg,http://assets.myntassets.com/assets/images/17278954/2022/2/25/b83aa28c-60fe-4b5a-8188-b2b855fbcb561645757294320KETCHMenGreySlimFitPrintedCasualShirt6.jpg",
17289046.0,shirts,Women,Roadster,The  Lifestyle Co. Women Pure Cotton Puff Sleeves Casual Shirt,"Blue solid opaque Casual shirt, has a spread collar, button placket, short puff sleeves, straight hem",Cotton,100% Cotton. Machine Wash,Solid,Regular Fit,,Short Sleeves,Casual,,Regular,3.7,23,1699,57,"""竄ｹ730.00""",INR,http://assets.myntassets.com/assets/images/17289046/2022/12/16/9734f273-7bad-481b-bb4a-8313b0141bd21671179766497-Roadster-Women-Shirts-3321671179765939-1.jpg,"http://assets.myntassets.com/assets/images/17289046/2022/12/16/9734f273-7bad-481b-bb4a-8313b0141bd21671179766497-Roadster-Women-Shirts-3321671179765939-1.jpg,http://assets.myntassets.com/assets/images/17289046/2022/12/16/53becddf-7122-4086-8c7e-bc2400a060c71671179766482-Roadster-Women-Shirts-3321671179765939-2.jpg,http://assets.myntassets.com/assets/images/17289046/2022/12/16/c49c0c15-d6ae-4f6a-9813-e3de0df6404b1671179766469-Roadster-Women-Shirts-3321671179765939-3.jpg,http://assets.myntassets.com/assets/images/17289046/2022/12/16/be570e49-dfdf-4a75-85be-d6e20ecfd1d81671179766457-Roadster-Women-Shirts-3321671179765939-4.jpg,http://assets.myntassets.com/assets/images/17289046/2022/12/16/19a935c7-ed74-40ee-ab23-84ff8221eec51671179766443-Roadster-Women-Shirts-3321671179765939-5.jpg,http://assets.myntassets.com/assets/images/17289046/2022/12/16/043eab65-239c-4b23-a61e-5da78e520a8b1671179766428-Roadster-Women-Shirts-3321671179765939-6.jpg",
17327438.0,shirts,Men,Dream of Glory Inc,Men Pack Of 2 Black & White Casual Shirt,"pack of 2 Black and white solid opaque Casual shirt ,has a spread collar, button placket, 1 patch pocket, short regular sleeves, curved hem",Cotton,"100% Cotton,. Machine Wash",Solid,Regular Fit,,Short Sleeves,Casual,,Regular,2.8,6,4398,58,"""竄ｹ1,847.00""",INR,http://assets.myntassets.com/assets/images/17327438/2022/5/1/5442d3fc-70a8-4e4b-859b-cc2cfc059c811651394485778DreamofGloryIncMenPackOf2BlackWhiteCasualShirt1.jpg,"http://assets.myntassets.com/assets/images/17327438/2022/5/1/5442d3fc-70a8-4e4b-859b-cc2cfc059c811651394485778DreamofGloryIncMenPackOf2BlackWhiteCasualShirt1.jpg,http://assets.myntassets.com/assets/images/17327438/2022/5/1/c5d81bf4-9427-4c2a-ac2e-34c2e45d50f21651394485845DreamofGloryIncMenPackOf2BlackWhiteCasualShirt2.jpg,http://assets.myntassets.com/assets/images/17327438/2022/5/1/1a9ff182-a75a-4b03-9ba0-b8301b37d3b21651394485864DreamofGloryIncMenPackOf2BlackWhiteCasualShirt3.jpg,http://assets.myntassets.com/assets/images/17327438/2022/5/1/f08afe89-d92f-40d2-82fd-28d72daf2f231651394485884DreamofGloryIncMenPackOf2BlackWhiteCasualShirt4.jpg,http://assets.myntassets.com/assets/images/17327438/2022/5/1/cc769581-beae-4eca-8afa-e8a1a81393ab1651394485905DreamofGloryIncMenPackOf2BlackWhiteCasualShirt5.jpg,http://assets.myntassets.com/assets/images/17327438/2022/5/1/91e5b4c0-cea8-4f41-bdea-8f335709ab871651394485924DreamofGloryIncMenPackOf2BlackWhiteCasualShirt6.jpg,http://assets.myntassets.com/assets/images/17327438/2022/5/1/a0727d04-db29-4d49-adae-3738d3a5a4c81651394485943DreamofGloryIncMenPackOf2BlackWhiteCasualShirt7.jpg,http://assets.myntassets.com/assets/images/17327438/2022/5/1/0ca21e99-0bdb-4e0f-9c4e-64b52436da101651394485799DreamofGloryIncMenPackOf2BlackWhiteCasualShirt11.jpg,http://assets.myntassets.com/assets/images/17327438/2022/5/1/f317402e-c02b-4cf5-ad94-ce08467eb8171651394485807DreamofGloryIncMenPackOf2BlackWhiteCasualShirt12.jpg,http://assets.myntassets.com/assets/images/17327438/2022/5/1/ae114b90-99b8-46a7-b32b-1c8c7d2cd93a1651394485826DreamofGloryIncMenPackOf2BlackWhiteCasualShirt13.jpg",
17300314.0,shirts,Men,John Pride,Plus Size Olive Green Casual Cotton Shirt,"Olive green solid opaque Casual shirt ,has a spread collar, button placket, long regular sleeves, curved hem",Cotton,Cotton. Machine Wash,Solid,Regular Fit,,Long Sleeves,Casual,,Regular,3.8,11,1899,55,"""竄ｹ854.00""",INR,http://assets.myntassets.com/assets/images/17300314/2022/2/25/1986aba8-86b8-4f5e-b73c-b33023aa75d41645807999602JohnPrideMenOliveGreenCasualShirt1.jpg,"http://assets.myntassets.com/assets/images/17300314/2022/2/25/1986aba8-86b8-4f5e-b73c-b33023aa75d41645807999602JohnPrideMenOliveGreenCasualShirt1.jpg,http://assets.myntassets.com/assets/images/17300314/2022/2/25/1e1e4d3c-60ce-4d08-aeaf-804d9dcc65331645807999594JohnPrideMenOliveGreenCasualShirt2.jpg,http://assets.myntassets.com/assets/images/17300314/2022/2/25/0e0edbc1-dbff-424c-b65b-f31d9a6156231645807999586JohnPrideMenOliveGreenCasualShirt3.jpg,http://assets.myntassets.com/assets/images/17300314/2022/2/25/d7f11c19-a71e-43db-834e-fec2325bbc981645807999577JohnPrideMenOliveGreenCasualShirt4.jpg,http://assets.myntassets.com/assets/images/17300314/2022/2/25/59ff98ec-0618-464f-881b-3f32524903e81645807999618JohnPrideMenOliveGreenCasualShirt5.jpg,http://assets.myntassets.com/assets/images/17300314/2022/2/25/df85ae36-8d79-46a2-b2e6-1b2eabc0e3571645807999611JohnPrideMenOliveGreenCasualShirt6.jpg",
17307656.0,shirts,Men,SIMON CARTER LONDON,Men White Slim Fit Floral Printed Casual Shirt,"White floral printed opaque Casual shirt ,has a spread collar,  button placket,  long regular sleeves,  curved hem",Cotton,100% Cotton. machine wash,Printed,Slim Fit,,Long Sleeves,Casual,,Regular,4.6,5,2799,60,"""竄ｹ1,119.00""",INR,http://assets.myntassets.com/assets/images/17307656/2022/2/26/5a77f6c8-ac9d-4298-aacb-c14a667de36a1645862720557SIMONCARTERLONDONMenGreySlimFitFloralPrintedCasualShirt1.jpg,"http://assets.myntassets.com/assets/images/17307656/2022/2/26/5a77f6c8-ac9d-4298-aacb-c14a667de36a1645862720557SIMONCARTERLONDONMenGreySlimFitFloralPrintedCasualShirt1.jpg,http://assets.myntassets.com/assets/images/17307656/2022/2/26/084ed5eb-0bcf-4759-ae7b-a31a51993fd71645862720590SIMONCARTERLONDONMenGreySlimFitFloralPrintedCasualShirt2.jpg,http://assets.myntassets.com/assets/images/17307656/2022/2/26/cf38ca40-1145-4a0a-9218-92dc27086b941645862720576SIMONCARTERLONDONMenGreySlimFitFloralPrintedCasualShirt3.jpg,http://assets.myntassets.com/assets/images/17307656/2022/2/26/6f62797a-a7a2-4f59-a20c-42ebf1dff9e21645862720567SIMONCARTERLONDONMenGreySlimFitFloralPrintedCasualShirt4.jpg,http://assets.myntassets.com/assets/images/17307656/2022/2/26/2ce96da1-ed12-4668-b9d6-0fa41e281efd1645862720583SIMONCARTERLONDONMenGreySlimFitFloralPrintedCasualShirt5.jpg",
17313630.0,shirts,Men,JAINISH,Men Blue Classic Formal Shirt,"Blue solid opaque Formal shirt ,has a spread collar,  button placket,  1 pocket, long regular sleeves,  curved hem",Cotton,wash with mild detergent 70% Cotton &amp; 30 Polyster,Solid,Regular Fit,,Long Sleeves,Formal,,Regular,4.1,68,1999,71,"""竄ｹ579.00""",INR,http://assets.myntassets.com/assets/images/17313630/2022/2/26/6484b131-b4f7-4c97-a198-c60f8447e3711645886825695JAINISHMenBlueClassicFormalShirt1.jpg,"http://assets.myntassets.com/assets/images/17313630/2022/2/26/6484b131-b4f7-4c97-a198-c60f8447e3711645886825695JAINISHMenBlueClassicFormalShirt1.jpg,http://assets.myntassets.com/assets/images/17313630/2022/2/26/325f05b7-4fc6-4fee-90f8-efb1093126361645886825716JAINISHMenBlueClassicFormalShirt2.jpg,http://assets.myntassets.com/assets/images/17313630/2022/2/26/0409eae2-2d36-41a5-bd31-b1006d9879071645886825668JAINISHMenBlueClassicFormalShirt3.jpg,http://assets.myntassets.com/assets/images/17313630/2022/2/26/35aed3c1-ccd2-43e8-ad6f-b403c9eaafe51645886825687JAINISHMenBlueClassicFormalShirt4.jpg,http://assets.myntassets.com/assets/images/17313630/2022/2/26/7b1293f3-14c9-489f-a7a9-0788138181171645886825707JAINISHMenBlueClassicFormalShirt5.jpg,http://assets.myntassets.com/assets/images/17313630/2022/2/26/ebefaf59-4984-4d5c-a506-e5bea53b17c51645886825677JAINISHMenBlueClassicFormalShirt6.jpg",
17342230.0,shirts,Boys,Pepe Jeans,Boys White Printed Casual Shirt,"White graphic printed opaque Casual shirt ,has a spread collar,  button placket,  na pocket, long regular sleeves,  curved hem",Cotton,Machine wash as per tag,Printed,Regular Fit,,Long Sleeves,Casual,,Regular,4.3,6,1599,55,"""竄ｹ671.00""",INR,http://assets.myntassets.com/assets/images/17342230/2022/3/2/85f79c69-8a3b-41dc-b295-486951e9068c1646210919714PepeJeansBoysWhitePrintedCasualShirt1.jpg,"http://assets.myntassets.com/assets/images/17342230/2022/3/2/85f79c69-8a3b-41dc-b295-486951e9068c1646210919714PepeJeansBoysWhitePrintedCasualShirt1.jpg,http://assets.myntassets.com/assets/images/17342230/2022/3/2/02dce963-2344-4612-97c8-bad157056f5e1646210919706PepeJeansBoysWhitePrintedCasualShirt2.jpg,http://assets.myntassets.com/assets/images/17342230/2022/3/2/e64f74eb-cf10-45c4-a90d-9abe3cf58d8b1646210919697PepeJeansBoysWhitePrintedCasualShirt3.jpg",
17331296.0,shirts,Men,Fabindia,Men Blue Stripes Striped Cotton Casual Shirt,"Blue multi stripes striped opaque Casual shirt ,has a spread collar, button placket, 1 patch pocket, short regular sleeves, curved hem",Cotton,Cotton. Hand Wash Separately In Cold Water With Mild/Liquid Detergents Recommended.. Do Not Bleach.. Do Not Wring.. Do Not Iron On Embellishments.. Iron On Reverse.. Dry In Shade.,Striped,Regular Fit,,Short Sleeves,Casual,,Regular,4.4,5,1699,,"""竄ｹ1,699.00""",INR,http://assets.myntassets.com/assets/images/17331296/2022/3/1/67e81419-27b5-4252-bcb6-eee486b219431646073778648FabindiaMenBlueMultiStripesStripedCasualShirt1.jpg,"http://assets.myntassets.com/assets/images/17331296/2022/3/1/67e81419-27b5-4252-bcb6-eee486b219431646073778648FabindiaMenBlueMultiStripesStripedCasualShirt1.jpg,http://assets.myntassets.com/assets/images/17331296/2022/3/1/1ab30dea-2778-423f-8e67-a4998da9c95d1646073778680FabindiaMenBlueMultiStripesStripedCasualShirt2.jpg,http://assets.myntassets.com/assets/images/17331296/2022/3/1/0c0b7061-c850-4413-a1a8-38ccac7c3e811646073778665FabindiaMenBlueMultiStripesStripedCasualShirt3.jpg,http://assets.myntassets.com/assets/images/17331296/2022/3/1/70c36e56-53f3-426b-9393-f1ef38331a701646073778657FabindiaMenBlueMultiStripesStripedCasualShirt4.jpg,http://assets.myntassets.com/assets/images/17331296/2022/3/1/6c78defb-03bb-414e-b264-9bde00154f0b1646073778673FabindiaMenBlueMultiStripesStripedCasualShirt5.jpg,http://assets.myntassets.com/assets/images/17331296/2022/3/1/4dfe72cc-c27d-4074-b8f2-cab11c7d31801646073778689FabindiaMenBlueMultiStripesStripedCasualShirt6.jpg",
17345374.0,shirts,Men,Pepe Jeans,Men Blue Printed Cotton Casual Shirt,"Blue conversational printed opaque Casual shirt ,has a spread collar, button placket, long regular sleeves, curved hem",Cotton,Cotton. Machine wash as per tag,Printed,Regular Fit,,Long Sleeves,Casual,,Regular,4,34,2499,60,"""竄ｹ999.00""",INR,http://assets.myntassets.com/assets/images/17345374/2023/7/7/1447fa1c-4bcd-4127-94f4-408154ca02771688703408530PepeJeansMenBluePrintedCottonCasualShirt1.jpg,"http://assets.myntassets.com/assets/images/17345374/2023/7/7/1447fa1c-4bcd-4127-94f4-408154ca02771688703408530PepeJeansMenBluePrintedCottonCasualShirt1.jpg,http://assets.myntassets.com/assets/images/17345374/2023/7/7/b720f23d-851c-484b-a1de-658b3d6fa2be1688703408541PepeJeansMenBluePrintedCottonCasualShirt2.jpg,http://assets.myntassets.com/assets/images/17345374/2023/7/7/8cd034fa-b3aa-4477-bd3a-ac5a6c2735851688703408550PepeJeansMenBluePrintedCottonCasualShirt3.jpg,http://assets.myntassets.com/assets/images/17345374/2023/7/7/ee594fd4-b575-482a-bcb5-9e89fab92e841688703408562PepeJeansMenBluePrintedCottonCasualShirt4.jpg,http://assets.myntassets.com/assets/images/17345374/2023/7/7/e15ef00a-e153-464f-b60f-4550dfbab35c1688703408571PepeJeansMenBluePrintedCottonCasualShirt5.jpg,http://assets.myntassets.com/assets/images/17345374/2023/7/7/3358cfe7-bfb3-47dd-a6d2-4cdad5d68f851688703408581PepeJeansMenBluePrintedCottonCasualShirt6.jpg",
17355884.0,shirts,Men,Mast & Harbour,Men Green & Navy Blue Checked Pure Cotton Casual Shirt,"Green tartan checks checked opaque Casual shirt ,has a cutaway collar,  button placket,  1 patch pocket, long regular sleeves,  curved hem",Cotton,100% Cotton. Machine wash,Checked,Regular Fit,,Long Sleeves,Casual,,Regular,4.1,167,1999,65,"""竄ｹ699.00""",INR,http://assets.myntassets.com/assets/images/17355884/2022/9/7/a61e8548-fce9-4f8b-9b3b-44d4f04d2fc01662550904489MastHarbourMenGreenNavyBlueCheckedPureCottonCasualShirt1.jpg,"http://assets.myntassets.com/assets/images/17355884/2022/9/7/a61e8548-fce9-4f8b-9b3b-44d4f04d2fc01662550904489MastHarbourMenGreenNavyBlueCheckedPureCottonCasualShirt1.jpg,http://assets.myntassets.com/assets/images/17355884/2022/9/7/5aa811e7-25ff-4907-951a-41664e0e435c1662550904499MastHarbourMenGreenNavyBlueCheckedPureCottonCasualShirt2.jpg,http://assets.myntassets.com/assets/images/17355884/2022/9/7/e3794feb-2eb8-47c9-8d10-35fdc16328f51662550904507MastHarbourMenGreenNavyBlueCheckedPureCottonCasualShirt3.jpg,http://assets.myntassets.com/assets/images/17355884/2022/9/7/3c0e4595-fe6a-4c7d-9b6e-cf8eb6f68e0c1662550904515MastHarbourMenGreenNavyBlueCheckedPureCottonCasualShirt4.jpg,http://assets.myntassets.com/assets/images/17355884/2022/9/7/0201c675-c771-47e1-92ff-e34f1f055af31662550904523MastHarbourMenGreenNavyBlueCheckedPureCottonCasualShirt5.jpg,http://assets.myntassets.com/assets/images/17355884/2022/9/7/72face28-7579-4f1e-837c-2b80c7e701281662550904530MastHarbourMenGreenNavyBlueCheckedPureCottonCasualShirt6.jpg",
17322122.0,shirts,Men,JAINISH,Men Blue & White Classic Printed Formal Shirt,"Blue and white geometric printed opaque Formal shirt ,has a spread collar, button placket, long regular sleeves, curved hem",Cotton,70% Cotton 30% Polyester. Machine Wash,Printed,Regular Fit,,Long Sleeves,Formal,,Regular,4,2,1599,70,"""竄ｹ479.00""",INR,http://assets.myntassets.com/assets/images/17322122/2022/2/28/a00e6d4d-4c83-4f66-831a-3876f43738571646022946533JAINISHMenBlueClassicPrintedFormalShirt1.jpg,"http://assets.myntassets.com/assets/images/17322122/2022/2/28/a00e6d4d-4c83-4f66-831a-3876f43738571646022946533JAINISHMenBlueClassicPrintedFormalShirt1.jpg,http://assets.myntassets.com/assets/images/17322122/2022/2/28/d80cba07-91c3-4fac-9753-1c33d157a8c41646022946525JAINISHMenBlueClassicPrintedFormalShirt2.jpg,http://assets.myntassets.com/assets/images/17322122/2022/2/28/93296335-0975-4ef7-bcb8-8ef95ed4da301646022946502JAINISHMenBlueClassicPrintedFormalShirt3.jpg,http://assets.myntassets.com/assets/images/17322122/2022/2/28/112dba35-dc3d-4267-85e5-7f8203710fda1646022946493JAINISHMenBlueClassicPrintedFormalShirt4.jpg,http://assets.myntassets.com/assets/images/17322122/2022/2/28/3610b33c-17ce-4e07-90fb-06f9f342731b1646022946542JAINISHMenBlueClassicPrintedFormalShirt5.jpg",
17293106.0,shirts,Women,DressBerry,Women Pink & White Slim Fit Floral Printed Casual Shirt,"Pink and white floral printed opaque Casual shirt ,has a spread collar, button placket, short regular sleeves, curved hem",Polyester,"100% Viscose,. Machine wash",Printed,Slim Fit,,Short Sleeves,Casual,,Regular,4.2,622,1599,59,"""竄ｹ591.00""",INR,http://assets.myntassets.com/assets/images/17293106/2023/4/24/b6303d51-2da6-4472-9194-e529265d7e3e1682321205083DressBerryWomenPinkWhiteSlimFitFloralPrintedCasualShirt1.jpg,"http://assets.myntassets.com/assets/images/17293106/2023/4/24/b6303d51-2da6-4472-9194-e529265d7e3e1682321205083DressBerryWomenPinkWhiteSlimFitFloralPrintedCasualShirt1.jpg,http://assets.myntassets.com/assets/images/17293106/2023/4/24/55d3f634-28fa-41d9-b271-864b68a947be1682321205097DressBerryWomenPinkWhiteSlimFitFloralPrintedCasualShirt2.jpg,http://assets.myntassets.com/assets/images/17293106/2023/4/24/f66c58ba-a783-49c3-a7a2-ca947e6fdf3f1682321205111DressBerryWomenPinkWhiteSlimFitFloralPrintedCasualShirt3.jpg,http://assets.myntassets.com/assets/images/17293106/2023/4/24/1d1c5eb2-dcc5-4438-b1c4-57bf9c430ae11682321205127DressBerryWomenPinkWhiteSlimFitFloralPrintedCasualShirt4.jpg,http://assets.myntassets.com/assets/images/17293106/2023/4/24/669917cd-3eb6-462d-8956-1edd11fe32b61682321205140DressBerryWomenPinkWhiteSlimFitFloralPrintedCasualShirt5.jpg",
17342236.0,shirts,Boys,Pepe Jeans,Boys Yellow & Blue Cotton Checked Casual Shirt,"Yellow tartan checks checked opaque Casual shirt ,has a spread collar,  button placket,  1 patch pocket, long regular sleeves,  curved hem",Cotton,. Cotton. Machine wash as per tag,Checked,Regular Fit,,Long Sleeves,Casual,,Regular,4.4,16,1599,55,"""竄ｹ671.00""",INR,http://assets.myntassets.com/assets/images/17342236/2022/3/2/9bc24d63-ee55-481d-b9eb-7effa54aded61646207754890PepeJeansBoysYellowTartanChecksCheckedCasualShirt1.jpg,"http://assets.myntassets.com/assets/images/17342236/2022/3/2/9bc24d63-ee55-481d-b9eb-7effa54aded61646207754890PepeJeansBoysYellowTartanChecksCheckedCasualShirt1.jpg,http://assets.myntassets.com/assets/images/17342236/2022/3/2/3301d76b-fd0f-4120-a828-302307f1e6ac1646207754907PepeJeansBoysYellowTartanChecksCheckedCasualShirt2.jpg,http://assets.myntassets.com/assets/images/17342236/2022/3/2/35f0821d-07b0-4d78-9570-96ac22397fd01646207754899PepeJeansBoysYellowTartanChecksCheckedCasualShirt3.jpg",
17322136.0,shirts,Men,JAINISH,Men Blue Classic Pure Cotton Formal Shirt,"Blue solid opaque formal shirt ,has a button-down collar, button placket, 1 pocket, long regular sleeves, curved hem",Cotton,100% Cotton. Machine wash,Solid,Regular Fit,,Long Sleeves,Formal,,Regular,4,5,1399,61,"""竄ｹ545.00""",INR,http://assets.myntassets.com/assets/images/17322136/2022/2/28/f43aae8e-590b-4ec6-a339-59fd9b574de51646021226328JAINISHMenBlueClassicFormalShirt1.jpg,"http://assets.myntassets.com/assets/images/17322136/2022/2/28/f43aae8e-590b-4ec6-a339-59fd9b574de51646021226328JAINISHMenBlueClassicFormalShirt1.jpg,http://assets.myntassets.com/assets/images/17322136/2022/2/28/5825e19a-0d65-44e1-bf59-c3cd99265b551646021226320JAINISHMenBlueClassicFormalShirt2.jpg,http://assets.myntassets.com/assets/images/17322136/2022/2/28/032a599b-efed-4bfd-b20e-2ada8d8ea0261646021226311JAINISHMenBlueClassicFormalShirt3.jpg,http://assets.myntassets.com/assets/images/17322136/2022/2/28/a020a17d-cedb-48f5-b191-b3dcab1f408a1646021226302JAINISHMenBlueClassicFormalShirt4.jpg,http://assets.myntassets.com/assets/images/17322136/2022/2/28/bd0d4fa3-869b-4947-afb6-65ad919e42f11646021226336JAINISHMenBlueClassicFormalShirt5.jpg",
17375000.0,shirts,Men,ColorPlus,Men Red Printed Casual Shirt,"Red micro ditsy printed opaque Casual shirt ,has a spread collar,  button placket,  1 pocket, long regular sleeves,  curved hem",Cotton,"Cotton, Machine Wash",Printed,Regular Fit,,Long Sleeves,Casual,,Regular,4.5,15,2399,30,"""竄ｹ1,151.00""",INR,http://assets.myntassets.com/assets/images/17375000/2022/3/4/ad0aec16-3f01-4b51-bda0-9cddbbaa50a51646376940024ColorPlusMenRedPrintedCasualShirt1.jpg,"http://assets.myntassets.com/assets/images/17375000/2022/3/4/ad0aec16-3f01-4b51-bda0-9cddbbaa50a51646376940024ColorPlusMenRedPrintedCasualShirt1.jpg,http://assets.myntassets.com/assets/images/17375000/2022/3/4/d6f2391d-ec37-4e9e-9965-d2b3b8b0f9bb1646376940062ColorPlusMenRedPrintedCasualShirt2.jpg,http://assets.myntassets.com/assets/images/17375000/2022/3/4/6ea1268f-1c3b-4b15-83f9-dabc42f9d7fc1646376940044ColorPlusMenRedPrintedCasualShirt3.jpg,http://assets.myntassets.com/assets/images/17375000/2022/3/4/1bb06c95-01e6-4032-aada-2f2b85817cf81646376940035ColorPlusMenRedPrintedCasualShirt4.jpg,http://assets.myntassets.com/assets/images/17375000/2022/3/4/074897cf-871a-4ec0-b2b6-f23f737cf2381646376940053ColorPlusMenRedPrintedCasualShirt5.jpg",
17355886.0,shirts,Men,Mast & Harbour,Men Regular Fit Tartan Checks Casual Shirt,"Blue and white tartan check casual shirt, has a spread collar, long sleeves, button placket, 1 chest pocket, curved hem",Cotton,100% Cotton&nbsp;. Machine-wash,Checked,Regular Fit,,Long Sleeves,Casual,,Regular,3.8,31,1999,75,"""竄ｹ499.00""",INR,http://assets.myntassets.com/assets/images/17355886/2023/2/28/770b779e-8edf-41b8-9ec1-c8f5413e704c1677582354368-Mast--Harbour-Men-Shirts-3641677582353830-6.jpg,"http://assets.myntassets.com/assets/images/17355886/2023/2/28/770b779e-8edf-41b8-9ec1-c8f5413e704c1677582354368-Mast--Harbour-Men-Shirts-3641677582353830-6.jpg,http://assets.myntassets.com/assets/images/17355886/2023/2/28/f5006c5e-f344-4b59-9833-e9220897bd5b1677582354480-Mast--Harbour-Men-Shirts-3641677582353830-2.jpg,http://assets.myntassets.com/assets/images/17355886/2023/2/28/1732d9a4-fa4a-4716-ad4c-3b08028ab8301677582354445-Mast--Harbour-Men-Shirts-3641677582353830-3.jpg,http://assets.myntassets.com/assets/images/17355886/2023/2/28/ced1aeac-0882-4972-b930-5b452d76add11677582354506-Mast--Harbour-Men-Shirts-3641677582353830-1.jpg,http://assets.myntassets.com/assets/images/17355886/2023/2/28/5762ef82-47ec-43f4-aede-20503315a14f1677582354421-Mast--Harbour-Men-Shirts-3641677582353830-4.jpg,http://assets.myntassets.com/assets/images/17355886/2023/2/28/eac6e86d-2530-48c7-a7bd-565b2d3465ad1677582354394-Mast--Harbour-Men-Shirts-3641677582353830-5.jpg",
18045128.0,shirts,Boys,Gini and Jony,Boys Blue Classic Floral Printed Casual Shirt,"Blue floral printed opaque Casual shirt ,has a spread collar,  button placket,  1 pocket, long regular sleeves,  curved hem",Cotton,Cotton. Machine Wash,Printed,Regular Fit,,Long Sleeves,Casual,,Regular,3.5,6,1149,48,"""竄ｹ540.00""",INR,http://assets.myntassets.com/assets/images/18045128/2022/4/26/8f505b21-084e-4f53-9cc8-0e4f3dccfb861650986059616GiniandJonyBoysBlueClassicFloralPrintedCasualShirt1.jpg,"http://assets.myntassets.com/assets/images/18045128/2022/4/26/8f505b21-084e-4f53-9cc8-0e4f3dccfb861650986059616GiniandJonyBoysBlueClassicFloralPrintedCasualShirt1.jpg,http://assets.myntassets.com/assets/images/18045128/2022/4/26/b4a10fb1-5d44-4716-84f8-7bbf2b78d1301650986059648GiniandJonyBoysBlueClassicFloralPrintedCasualShirt2.jpg,http://assets.myntassets.com/assets/images/18045128/2022/4/26/f31a5d93-b3e6-4003-ad0c-aad9bae26bf21650986059659GiniandJonyBoysBlueClassicFloralPrintedCasualShirt3.jpg",
17289100.0,shirts,Women,Roadster,The  Life Co. Spread Collar Pure Cotton Casual Shirt,White solid opaque Casual shirtHas a spread collarButton placket2 patch chest pocketLong regular sleevesHigh-low hem,Cotton,100% Cotton. Machine-wash,Solid,Regular Fit,,Long Sleeves,Casual,,Regular,4.3,7,1899,55,"""竄ｹ854.00""",INR,http://assets.myntassets.com/assets/images/17289100/2023/4/5/4759b606-47ac-4426-b434-157587ffabd51680677513369-Roadster-Women-Shirts-1021680677512734-1.jpg,"http://assets.myntassets.com/assets/images/17289100/2023/4/5/4759b606-47ac-4426-b434-157587ffabd51680677513369-Roadster-Women-Shirts-1021680677512734-1.jpg,http://assets.myntassets.com/assets/images/17289100/2023/4/5/cb5ec84b-e97b-4b09-af62-19f83936810f1680677513357-Roadster-Women-Shirts-1021680677512734-2.jpg,http://assets.myntassets.com/assets/images/17289100/2023/4/5/14e8c982-0bb8-4f3f-a3c5-4385652c1dc61680677513343-Roadster-Women-Shirts-1021680677512734-3.jpg,http://assets.myntassets.com/assets/images/17289100/2023/4/5/80c46db1-c584-46c7-8cbf-153ab589e65d1680677513329-Roadster-Women-Shirts-1021680677512734-4.jpg,http://assets.myntassets.com/assets/images/17289100/2023/4/5/2eee2c8b-0d4f-444c-b6cb-ce52708b28701680677513312-Roadster-Women-Shirts-1021680677512734-5.jpg,http://assets.myntassets.com/assets/images/17289100/2023/4/5/91d660f0-502b-4d70-a1bd-7d051008b4a11680677513298-Roadster-Women-Shirts-1021680677512734-6.jpg",
17313676.0,shirts,Men,JAINISH,Men Burgundy Classic Smart Slim Fit Formal Shirt,"Burgundy solid opaque Formal shirt ,has a spread collar,  button placket,  1 patch pocket, long regular sleeves,  straight hem",Cotton,70% Cotton &amp; 30 Poleyster. Machine wash,Solid,Regular Fit,,Long Sleeves,Formal,,Regular,4,11,1499,61,"""竄ｹ584.00""",INR,http://assets.myntassets.com/assets/images/17313676/2022/2/26/7d271515-5998-44a2-bbee-9a247f625ecc1645887214807JAINISHMenBurgundyClassicFormalShirt1.jpg,"http://assets.myntassets.com/assets/images/17313676/2022/2/26/7d271515-5998-44a2-bbee-9a247f625ecc1645887214807JAINISHMenBurgundyClassicFormalShirt1.jpg,http://assets.myntassets.com/assets/images/17313676/2022/2/26/237fe7bb-d1b0-484d-9595-5ebfc3a095731645887214798JAINISHMenBurgundyClassicFormalShirt2.jpg,http://assets.myntassets.com/assets/images/17313676/2022/2/26/7655830f-2809-4419-9627-5dd61e1c17151645887214789JAINISHMenBurgundyClassicFormalShirt3.jpg,http://assets.myntassets.com/assets/images/17313676/2022/2/26/0ae32ff2-8886-41e8-83a8-f1f561dcefdf1645887214780JAINISHMenBurgundyClassicFormalShirt4.jpg,http://assets.myntassets.com/assets/images/17313676/2022/2/26/8f5fb484-4f96-4ccb-8817-94f8ce559a691645887214826JAINISHMenBurgundyClassicFormalShirt5.jpg,http://assets.myntassets.com/assets/images/17313676/2022/2/26/f32e890e-068a-478c-b082-60672600bb6f1645887214816JAINISHMenBurgundyClassicFormalShirt6.jpg",
17302022.0,shirts,Boys,Pantaloons Junior,Boys Blue Solid Cotton Casual Shirt,"Blue solid opaque Casual shirt ,has a spread collar,  button placket,  long roll-up sleeves,  curved hem",Cotton,100% Cotton. Machine Wash,Solid,Regular Fit,,Long Sleeves,Casual,,Regular,4.4,77,799,14,"""竄ｹ687.00""",INR,http://assets.myntassets.com/assets/images/17302022/2022/2/26/407ac51f-17f3-40b3-9569-99473203ca0b1645848550328PantaloonsJuniorBoysBluePartyShirt1.jpg,"http://assets.myntassets.com/assets/images/17302022/2022/2/26/407ac51f-17f3-40b3-9569-99473203ca0b1645848550328PantaloonsJuniorBoysBluePartyShirt1.jpg,http://assets.myntassets.com/assets/images/17302022/2022/2/26/ea45072f-dcc5-4e95-911a-4f7f52686ffa1645848550351PantaloonsJuniorBoysBluePartyShirt2.jpg,http://assets.myntassets.com/assets/images/17302022/2022/2/26/b5ce7a5c-056b-4625-8e2e-616c7d8278fe1645848550344PantaloonsJuniorBoysBluePartyShirt3.jpg,http://assets.myntassets.com/assets/images/17302022/2022/2/26/a1755c2c-689c-42f3-aaee-0495d8e591a41645848550335PantaloonsJuniorBoysBluePartyShirt4.jpg",
17313952.0,shirts,Men,KETCH,Men Navy Blue & Red Slim Fit Checked Casual Shirt,"Navy blue & red checked opaque Casual shirt ,has a spread collar, button placket, 1 patch pocket, long roll-up sleeves, curved hem",Polycotton,"75% Polyester, 25% Cotton. Machine wash",Checked,Slim Fit,,Long Sleeves,Casual,,Regular,3.9,101,999,55,"""竄ｹ369.00""",INR,http://assets.myntassets.com/assets/images/17313952/2022/2/26/85e4b3c4-2e69-47e3-b027-6f297eb7e1521645890665562KETCHMenNavyBlueSlimFitTartanChecksCheckedCasualShirt1.jpg,"http://assets.myntassets.com/assets/images/17313952/2022/2/26/85e4b3c4-2e69-47e3-b027-6f297eb7e1521645890665562KETCHMenNavyBlueSlimFitTartanChecksCheckedCasualShirt1.jpg,http://assets.myntassets.com/assets/images/17313952/2022/2/26/ecbcf6ed-196c-42ad-acf4-4bd458ec0c251645890665545KETCHMenNavyBlueSlimFitTartanChecksCheckedCasualShirt2.jpg,http://assets.myntassets.com/assets/images/17313952/2022/2/26/2d4f47ea-ca4f-435a-be23-3be2e5ed9e841645890665572KETCHMenNavyBlueSlimFitTartanChecksCheckedCasualShirt3.jpg,http://assets.myntassets.com/assets/images/17313952/2022/2/26/7d50a78a-8665-40bf-bac2-9c2a54d41a7a1645890665525KETCHMenNavyBlueSlimFitTartanChecksCheckedCasualShirt4.jpg,http://assets.myntassets.com/assets/images/17313952/2022/2/26/398bc8d4-5923-4eb8-aabc-5c318b5a47df1645890665536KETCHMenNavyBlueSlimFitTartanChecksCheckedCasualShirt5.jpg,http://assets.myntassets.com/assets/images/17313952/2022/2/26/c96d2dea-2bfd-40ab-8d25-fc645380b39f1645890665554KETCHMenNavyBlueSlimFitTartanChecksCheckedCasualShirt6.jpg",
17352294.0,shirts,Men,Mast & Harbour,Men Black Solid Slim Fit Cotton Linen Casual Shirt,"Black solid opaque Casual shirt, has a spread collar, button placket, 1 patch pocket, long regular sleeves, curved hem",Cotton,"65% cotton, 35% linen. Machine wash",Solid,Slim Fit,,Long Sleeves,Casual,,Regular,4,195,2099,63,"""竄ｹ776.00""",INR,http://assets.myntassets.com/assets/images/17352294/2022/9/12/08e98997-2735-4110-83ba-0c53563e9c161662961057830-Mast--Harbour-Men-Shirts-6191662961057289-1.jpg,"http://assets.myntassets.com/assets/images/17352294/2022/9/12/08e98997-2735-4110-83ba-0c53563e9c161662961057830-Mast--Harbour-Men-Shirts-6191662961057289-1.jpg,http://assets.myntassets.com/assets/images/17352294/2022/9/12/7fcf8ab4-464e-41eb-87bc-4043b63f80b41662961057821-Mast--Harbour-Men-Shirts-6191662961057289-2.jpg,http://assets.myntassets.com/assets/images/17352294/2022/9/12/d62cb106-cc2d-40aa-9004-5aa4485bdbc31662961057812-Mast--Harbour-Men-Shirts-6191662961057289-3.jpg,http://assets.myntassets.com/assets/images/17352294/2022/9/12/bd92c0c1-2be1-40d2-ba53-0b411761ca631662961057802-Mast--Harbour-Men-Shirts-6191662961057289-4.jpg,http://assets.myntassets.com/assets/images/17352294/2022/9/12/992c422e-5aa5-4b8a-9d3e-f42eb535ec931662961057794-Mast--Harbour-Men-Shirts-6191662961057289-5.jpg,http://assets.myntassets.com/assets/images/17352294/2022/9/12/1200855c-493a-46fb-be01-8e94eef211c81662961057782-Mast--Harbour-Men-Shirts-6191662961057289-6.jpg",
22326558.0,shirts,Men,Dennis Lingo,Spread Collar Slim Fit Tartan Checked Pure Cotton Casual Shirt,"White tartan checked opaque casual shirt, has a spread collar, button placket, 1 patch pocket, long regular sleeves, curved hem",Cotton,100% Cotton. Machine wash,Checked,Slim Fit,,Long Sleeves,Casual,,Regular,3.3,26,2499,76,"""竄ｹ599.00""",INR,http://assets.myntassets.com/assets/images/22326558/2023/3/13/b22f98f8-265d-4c84-bbac-aaf7b2cc417e1678715966211DennisLingoMenWhiteSlimFitTartanChecksOpaqueCheckedCasualShi1.jpg,"http://assets.myntassets.com/assets/images/22326558/2023/3/13/b22f98f8-265d-4c84-bbac-aaf7b2cc417e1678715966211DennisLingoMenWhiteSlimFitTartanChecksOpaqueCheckedCasualShi1.jpg,http://assets.myntassets.com/assets/images/22326558/2023/3/13/285c4c8c-2a1d-4a5a-aec5-a82b8ee8339d1678715966161DennisLingoMenWhiteSlimFitTartanChecksOpaqueCheckedCasualShi2.jpg,http://assets.myntassets.com/assets/images/22326558/2023/3/13/a1b39aab-4fb6-43d6-a76a-02741010f3bc1678715966177DennisLingoMenWhiteSlimFitTartanChecksOpaqueCheckedCasualShi3.jpg,http://assets.myntassets.com/assets/images/22326558/2023/3/13/eb68ba96-380d-42cb-a565-70bbdb2e31c91678715966237DennisLingoMenWhiteSlimFitTartanChecksOpaqueCheckedCasualShi4.jpg,http://assets.myntassets.com/assets/images/22326558/2023/3/13/e1c4c37f-2cb3-4ff0-97f1-fc8d51c126471678715966224DennisLingoMenWhiteSlimFitTartanChecksOpaqueCheckedCasualShi5.jpg,http://assets.myntassets.com/assets/images/22326558/2023/3/13/d50a0c44-f5a6-40c9-baca-818b4f71f6341678715966201DennisLingoMenWhiteSlimFitTartanChecksOpaqueCheckedCasualShi6.jpg,http://assets.myntassets.com/assets/images/22326558/2023/3/13/a11af239-9019-48e4-8ef7-24be713ca29c1678715966189DennisLingoMenWhiteSlimFitTartanChecksOpaqueCheckedCasualShi7.jpg",
18960146.0,shirts,Men,The Indian Garage Co,Men Dusty Pink Printed Casual Cotton Shirt,"Dusty pink typography printed opaque casual shirt, has a spread collar, button placket, 1 patch pocket, long regular sleeves, curved hem",Cotton,Cotton&nbsp;. Machine wash,Printed,Regular Fit,,Long Sleeves,Casual,,Regular,4,61,1749,74,"""竄ｹ454.00""",INR,http://assets.myntassets.com/assets/images/18960146/2022/7/13/082d9050-f2de-4c2d-8168-41e62bceab5d1657697545919-The-Indian-Garage-Co-Men-Shirts-5391657697545372-1.jpg,"http://assets.myntassets.com/assets/images/18960146/2022/7/13/082d9050-f2de-4c2d-8168-41e62bceab5d1657697545919-The-Indian-Garage-Co-Men-Shirts-5391657697545372-1.jpg,http://assets.myntassets.com/assets/images/18960146/2022/7/13/f6adf01b-bded-471e-8b83-52af603289c01657697545911-The-Indian-Garage-Co-Men-Shirts-5391657697545372-2.jpg,http://assets.myntassets.com/assets/images/18960146/2022/7/13/3dcc88a8-9051-443b-a1de-4f7618b582c31657697545902-The-Indian-Garage-Co-Men-Shirts-5391657697545372-3.jpg,http://assets.myntassets.com/assets/images/18960146/2022/7/13/599e5aa1-b7eb-41d4-b7bf-cdbd00d821681657697545891-The-Indian-Garage-Co-Men-Shirts-5391657697545372-4.jpg,http://assets.myntassets.com/assets/images/18960146/2022/7/13/48527ddc-9d86-4288-a784-b6663d127b6b1657697545881-The-Indian-Garage-Co-Men-Shirts-5391657697545372-5.jpg,http://assets.myntassets.com/assets/images/18960146/2022/7/13/992d5525-c477-402a-8a76-f60f10ca36eb1657697545871-The-Indian-Garage-Co-Men-Shirts-5391657697545372-6.jpg",
18970712.0,shirts,Boys,Tommy Hilfiger,Boys Corduroy Casual Shirt,"Khaki Brown solid casual shirt, has a spread collar, button placket, 1 patch pocket, long regular sleeves, curved hem",Cotton,Cotton. Machine wash,Solid,Regular Fit,,Long Sleeves,Casual,,Regular,4.5,10,3299,40,"""竄ｹ1,979.00""",INR,http://assets.myntassets.com/assets/images/18970712/2022/11/21/42177ad5-5aca-4e59-aa09-9810788ba8811669033742033JacketsTommyHilfigerMenJacketsTommyHilfigerMenTshirtsTommyHi1.jpg,"http://assets.myntassets.com/assets/images/18970712/2022/11/21/42177ad5-5aca-4e59-aa09-9810788ba8811669033742033JacketsTommyHilfigerMenJacketsTommyHilfigerMenTshirtsTommyHi1.jpg,http://assets.myntassets.com/assets/images/18970712/2022/11/21/fcecdd53-84ab-43d4-b5fd-d542c86c3ac51669033742056JacketsTommyHilfigerMenJacketsTommyHilfigerMenTshirtsTommyHi2.jpg,http://assets.myntassets.com/assets/images/18970712/2022/11/21/1133ba0b-9c97-47c4-9613-e3b35fd03e5a1669033742077JacketsTommyHilfigerMenJacketsTommyHilfigerMenTshirtsTommyHi3.jpg,http://assets.myntassets.com/assets/images/18970712/2022/11/21/cecf0e12-4def-48da-ac6a-683d4f8ff48a1669033742100JacketsTommyHilfigerMenJacketsTommyHilfigerMenTshirtsTommyHi4.jpg",
18960126.0,shirts,Men,The Indian Garage Co,Men Peach-Coloured Printed Casual Cotton Shirt,"Peach-coloured conversational printed opaque casual shirt, has a cutaway collar, button placket, 1 patch pocket, long regular sleeves, curved hem",Cotton,Cotton. Machine wash,Printed,Regular Fit,,Long Sleeves,Casual,,Regular,4.1,21,1749,74,"""竄ｹ454.00""",INR,http://assets.myntassets.com/assets/images/18960126/2022/7/14/101215b4-34ef-484e-b6f2-ffaa591d499f1657800997874-The-Indian-Garage-Co-Men-Shirts-4541657800997350-1.jpg,"http://assets.myntassets.com/assets/images/18960126/2022/7/14/101215b4-34ef-484e-b6f2-ffaa591d499f1657800997874-The-Indian-Garage-Co-Men-Shirts-4541657800997350-1.jpg,http://assets.myntassets.com/assets/images/18960126/2022/7/14/ebd1b372-8694-4716-af16-9090b07362961657800997865-The-Indian-Garage-Co-Men-Shirts-4541657800997350-2.jpg,http://assets.myntassets.com/assets/images/18960126/2022/7/14/7de2e78f-2db9-43f7-8299-91db994d4f471657800997857-The-Indian-Garage-Co-Men-Shirts-4541657800997350-3.jpg,http://assets.myntassets.com/assets/images/18960126/2022/7/14/3b73055b-98f5-4a86-8c49-2f5714deb0771657800997848-The-Indian-Garage-Co-Men-Shirts-4541657800997350-4.jpg,http://assets.myntassets.com/assets/images/18960126/2022/7/14/bc9c3b81-57b3-4eb6-9dd0-fb79c9eefc5c1657800997839-The-Indian-Garage-Co-Men-Shirts-4541657800997350-5.jpg,http://assets.myntassets.com/assets/images/18960126/2022/7/14/dd4128c0-6bc2-4337-96ea-82256bbe8f541657800997829-The-Indian-Garage-Co-Men-Shirts-4541657800997350-6.jpg",
18960118.0,shirts,Men,The Indian Garage Co,Men Rust Orange Floral Print Cotton Casual Shirt,"Rust orange and blue floral printed opaque Casual shirt ,has a spread collar, button placket, 1 patch pocket, long regular sleeves, curved hem",Cotton,Cotton. Machine-wash,Printed,Regular Fit,,Long Sleeves,Casual,,Regular,3.9,12,1749,71,"""竄ｹ507.00""",INR,http://assets.myntassets.com/assets/images/18960118/2022/7/12/da50c469-8468-43db-99ef-de3530e5e82b1657626741169-The-Indian-Garage-Co-Men-Shirts-6661657626740663-1.jpg,"http://assets.myntassets.com/assets/images/18960118/2022/7/12/da50c469-8468-43db-99ef-de3530e5e82b1657626741169-The-Indian-Garage-Co-Men-Shirts-6661657626740663-1.jpg,http://assets.myntassets.com/assets/images/18960118/2022/7/12/b315997e-27e8-4ab1-b353-3b1574aa1bfd1657626741159-The-Indian-Garage-Co-Men-Shirts-6661657626740663-2.jpg,http://assets.myntassets.com/assets/images/18960118/2022/7/12/c557c793-9ddd-4091-83a9-80e92f4840b31657626741148-The-Indian-Garage-Co-Men-Shirts-6661657626740663-3.jpg,http://assets.myntassets.com/assets/images/18960118/2022/7/12/a1096a36-98a6-42ad-b2ff-aeeff9661ecb1657626741138-The-Indian-Garage-Co-Men-Shirts-6661657626740663-4.jpg,http://assets.myntassets.com/assets/images/18960118/2022/7/12/a4424e06-d5b7-4a50-b1e7-eda7c83a26831657626741128-The-Indian-Garage-Co-Men-Shirts-6661657626740663-5.jpg,http://assets.myntassets.com/assets/images/18960118/2022/7/12/1d7f230e-9286-40b7-b308-c21b6fa820db1657626741116-The-Indian-Garage-Co-Men-Shirts-6661657626740663-6.jpg",
18970848.0,shirts,Boys,Tommy Hilfiger,Boys Green & Blue Tartan Checks Pure Cotton Casual Shirt,"Green and blue tartan checks checked opaque Casual shirt, has a button-down collar, button placket, long regular sleeves, curved hem",Cotton,Cotton&nbsp;. Machine wash,Checked,Regular Fit,,Long Sleeves,Casual,,Regular,4.6,14,2799,40,"""竄ｹ1,679.00""",INR,http://assets.myntassets.com/assets/images/18970848/2022/11/5/ce063ec3-b67a-4782-b823-86f7121a9e6e1667620438727TommyHilfigerBoysWhiteSolidPureCottonCasualShirtShirtsTommyH1.jpg,"http://assets.myntassets.com/assets/images/18970848/2022/11/5/ce063ec3-b67a-4782-b823-86f7121a9e6e1667620438727TommyHilfigerBoysWhiteSolidPureCottonCasualShirtShirtsTommyH1.jpg,http://assets.myntassets.com/assets/images/18970848/2022/11/5/e291b7f1-ae84-4ed6-98fd-25d684aaf1f01667620438735TommyHilfigerBoysWhiteSolidPureCottonCasualShirtShirtsTommyH2.jpg,http://assets.myntassets.com/assets/images/18970848/2022/11/5/efadc8a5-a725-457c-8c99-eb47515102351667620438744TommyHilfigerBoysWhiteSolidPureCottonCasualShirtShirtsTommyH3.jpg,http://assets.myntassets.com/assets/images/18970848/2022/11/5/42abea3f-6250-4350-a9c7-f623844033fa1667620438764TommyHilfigerBoysWhiteSolidPureCottonCasualShirtShirtsTommyH4.jpg,http://assets.myntassets.com/assets/images/18970848/2022/11/5/e97c11f7-566f-4766-943d-fd8180b087e81667620438783TommyHilfigerBoysWhiteSolidPureCottonCasualShirtShirtsTommyH5.jpg",
18969276.0,shirts,Women,Ruhaans,Women Black Classic Casual Shirt,"Black solid opaque Casual shirt ,has a spread collar, button placket, long regular sleeves, straight hem",Viscose Rayon,Machine Wash,Solid,Regular Fit,,Long Sleeves,Casual,,Regular,4.1,14,1399,54,"""竄ｹ643.00""",INR,http://assets.myntassets.com/assets/images/18969276/2022/7/4/cd0a1f8b-ce97-481c-8af8-adf7d019c81c1656958134539RuhaansWomensRayonBlackShirt1.jpg,"http://assets.myntassets.com/assets/images/18969276/2022/7/4/cd0a1f8b-ce97-481c-8af8-adf7d019c81c1656958134539RuhaansWomensRayonBlackShirt1.jpg,http://assets.myntassets.com/assets/images/18969276/2022/7/4/747d0fde-c0f3-4d4f-8b34-393ff948dc011656958134562RuhaansWomensRayonBlackShirt2.jpg,http://assets.myntassets.com/assets/images/18969276/2022/7/4/61e15f7f-08e8-40d8-a9e1-e3d12ab9a8bf1656958134554RuhaansWomensRayonBlackShirt3.jpg,http://assets.myntassets.com/assets/images/18969276/2022/7/4/f93d4841-2095-4f48-992d-ea71788eff271656958134569RuhaansWomensRayonBlackShirt4.jpg,http://assets.myntassets.com/assets/images/18969276/2022/7/4/2913471b-f647-4741-ada6-325f45bb9f871656958134531RuhaansWomensRayonBlackShirt5.jpg,http://assets.myntassets.com/assets/images/18969276/2022/7/4/bc4437e8-5eb3-45d1-a4ef-5f5edb91e1991656958134547RuhaansWomensRayonBlackShirt6.jpg",
18946970.0,shirts,Men,YOVISH,Men Charcoal Smart Slim Fit Casual Shirt,"Charcoal solid opaque Casual shirt ,has a spread collar,  button placket,  1 patch pocket, long regular sleeves,  curved hem",Cotton,Gentle Machine Wash,Solid,Slim Fit,,Long Sleeves,Casual,,Regular,3.8,4,3499,,"""竄ｹ3,499.00""",INR,http://assets.myntassets.com/assets/images/18946970/2022/7/2/f5b3f90e-5ef4-4ca8-9d9f-54d1e064ff1a1656754597756Shirts1.jpg,"http://assets.myntassets.com/assets/images/18946970/2022/7/2/f5b3f90e-5ef4-4ca8-9d9f-54d1e064ff1a1656754597756Shirts1.jpg,http://assets.myntassets.com/assets/images/18946970/2022/7/2/69b1313b-a057-483a-a9cd-8b65ee4911ea1656754597742Shirts2.jpg,http://assets.myntassets.com/assets/images/18946970/2022/7/2/c5922197-2a00-4348-97e6-7c60f8a411d41656754597763Shirts3.jpg,http://assets.myntassets.com/assets/images/18946970/2022/7/2/d95b3500-1020-49ef-bfec-4456a3497a341656754597749Shirts4.jpg",
18959846.0,shirts,Men,bigbanana,Men Olive Green Classic Tartan Checks Casual Plus Size Shirt,"Olive green tartan checks checked opaque Casual shirt ,has a spread collar,  button placket,  na pocket, short regular sleeves,  curved hem",Cotton,100% Cotton. Machine Wash,Checked,Regular Fit,,Short Sleeves,Casual,,Regular,3.5,11,2399,62,"""竄ｹ911.00""",INR,http://assets.myntassets.com/assets/images/18959846/2022/7/4/fdcf51d0-2d53-4c76-a25b-cd61e40727d11656923557655Carto1.jpg,"http://assets.myntassets.com/assets/images/18959846/2022/7/4/fdcf51d0-2d53-4c76-a25b-cd61e40727d11656923557655Carto1.jpg,http://assets.myntassets.com/assets/images/18959846/2022/7/4/88e2913e-4cf8-4c1d-806d-be8426fc23291656923557680Carto2.jpg,http://assets.myntassets.com/assets/images/18959846/2022/7/4/b21d3769-97c3-4785-9926-52937b3b81041656923557672Carto3.jpg,http://assets.myntassets.com/assets/images/18959846/2022/7/4/155c14d2-00fa-4e30-a595-41ab55bf0eca1656923557664Carto4.jpg,http://assets.myntassets.com/assets/images/18959846/2022/7/4/f2a55d9d-1d90-4ba5-b6f2-cc1db7114f6a1656923557688Carto5.jpg,http://assets.myntassets.com/assets/images/18959846/2022/7/4/d8bbe454-6857-4e08-aef0-0e83d7909de51656923557697Carto6.jpg",
13692666.0,shirts,Men,M&H Our Water,Men Blue Sustainable Casual Shirt,"Blue solid opaque Casual shirt ,has a mandarin collar,  button placket,  long regular sleeves,  curved hem",Polyester,"60% polyester, 40% cotton. Machine wash",Solid,Regular Fit,,Long Sleeves,Casual,,Regular,3.7,51,1899,50,"""竄ｹ1,899.00""",INR,http://assets.myntassets.com/assets/images/13692666/2021/8/6/a5bcd8bd-6546-4323-aa6f-179a5e85058d1628220736928-MH-Our-Water-Men-Blue-Casual-Shirt-3981628220736315-1.jpg,"http://assets.myntassets.com/assets/images/13692666/2021/8/6/a5bcd8bd-6546-4323-aa6f-179a5e85058d1628220736928-MH-Our-Water-Men-Blue-Casual-Shirt-3981628220736315-1.jpg,http://assets.myntassets.com/assets/images/13692666/2021/8/6/c1489109-a4b2-4da9-8f7f-672760b90e881628220736920-MH-Our-Water-Men-Blue-Casual-Shirt-3981628220736315-2.jpg,http://assets.myntassets.com/assets/images/13692666/2021/8/6/14a21cf8-2cd5-4476-9dc2-2eba7f289c401628220736910-MH-Our-Water-Men-Blue-Casual-Shirt-3981628220736315-3.jpg,http://assets.myntassets.com/assets/images/13692666/2021/8/6/6a4f286f-fdee-4a79-9cb0-033a92c73c221628220736901-MH-Our-Water-Men-Blue-Casual-Shirt-3981628220736315-4.jpg,http://assets.myntassets.com/assets/images/13692666/2021/8/6/9bc24378-35ea-4b30-9cea-358e340baaba1628220736891-MH-Our-Water-Men-Blue-Casual-Shirt-3981628220736315-5.jpg,http://assets.myntassets.com/assets/images/13692666/2021/8/6/70a15a3e-0f9f-4a24-9a24-539abc8a5e501628220736878-MH-Our-Water-Men-Blue-Casual-Shirt-3981628220736315-6.jpg",
13692652.0,shirts,Men,M&H Our Water,Men Rust Brown & Off-White Slim Fit Checked Sustainable Casual Shirt,"Rust brown and Off-white checked bamboo cottoncasual shirt, has a spread collar, long sleeves, button placket, and curved hem",Cotton,Material: 70% cotton 30% bamboo. Machine Wash,Checked,Slim Fit,,Long Sleeves,Casual,,Regular,4.2,78,2499,,"""竄ｹ2,499.00""",INR,http://assets.myntassets.com/assets/images/13692652/2021/5/10/25b83b32-a94e-453f-b7d8-73ae036848561620630833834-MH-Our-Water-Men-Shirts-311620630833018-1.jpg,"http://assets.myntassets.com/assets/images/13692652/2021/5/10/25b83b32-a94e-453f-b7d8-73ae036848561620630833834-MH-Our-Water-Men-Shirts-311620630833018-1.jpg,http://assets.myntassets.com/assets/images/13692652/2021/5/10/664a63f5-01c6-44b1-967c-4cab207c5da01620630833811-MH-Our-Water-Men-Shirts-311620630833018-2.jpg,http://assets.myntassets.com/assets/images/13692652/2021/5/10/b477643e-978f-428e-877d-92b0b9cf0b011620630833787-MH-Our-Water-Men-Shirts-311620630833018-3.jpg,http://assets.myntassets.com/assets/images/13692652/2021/5/10/05092765-229c-4532-9907-2779ca5f43791620630833771-MH-Our-Water-Men-Shirts-311620630833018-4.jpg,http://assets.myntassets.com/assets/images/13692652/2021/5/10/6863df25-9443-4c00-8c3e-b104a9353a611620630833757-MH-Our-Water-Men-Shirts-311620630833018-5.jpg,http://assets.myntassets.com/assets/images/13692652/2021/5/10/77c8fcad-dbde-4389-a02b-fece421348af1620630833740-MH-Our-Water-Men-Shirts-311620630833018-6.jpg",
13768790.0,shirts,Men,Nautica,Men Blue & White Slim Fit Printed Smart Casual Shirt,"Blue and white geometric printed opaque Casual shirt ,has a spread collar, button placket, patch pocket, long regular sleeves, curved hem",Cotton,"96% cotton, 4% elastane. Machine wash",Printed,Slim Fit,,Long Sleeves,Casual,,Regular,4.3,40,3299,50,"""竄ｹ3,299.00""",INR,http://assets.myntassets.com/assets/images/13768790/2021/7/5/a66e7a64-d66e-4daa-b9d8-6e3cc7ed03f01625459800244-Nautica-Men-Blue--White-Slim-Fit-Printed-Smart-Casual-Shirt--1.jpg,"http://assets.myntassets.com/assets/images/13768790/2021/7/5/a66e7a64-d66e-4daa-b9d8-6e3cc7ed03f01625459800244-Nautica-Men-Blue--White-Slim-Fit-Printed-Smart-Casual-Shirt--1.jpg,http://assets.myntassets.com/assets/images/13768790/2021/7/5/2db97048-9299-4030-9d92-fdde038dd8141625459800236-Nautica-Men-Blue--White-Slim-Fit-Printed-Smart-Casual-Shirt--2.jpg,http://assets.myntassets.com/assets/images/13768790/2021/7/5/b6983f59-7ca5-43e1-bd31-9f65a4b2065d1625459800228-Nautica-Men-Blue--White-Slim-Fit-Printed-Smart-Casual-Shirt--3.jpg,http://assets.myntassets.com/assets/images/13768790/2021/7/5/455b7f8c-9b59-46c0-aea3-1d783f518a951625459800219-Nautica-Men-Blue--White-Slim-Fit-Printed-Smart-Casual-Shirt--4.jpg,http://assets.myntassets.com/assets/images/13768790/2021/7/5/18226327-c629-4c4d-b59e-45aca654638a1625459800211-Nautica-Men-Blue--White-Slim-Fit-Printed-Smart-Casual-Shirt--5.jpg,http://assets.myntassets.com/assets/images/13768790/2021/7/5/46183f84-d9c4-46ce-b633-2c0835108dcd1625459800203-Nautica-Men-Blue--White-Slim-Fit-Printed-Smart-Casual-Shirt--6.jpg",
13453254.0,shirts,Men,DENNISON,Men Mauve Smart Slim Fit Solid Cotton Linen Casual Shirt,"Mauve solid casual shirt, has a button-down collar, short sleeves, button placket, curved hem, and 1 patch pocket",Cotton Linen,Cotton linen. Machine Wash,Solid,Slim Fit,,Short Sleeves,Casual,,Regular,4.6,7,2199,74,"""竄ｹ2,199.00""",INR,http://assets.myntassets.com/assets/images/13453254/2021/2/2/a2959181-e551-4551-b993-c79e2fe545e61612247952112DennisonMensBeigeSolidCasualSlimFitHalfShirt1.jpg,"http://assets.myntassets.com/assets/images/13453254/2021/2/2/a2959181-e551-4551-b993-c79e2fe545e61612247952112DennisonMensBeigeSolidCasualSlimFitHalfShirt1.jpg,http://assets.myntassets.com/assets/images/13453254/2021/2/2/5cf60f4a-b825-4f70-b433-a3392fae100b1612247952151DennisonMensBeigeSolidCasualSlimFitHalfShirt2.jpg,http://assets.myntassets.com/assets/images/13453254/2021/2/2/62e99ce1-517f-408c-a9c3-9229ea9c0d0e1612247952187DennisonMensBeigeSolidCasualSlimFitHalfShirt3.jpg,http://assets.myntassets.com/assets/images/13453254/2021/2/2/94322ac2-e565-480e-9d4c-51f621f5bddb1612247952232DennisonMensBeigeSolidCasualSlimFitHalfShirt4.jpg,http://assets.myntassets.com/assets/images/13453254/2021/2/2/9438b4d6-135b-4f47-957e-1ff247401a161612247952271DennisonMensBeigeSolidCasualSlimFitHalfShirt5.jpg",
18450788.0,shirts,Men,Nautica,Men Teal Blue And White Slim Fit Micro Checked Pure Cotton Casual Shirt,"Teal blue and White micro checked Casual shirt ,has a spread collar, button placket, 1 patch pocket, long regular sleeves, curved hem",Cotton,"100% Cotton ,. Machine wash",Checked,Slim Fit,,Long Sleeves,Casual,,Regular,4.3,118,4299,,"""竄ｹ4,299.00""",INR,http://assets.myntassets.com/assets/images/18450788/2022/9/10/78c0747e-d143-4bb7-a32b-170c81a66a871662785520840-Nautica-Men-Shirts-571662785520276-1.jpg,"http://assets.myntassets.com/assets/images/18450788/2022/9/10/78c0747e-d143-4bb7-a32b-170c81a66a871662785520840-Nautica-Men-Shirts-571662785520276-1.jpg,http://assets.myntassets.com/assets/images/18450788/2022/9/10/893257eb-bd98-494d-b2f7-4177980350661662785520831-Nautica-Men-Shirts-571662785520276-2.jpg,http://assets.myntassets.com/assets/images/18450788/2022/9/10/c2d608f4-e6b3-446d-9ea8-3525ab611eb81662785520821-Nautica-Men-Shirts-571662785520276-3.jpg,http://assets.myntassets.com/assets/images/18450788/2022/9/10/ecb46e47-e7f8-4883-8961-974824d6b8981662785520811-Nautica-Men-Shirts-571662785520276-4.jpg,http://assets.myntassets.com/assets/images/18450788/2022/9/10/42932b0f-5f46-410f-9f56-e8adcd71cf8e1662785520801-Nautica-Men-Shirts-571662785520276-5.jpg,http://assets.myntassets.com/assets/images/18450788/2022/9/10/579419a2-9d00-4323-987d-d63b887246781662785520791-Nautica-Men-Shirts-571662785520276-6.jpg",
18690268.0,shirts,Men,Dennis Lingo,Men Slim Fit Tropical Casual Shirt,"White tropical printed opaque Casual shirt ,has a spread collar, button placket, short regular sleeves, straight hem",Viscose Rayon,"80% COTTON, 20% ViscoseMACHINE WASHDO NOT BLEACHTUMBLE DRY LOWWARM IRONWASH DARK COLORS SEPARATELY",Printed,Slim Fit,,Short Sleeves,Casual,,Regular,4.6,5,1999,80,"""竄ｹ1,999.00""",INR,http://assets.myntassets.com/assets/images/18690268/2022/6/10/03324c3e-2817-46aa-a993-ba1be5f3d66d1654801103064Shirts1.jpg,"http://assets.myntassets.com/assets/images/18690268/2022/6/10/03324c3e-2817-46aa-a993-ba1be5f3d66d1654801103064Shirts1.jpg,http://assets.myntassets.com/assets/images/18690268/2022/6/10/a43b501e-11db-4e4e-b09a-f1c0f5ba19651654801103024Shirts2.jpg,http://assets.myntassets.com/assets/images/18690268/2022/6/10/4c3d483f-da6c-48e4-84a7-032b029da05a1654801103055Shirts3.jpg,http://assets.myntassets.com/assets/images/18690268/2022/6/10/b3007f34-b792-4036-9750-fadb8ad59fab1654801103032Shirts4.jpg,http://assets.myntassets.com/assets/images/18690268/2022/6/10/930df99b-9dda-4f1d-a438-dd7e37e4ddd71654801103039Shirts5.jpg,http://assets.myntassets.com/assets/images/18690268/2022/6/10/970e0fe2-91f4-47f0-bc42-25b2e4a87d111654801103048Shirts6.jpg,http://assets.myntassets.com/assets/images/18690268/2022/6/10/f36495e8-a231-4450-888a-126a6d9a80b71654801103017Shirts7.jpg",
13770578.0,shirts,Men,Nautica,Men Blue & Grey Checked Classic Fit Casual Shirt,"Blue other checks checked opaque Casual shirt ,has a spread collar,  button placket,  1 patch pocket, long regular sleeves,  curved hem",Cotton,"98% Cotton, 2% elastane. Machine wash",Checked,Regular Fit,,Long Sleeves,Casual,,Regular,4.4,53,2799,50,"""竄ｹ2,799.00""",INR,http://assets.myntassets.com/assets/images/13770578/2021/7/9/9dbf60ec-fb4e-4442-8735-1631c6789dcf1625823558340-Nautica-Men-Shirts-4271625823557756-1.jpg,"http://assets.myntassets.com/assets/images/13770578/2021/7/9/9dbf60ec-fb4e-4442-8735-1631c6789dcf1625823558340-Nautica-Men-Shirts-4271625823557756-1.jpg,http://assets.myntassets.com/assets/images/13770578/2021/7/9/2d438082-ac53-46f7-98bd-c53e8005fc8b1625823558332-Nautica-Men-Shirts-4271625823557756-2.jpg,http://assets.myntassets.com/assets/images/13770578/2021/7/9/c9cae9b1-5223-48df-9bb9-ccfaab2423e61625823558324-Nautica-Men-Shirts-4271625823557756-3.jpg,http://assets.myntassets.com/assets/images/13770578/2021/7/9/57ce4e44-a176-4fec-a4b1-1cc847566a6e1625823558317-Nautica-Men-Shirts-4271625823557756-4.jpg,http://assets.myntassets.com/assets/images/13770578/2021/7/9/83141659-01ec-48b7-8b11-bd01aa82ad061625823558309-Nautica-Men-Shirts-4271625823557756-5.jpg,http://assets.myntassets.com/assets/images/13770578/2021/7/9/3630f3eb-5ffb-4eb4-932b-3802c6d6b1001625823558301-Nautica-Men-Shirts-4271625823557756-6.jpg",
13675502.0,shirts,Men,Flying Machine,Men Teal Blue & Yellow Regular Fit Checked Casual Shirt,"Teal and Yellow checked casual shirt, has a spread collar, short sleeves, button placket, curved hem, and 1 patch pocket",Cotton,Material: 100% Cotton. Machine Wash,Checked,Regular Fit,,Short Sleeves,Casual,,Regular,4.1,108,1799,,"""竄ｹ1,799.00""",INR,http://assets.myntassets.com/assets/images/13675502/2021/3/31/8065e066-a46a-4986-bf76-d599bfab8d691617182189411-Mens-Pure-Cotton-Slim-Teal-Shirt-1981617182188483-1.jpg,"http://assets.myntassets.com/assets/images/13675502/2021/3/31/8065e066-a46a-4986-bf76-d599bfab8d691617182189411-Mens-Pure-Cotton-Slim-Teal-Shirt-1981617182188483-1.jpg,http://assets.myntassets.com/assets/images/13675502/2021/3/31/1386e9b7-918a-4b92-995e-a70ee85ecee31617182189392-Mens-Pure-Cotton-Slim-Teal-Shirt-1981617182188483-2.jpg,http://assets.myntassets.com/assets/images/13675502/2021/3/31/19145125-d63f-4f27-b034-371b07b30f761617182189373-Mens-Pure-Cotton-Slim-Teal-Shirt-1981617182188483-3.jpg,http://assets.myntassets.com/assets/images/13675502/2021/3/31/73b52f62-2417-4d83-a04b-a48c6a8ca1e71617182189352-Mens-Pure-Cotton-Slim-Teal-Shirt-1981617182188483-4.jpg,http://assets.myntassets.com/assets/images/13675502/2021/3/31/201a3085-eed2-4b80-a901-55e4529b233d1617182189332-Mens-Pure-Cotton-Slim-Teal-Shirt-1981617182188483-5.jpg",
18734674.0,shirts,Men,Flying Machine,Men Solid Cotton Linen Casual Shirt,"Light Blue solid Casual shirt ,has a spread collar, button placket, short regular sleeves, curved hem",Cotton Linen,"50% Cotton 33% Lyocell 17% Linen. Machine wash cold, wash dark colors separately",Solid,Regular Fit,,Short Sleeves,Casual,,Regular,3.9,18,999,50,"""竄ｹ999.00""",INR,http://assets.myntassets.com/assets/images/18734674/2022/12/6/77d9cc95-4d90-4d29-9382-0a41c26f05861670326187027-Flying-Machine-Men-Solid-Cotton-Linen-Casual-Shirt-477167032-1.jpg,"http://assets.myntassets.com/assets/images/18734674/2022/12/6/77d9cc95-4d90-4d29-9382-0a41c26f05861670326187027-Flying-Machine-Men-Solid-Cotton-Linen-Casual-Shirt-477167032-1.jpg,http://assets.myntassets.com/assets/images/18734674/2022/12/6/92ff24c5-0564-4c12-85ad-8e76fbd14a5e1670326187003-Flying-Machine-Men-Solid-Cotton-Linen-Casual-Shirt-477167032-2.jpg,http://assets.myntassets.com/assets/images/18734674/2022/12/6/8cb4c37e-51c5-4a5c-be82-a7e42bb1ac031670326186978-Flying-Machine-Men-Solid-Cotton-Linen-Casual-Shirt-477167032-4.jpg,http://assets.myntassets.com/assets/images/18734674/2022/12/6/c9dd409b-6d9d-47bd-9671-ed2950388e531670326186954-Flying-Machine-Men-Solid-Cotton-Linen-Casual-Shirt-477167032-5.jpg,http://assets.myntassets.com/assets/images/18734674/2022/12/6/034fa071-fc54-4d0c-81bb-5b36451b495a1670326186930-Flying-Machine-Men-Solid-Cotton-Linen-Casual-Shirt-477167032-6.jpg,http://assets.myntassets.com/assets/images/18734674/2022/12/6/e2d5e2b1-4fcb-4d0a-b3c0-34ede2969e4d1670326186907-Flying-Machine-Men-Solid-Cotton-Linen-Casual-Shirt-477167032-7.jpg",
13775106.0,shirts,Men,RARE RABBIT,Men Black Regular Fit Solid Casual Shirt,"Black solid casual shirt, has a spread collar, long sleeves, button placket, and curved hem",Cotton,Material: Cotton.   Machine Wash,Solid,Regular Fit,,Long Sleeves,Casual,,Regular,4.4,63,3299,50,"""竄ｹ3,299.00""",INR,http://assets.myntassets.com/assets/images/13775106/2023/2/25/8acabb44-2685-4ea2-b72d-a365d43459301677305350255-RARE-RABBIT-Men-Black-Regular-Fit-Solid-Casual-Shirt-4281677-11.jpg,"http://assets.myntassets.com/assets/images/13775106/2023/2/25/8acabb44-2685-4ea2-b72d-a365d43459301677305350255-RARE-RABBIT-Men-Black-Regular-Fit-Solid-Casual-Shirt-4281677-11.jpg,http://assets.myntassets.com/assets/images/13775106/2022/6/4/6b784da5-fb1e-4ce6-8f0a-c7c1f205d9ae1654342952163RARERABBITMenBlackRegularFitSolidCasualShirt2.jpg,http://assets.myntassets.com/assets/images/13775106/2022/6/4/36895a1d-efac-43f2-b29a-4cfddd4035d51654342952176RARERABBITMenBlackRegularFitSolidCasualShirt3.jpg,http://assets.myntassets.com/assets/images/13775106/2022/6/4/88f159ee-b647-4813-889a-f08b6ea37afa1654342952187RARERABBITMenBlackRegularFitSolidCasualShirt4.jpg,http://assets.myntassets.com/assets/images/13775106/2022/6/4/a7bdb19f-aa28-47d9-b4d2-687c7dad60bd1654342952199RARERABBITMenBlackRegularFitSolidCasualShirt5.jpg,http://assets.myntassets.com/assets/images/13775106/2022/6/4/57296fe9-5faa-45a0-8917-83e9d997f56f1654342952210RARERABBITMenBlackRegularFitSolidCasualShirt6.jpg,http://assets.myntassets.com/assets/images/13775106/2022/6/4/6667b731-dfab-409d-876d-beaeeeb9174f1654342952145RARERABBITMenBlackRegularFitSolidCasualShirt1.jpg,http://assets.myntassets.com/assets/images/13775106/2022/6/4/7e51cd26-169b-46b2-8bb0-23c1dc049a9f1654342952222RARERABBITMenBlackRegularFitSolidCasualShirt7.jpg",
13470886.0,shirts,Women,Roadster,The  Lifestyle Co Greenturn Women Teal Blue Solid Longline ECOVERO Sustainable Shirt,"Teal blue solid longline casual shirt, has a spread collar, long sleeves, button placket, and high-low hemThis outfit is made using eco-responsible viscoseDerived from certified renewable wood sources using an eco-responsible production process by meeting high environmental standards, LENZING ECOVERO fibers tailor to a sustainable lifestyle, contributing to a cleaner environment. MADE WITH GREENTURN LENZING ECOVERODerived from certified renewable wood sources using an eco-responsible production process by meeting high environmental standards, LENZINGTM ECOVEROTM fibers tailor to a sustainable lifestyle, contributing to a cleaner environment.",Viscose Rayon,"100% LENZINGTM ECOVEROTM VISCOSE, Machine Wash",Solid,Regular Fit,,Long Sleeves,Casual,,Longline,4.1,203,1399,,"""竄ｹ1,399.00""",INR,http://assets.myntassets.com/assets/images/13470886/2021/2/8/b07c258f-018b-4e4a-8086-a3f151efdccb1612757923267-Roadster-Women-Teal-Regular-Fit-Solid-Casual-Shirt-853161275-1.jpg,"http://assets.myntassets.com/assets/images/13470886/2021/2/8/b07c258f-018b-4e4a-8086-a3f151efdccb1612757923267-Roadster-Women-Teal-Regular-Fit-Solid-Casual-Shirt-853161275-1.jpg,http://assets.myntassets.com/assets/images/13470886/2021/2/8/e7aeb9b8-3436-4c9f-8f5e-2b227837ff941612757923247-Roadster-Women-Teal-Regular-Fit-Solid-Casual-Shirt-853161275-2.jpg,http://assets.myntassets.com/assets/images/13470886/2021/2/8/ea1aa482-df71-4f2a-8ea5-d4b2cdd3d6f91612757923225-Roadster-Women-Teal-Regular-Fit-Solid-Casual-Shirt-853161275-3.jpg,http://assets.myntassets.com/assets/images/13470886/2021/2/8/34710585-80c3-4948-b8d4-3479c8981de81612757923206-Roadster-Women-Teal-Regular-Fit-Solid-Casual-Shirt-853161275-4.jpg,http://assets.myntassets.com/assets/images/13470886/2021/2/8/87207bbf-2e64-4087-a583-2072d75025ab1612757923189-Roadster-Women-Teal-Regular-Fit-Solid-Casual-Shirt-853161275-5.jpg,http://assets.myntassets.com/assets/images/13470886/2021/2/8/465f2c8e-f913-48e5-9811-f7aea7ddf8891612757923172-Roadster-Women-Teal-Regular-Fit-Solid-Casual-Shirt-853161275-6.jpg,http://assets.myntassets.com/assets/images/13470886/2021/5/7/535f36de-c3a5-410e-b95e-8e9e6937244d1620370564641-Roadster-Greenturn-Women-Teal-Blue-Solid-Longline-High-Low-C-7.jpg",
13722850.0,shirts,Women,Roadster,X Discovery Adventures Women Olive Green Opaque Casual Shirt,"ROADSTER X DISCOVERY ADVENTURESAdd impact to smart and casual looks with this versatile style. This shirt features a stay-cool blend of cotton and polyester to wick away moisture, plus has polyester mesh at the back princess panels for added breathability. Cut in our regular fit, with an easy and relaxed silhouette. A half placket button down detail and grown-on short sleeves create an effortless look.With Utility inspired flap pockets and a typo twill tape detail at the shoulder is a must have piece for this summer.Olive green solid opaque Casual shirt ,has a spread collar, button placket, 2 flap pocket, short regular sleeves, curved hem",Cotton,Cotton&nbsp;. Machine wash,Solid,Regular Fit,,Short Sleeves,Casual,,Regular,4.4,39,1999,50,"""竄ｹ999.00""",INR,http://assets.myntassets.com/assets/images/13722850/2021/8/27/50b9f6b5-f5fd-4cbd-9fe2-f392047b28741630047251727-ROADSTER-X-DISCOVERY-ADVENTURES-Women--shirt-with-hidden-ven-1.jpg,"http://assets.myntassets.com/assets/images/13722850/2021/8/27/50b9f6b5-f5fd-4cbd-9fe2-f392047b28741630047251727-ROADSTER-X-DISCOVERY-ADVENTURES-Women--shirt-with-hidden-ven-1.jpg,http://assets.myntassets.com/assets/images/13722850/2021/8/27/bd70b539-503e-47b3-bb5a-87b73ffc1e5c1630047251707-ROADSTER-X-DISCOVERY-ADVENTURES-Women--shirt-with-hidden-ven-2.jpg,http://assets.myntassets.com/assets/images/13722850/2021/8/27/ea75d4c4-67f2-4edb-8ea3-98e0c9b2f0191630047251684-ROADSTER-X-DISCOVERY-ADVENTURES-Women--shirt-with-hidden-ven-3.jpg,http://assets.myntassets.com/assets/images/13722850/2021/8/27/3ae8d454-487a-4645-8a5d-b782916608c31630047251664-ROADSTER-X-DISCOVERY-ADVENTURES-Women--shirt-with-hidden-ven-4.jpg,http://assets.myntassets.com/assets/images/13722850/2021/8/27/927f725d-315e-4067-a532-af5e8858202f1630047251644-ROADSTER-X-DISCOVERY-ADVENTURES-Women--shirt-with-hidden-ven-5.jpg",
13675482.0,shirts,Men,Flying Machine,Men Green & Black Regular Fit Checked Casual Shirt,"Green and Black checked casual shirt, has a spread collar, short sleeves, button placket, curved hem, and 1 patch pocket",Cotton,100% cotton. Machine Wash,Checked,Regular Fit,,Short Sleeves,Casual,,Regular,3.8,44,1799,55,"""竄ｹ1,799.00""",INR,http://assets.myntassets.com/assets/images/13675482/2021/3/12/2e9179b7-0e9f-46c1-9e58-e1616d8372311615532188372-Mens-Pure-Cotton-Slim-Green-Shirt-4741615532186698-1.jpg,"http://assets.myntassets.com/assets/images/13675482/2021/3/12/2e9179b7-0e9f-46c1-9e58-e1616d8372311615532188372-Mens-Pure-Cotton-Slim-Green-Shirt-4741615532186698-1.jpg,http://assets.myntassets.com/assets/images/13675482/2021/3/12/3014395d-1631-4b8c-a74c-d6b75119faa61615532188352-Mens-Pure-Cotton-Slim-Green-Shirt-4741615532186698-2.jpg,http://assets.myntassets.com/assets/images/13675482/2021/3/12/9bd7988f-5872-4948-9622-6cb3e21572591615532188333-Mens-Pure-Cotton-Slim-Green-Shirt-4741615532186698-3.jpg,http://assets.myntassets.com/assets/images/13675482/2021/3/12/b0453208-7282-4520-bd0e-caf04ac235131615532188313-Mens-Pure-Cotton-Slim-Green-Shirt-4741615532186698-4.jpg,http://assets.myntassets.com/assets/images/13675482/2021/3/12/903171f6-e076-4cfa-a2c4-4b9b6e357b291615532188296-Mens-Pure-Cotton-Slim-Green-Shirt-4741615532186698-5.jpg",
18443082.0,shirts,Women,Marks & Spencer,Women Blue & White Pure Cotton Striped Longline Shirt,"Blue and white striped casual shirt ,has a spread collar, button placket, 1 patch pocket, long regular sleeves, high-low hem",Cotton,100% cotton. Machine-wash,Striped,Regular Fit,,Long Sleeves,Casual,,Longline,4.3,19,1999,15,"""竄ｹ1,699.00""",INR,http://assets.myntassets.com/assets/images/18443082/2022/6/1/ec8e7522-65ea-4ab8-a9d3-adbc45c58efa1654076141268TopsMarksSpencerWomenTopsMarksSpencerWomenTopsMarksSpencerWo1.jpg,"http://assets.myntassets.com/assets/images/18443082/2022/6/1/ec8e7522-65ea-4ab8-a9d3-adbc45c58efa1654076141268TopsMarksSpencerWomenTopsMarksSpencerWomenTopsMarksSpencerWo1.jpg,http://assets.myntassets.com/assets/images/18443082/2022/6/1/91bbed50-b701-4fbc-b80c-a4455d72bb991654076141288TopsMarksSpencerWomenTopsMarksSpencerWomenTopsMarksSpencerWo2.jpg,http://assets.myntassets.com/assets/images/18443082/2022/6/1/19f12044-2484-4a71-976f-065a160af8491654076141307TopsMarksSpencerWomenTopsMarksSpencerWomenTopsMarksSpencerWo3.jpg,http://assets.myntassets.com/assets/images/18443082/2022/6/1/0b36b555-9bb2-45ab-bc6f-a3c77453c6f41654076141328TopsMarksSpencerWomenTopsMarksSpencerWomenTopsMarksSpencerWo4.jpg,http://assets.myntassets.com/assets/images/18443082/2022/6/1/a4a5323f-e8f8-47b9-ae78-ccdd94d2ee3b1654076141346TopsMarksSpencerWomenTopsMarksSpencerWomenTopsMarksSpencerWo5.jpg",
20042586.0,shirts,Men,Flying Machine,Men Off White Standard Slim Fit Printed Pure Cotton Casual Shirt,"Product Details:Off white ethnic motifs printed opaque Maternity shirt ,has a mandarin collar,button placket,long roll-up sleeves,curved hem",Cotton,100% Cotton. Machine Wash,Printed,Slim Fit,,Long Sleeves,Casual,,Regular,4.4,140,1799,45,"""竄ｹ1,799.00""",INR,http://assets.myntassets.com/assets/images/20042586/2022/11/15/b441f586-985d-456b-8673-c807193266e81668501598737-Flying-Machine-Men-Off-White-Standard-Slim-Fit-Printed-Pure--1.jpg,"http://assets.myntassets.com/assets/images/20042586/2022/11/15/b441f586-985d-456b-8673-c807193266e81668501598737-Flying-Machine-Men-Off-White-Standard-Slim-Fit-Printed-Pure--1.jpg,http://assets.myntassets.com/assets/images/20042586/2022/11/15/5626ac10-5375-446c-bd42-9971c65582261668501598724-Flying-Machine-Men-Off-White-Standard-Slim-Fit-Printed-Pure--2.jpg,http://assets.myntassets.com/assets/images/20042586/2022/11/15/8b676673-9919-4370-a348-a288e32032411668501598712-Flying-Machine-Men-Off-White-Standard-Slim-Fit-Printed-Pure--3.jpg,http://assets.myntassets.com/assets/images/20042586/2022/11/15/72a87ff0-6dce-48d9-9460-813dedd3079b1668501598701-Flying-Machine-Men-Off-White-Standard-Slim-Fit-Printed-Pure--4.jpg,http://assets.myntassets.com/assets/images/20042586/2022/11/15/b90f2b18-8645-43b6-83f2-b082b9e9bca41668501598691-Flying-Machine-Men-Off-White-Standard-Slim-Fit-Printed-Pure--5.jpg,http://assets.myntassets.com/assets/images/20042586/2022/11/15/bde7a08e-2bed-401d-b2b6-09d356c6479f1668501598680-Flying-Machine-Men-Off-White-Standard-Slim-Fit-Printed-Pure--6.jpg,http://assets.myntassets.com/assets/images/20042586/2022/11/15/117097c4-0809-4ee6-bacb-dbc1a448d5731668501598668-Flying-Machine-Men-Off-White-Standard-Slim-Fit-Printed-Pure--7.jpg",
20308616.0,shirts,Men,Arrow,Men Maroon Original Slim Fit Pure Cotton Casual Shirt,"Maroon solid self design opaque Casual shirt ,has a cutaway collar,  button placket,  1 patch pocket, long regular sleeves,  curved hem",Cotton,100% Cotton. Machine Wash,Self Design,Slim Fit,,Long Sleeves,Casual,,Regular,4,64,2499,50,"""竄ｹ2,499.00""",INR,http://assets.myntassets.com/assets/images/20308616/2022/11/14/8c29129d-5c8f-455d-8053-ba867181c2d91668425893587-Arrow-Men-Maroon-Original-Slim-Fit-Pure-Cotton-Casual-Shirt--1.jpg,"http://assets.myntassets.com/assets/images/20308616/2022/11/14/8c29129d-5c8f-455d-8053-ba867181c2d91668425893587-Arrow-Men-Maroon-Original-Slim-Fit-Pure-Cotton-Casual-Shirt--1.jpg,http://assets.myntassets.com/assets/images/20308616/2022/11/14/34fecbef-2e76-4bee-b59b-0cce3ce6d6511668425893573-Arrow-Men-Maroon-Original-Slim-Fit-Pure-Cotton-Casual-Shirt--2.jpg,http://assets.myntassets.com/assets/images/20308616/2022/11/14/10c06c01-39c4-4e88-9af8-5ae15c3097bc1668425893559-Arrow-Men-Maroon-Original-Slim-Fit-Pure-Cotton-Casual-Shirt--3.jpg,http://assets.myntassets.com/assets/images/20308616/2022/11/14/2d248dbf-9a5e-4a14-aeed-03f5bd7ecccb1668425893546-Arrow-Men-Maroon-Original-Slim-Fit-Pure-Cotton-Casual-Shirt--4.jpg,http://assets.myntassets.com/assets/images/20308616/2022/11/14/2d24a844-f0e9-43cf-a586-cc8b0b89f20b1668425893532-Arrow-Men-Maroon-Original-Slim-Fit-Pure-Cotton-Casual-Shirt--5.jpg,http://assets.myntassets.com/assets/images/20308616/2022/11/14/523c12ad-e8bd-4d77-8a86-7f9bd4c9c1401668425893521-Arrow-Men-Maroon-Original-Slim-Fit-Pure-Cotton-Casual-Shirt--6.jpg",
20009218.0,shirts,Men,Peter England,Men Off White Slim Fit Striped Formal Shirt,"Off white vertical stripes striped opaque Formal shirt ,has a spread collar,  button placket,  long regular sleeves,  curved hem",Cotton,"65% Cotton, 31% Polyester and 4% Spandex. Machine Wash",Striped,Slim Fit,,Long Sleeves,Formal,,Regular,3.9,28,2299,30,"""竄ｹ2,299.00""",INR,http://assets.myntassets.com/assets/images/20009218/2022/9/16/4e95f9dd-db59-4a99-8414-c9332aa9e7b01663299070875PeterEnglandMenWhiteSlimFitWindowpaneChecksCheckedFormalShir1.jpg,"http://assets.myntassets.com/assets/images/20009218/2022/9/16/4e95f9dd-db59-4a99-8414-c9332aa9e7b01663299070875PeterEnglandMenWhiteSlimFitWindowpaneChecksCheckedFormalShir1.jpg,http://assets.myntassets.com/assets/images/20009218/2022/9/16/5ba0b8a6-96fa-435f-a9d0-cdaf4ee348d71663299070892PeterEnglandMenWhiteSlimFitWindowpaneChecksCheckedFormalShir2.jpg,http://assets.myntassets.com/assets/images/20009218/2022/9/16/6be1bdac-e21d-4618-a1a4-5719148dbafe1663299070883PeterEnglandMenWhiteSlimFitWindowpaneChecksCheckedFormalShir3.jpg,http://assets.myntassets.com/assets/images/20009218/2022/9/16/d1b0e872-958c-4acf-b46e-a1f6e01b2b791663299070865PeterEnglandMenWhiteSlimFitWindowpaneChecksCheckedFormalShir4.jpg,http://assets.myntassets.com/assets/images/20009218/2022/9/16/d991579d-3a6f-4966-babe-ee42caa5431c1663299070901PeterEnglandMenWhiteSlimFitWindowpaneChecksCheckedFormalShir5.jpg",
20308496.0,shirts,Men,Arrow,Men Black Original Slim Fit Pinstripes Opaque Pure Cotton Formal Shirt,"Black and white pinstripes opaque formal shirt, has a spread collar, full button placket, 1 patch pocket, long roll-up sleeves, and curved hem",Cotton,"100% Cotton. Machine wash, cold",Striped,Slim Fit,,Long Sleeves,Formal,,Regular,4.3,70,2499,,"""竄ｹ2,499.00""",INR,http://assets.myntassets.com/assets/images/20308496/2022/11/14/3e702f1f-e6ac-4f72-af45-ec08894dbbe61668425067195-Arrow-Men-Black-Original-Slim-Fit-Pinstripes-Opaque-Pure-Cot-1.jpg,"http://assets.myntassets.com/assets/images/20308496/2022/11/14/3e702f1f-e6ac-4f72-af45-ec08894dbbe61668425067195-Arrow-Men-Black-Original-Slim-Fit-Pinstripes-Opaque-Pure-Cot-1.jpg,http://assets.myntassets.com/assets/images/20308496/2022/11/14/37a5eaae-29e7-42d9-b7e7-9936f13685911668425067184-Arrow-Men-Black-Original-Slim-Fit-Pinstripes-Opaque-Pure-Cot-2.jpg,http://assets.myntassets.com/assets/images/20308496/2022/11/14/753608ee-3c59-404d-bd29-92e52215f39a1668425067172-Arrow-Men-Black-Original-Slim-Fit-Pinstripes-Opaque-Pure-Cot-3.jpg,http://assets.myntassets.com/assets/images/20308496/2022/11/14/c4ec3fb0-7d7c-410f-b508-e9cff636ec941668425067162-Arrow-Men-Black-Original-Slim-Fit-Pinstripes-Opaque-Pure-Cot-4.jpg,http://assets.myntassets.com/assets/images/20308496/2022/11/14/96e4f4cd-6b97-432e-a2ef-a8cc31da5e2b1668425067148-Arrow-Men-Black-Original-Slim-Fit-Pinstripes-Opaque-Pure-Cot-5.jpg,http://assets.myntassets.com/assets/images/20308496/2022/11/14/84ab0f51-0134-4eb9-aea4-c63af7d5f0f41668425067135-Arrow-Men-Black-Original-Slim-Fit-Pinstripes-Opaque-Pure-Cot-6.jpg",
20042696.0,shirts,Men,Flying Machine,Men White Standard Slim Fit Solid Casual Shirt,"Product Details:White solid opaque Casual shirt ,has a spread collar,button placket,1 patch pocket,long roll-up sleeves,curved hem",Cotton,"65% Cotton,20% Lyocell, 15% Linen. Machine Wash",Solid,Slim Fit,,Long Sleeves,Casual,,Regular,3.9,102,1999,55,"""竄ｹ1,999.00""",INR,http://assets.myntassets.com/assets/images/20042696/2022/10/19/41515137-3aa4-4d4b-9936-7e89d9c4e4fc1666153587692-Flying-Machine-Men-White-Standard-Slim-Fit-Solid-Casual-Shir-1.jpg,"http://assets.myntassets.com/assets/images/20042696/2022/10/19/41515137-3aa4-4d4b-9936-7e89d9c4e4fc1666153587692-Flying-Machine-Men-White-Standard-Slim-Fit-Solid-Casual-Shir-1.jpg,http://assets.myntassets.com/assets/images/20042696/2022/10/19/a947f42c-544c-48c8-892b-ae41bfadf56e1666153587668-Flying-Machine-Men-White-Standard-Slim-Fit-Solid-Casual-Shir-2.jpg,http://assets.myntassets.com/assets/images/20042696/2022/10/19/e45d737c-37e4-4acd-a866-7698867b93d81666153587643-Flying-Machine-Men-White-Standard-Slim-Fit-Solid-Casual-Shir-3.jpg,http://assets.myntassets.com/assets/images/20042696/2022/10/19/7863c12b-3261-4d63-b7da-76d17731c2221666153587619-Flying-Machine-Men-White-Standard-Slim-Fit-Solid-Casual-Shir-4.jpg,http://assets.myntassets.com/assets/images/20042696/2022/10/19/c473b4da-91e9-4d1f-afcd-2389462752c81666153587596-Flying-Machine-Men-White-Standard-Slim-Fit-Solid-Casual-Shir-5.jpg,http://assets.myntassets.com/assets/images/20042696/2022/10/19/203a3d23-8ba0-4765-9f9d-4ac7f602ca4d1666153587572-Flying-Machine-Men-White-Standard-Slim-Fit-Solid-Casual-Shir-6.jpg,http://assets.myntassets.com/assets/images/20042696/2022/10/19/7c80d70c-f82b-4678-a9f6-65d0e4d1bc451666153587543-Flying-Machine-Men-White-Standard-Slim-Fit-Solid-Casual-Shir-7.jpg",
20308670.0,shirts,Men,Arrow,Men Self-Checked Original Slim Fit Formal Shirt,"Maroon self checked Formal shirt ,has a cutaway collar, button placket, 1 patch pocket, long regular sleeves, curved hem",Cotton,59% Cotton 38% Polyester 3% Elastane. Machine Wash,Self Design,Slim Fit,,Long Sleeves,Formal,,Regular,4.7,64,2399,40,"""竄ｹ1,199.00""",INR,http://assets.myntassets.com/assets/images/20308670/2022/12/12/9e602743-fe3f-4598-8d1e-70c2faac5ed91670843513798-Arrow-Men-Self-Checked-Original-Slim-Fit-Formal-Shirt-614167-1.jpg,"http://assets.myntassets.com/assets/images/20308670/2022/12/12/9e602743-fe3f-4598-8d1e-70c2faac5ed91670843513798-Arrow-Men-Self-Checked-Original-Slim-Fit-Formal-Shirt-614167-1.jpg,http://assets.myntassets.com/assets/images/20308670/2022/12/12/a9fc7e71-2a29-477b-8575-c89d6c1385411670843513771-Arrow-Men-Self-Checked-Original-Slim-Fit-Formal-Shirt-614167-2.jpg,http://assets.myntassets.com/assets/images/20308670/2022/12/12/d86c30ad-95a6-4306-8eba-2a80a7b2c8b61670843513746-Arrow-Men-Self-Checked-Original-Slim-Fit-Formal-Shirt-614167-3.jpg,http://assets.myntassets.com/assets/images/20308670/2022/12/12/8a1a700f-85c0-47db-bd58-787abe6727d11670843513722-Arrow-Men-Self-Checked-Original-Slim-Fit-Formal-Shirt-614167-4.jpg,http://assets.myntassets.com/assets/images/20308670/2022/12/12/75db7d73-3ec5-4ecc-a9d9-79075640cf2a1670843513695-Arrow-Men-Self-Checked-Original-Slim-Fit-Formal-Shirt-614167-5.jpg,http://assets.myntassets.com/assets/images/20308670/2022/12/12/ce5a3f8e-4e5f-4ac9-9219-d138212acbe21670843513671-Arrow-Men-Self-Checked-Original-Slim-Fit-Formal-Shirt-614167-6.jpg,http://assets.myntassets.com/assets/images/20308670/2022/12/12/e7cf92a4-667d-4984-b620-5d49720973ee1670843513644-Arrow-Men-Self-Checked-Original-Slim-Fit-Formal-Shirt-614167-7.jpg",
19999300.0,shirts,Men,Dennis Lingo,Men Navy Blue Slim Fit Tartan Checked Casual Shirt,"Navy blue tartan checked opaque Casual shirt ,has a spread collar, button placket, long regular sleeves, curved hem",Polycotton,90% Cotton 10% Polyester. Machine wash,Checked,Slim Fit,,Long Sleeves,Casual,,Regular,4.4,16,2499,74,"""竄ｹ2,499.00""",INR,http://assets.myntassets.com/assets/images/19999300/2022/9/15/be679f22-34ac-4431-88eb-dd77046196d21663233227475DennisLingoMenNavyBlueSlimFitTartanChecksCheckedCasualShirt1.jpg,"http://assets.myntassets.com/assets/images/19999300/2022/9/15/be679f22-34ac-4431-88eb-dd77046196d21663233227475DennisLingoMenNavyBlueSlimFitTartanChecksCheckedCasualShirt1.jpg,http://assets.myntassets.com/assets/images/19999300/2022/9/15/2fc1b9bd-ef39-4d8f-b565-8c3faee940471663233227464DennisLingoMenNavyBlueSlimFitTartanChecksCheckedCasualShirt2.jpg,http://assets.myntassets.com/assets/images/19999300/2022/9/15/1cf89413-5367-4e3e-b8a5-b831a32e8f171663233227512DennisLingoMenNavyBlueSlimFitTartanChecksCheckedCasualShirt3.jpg,http://assets.myntassets.com/assets/images/19999300/2022/9/15/2d4806ea-6315-420f-935a-7e4c2e68447c1663233227503DennisLingoMenNavyBlueSlimFitTartanChecksCheckedCasualShirt4.jpg,http://assets.myntassets.com/assets/images/19999300/2022/9/15/8135cb10-2fd1-4d13-a916-c1acc5f418181663233227493DennisLingoMenNavyBlueSlimFitTartanChecksCheckedCasualShirt5.jpg,http://assets.myntassets.com/assets/images/19999300/2022/9/15/1a360d62-8397-4126-9adb-250e0c9093721663233227484DennisLingoMenNavyBlueSlimFitTartanChecksCheckedCasualShirt6.jpg,http://assets.myntassets.com/assets/images/19999300/2022/9/15/e9c8038b-8200-41d7-8dfd-d17a2d8b45e01663233227456DennisLingoMenNavyBlueSlimFitTartanChecksCheckedCasualShirt7.jpg",
19822716.0,shirts,Men,Oxolloxo,Men Beige Classic Animal Semi Sheer Printed Casual Shirt,"Beige animal printed semi sheer Casual shirt ,has a spread collar,  button placket,  1 patch pocket, short regular sleeves,  curved hem",Viscose Rayon,Viscose Rayon. Machine wash,Printed,Regular Fit,,Short Sleeves,Casual,,Regular,2.8,6,1849,64,"""竄ｹ1,849.00""",INR,http://assets.myntassets.com/assets/images/19822716/2022/9/6/00b5f5f1-5d7f-4884-8b5b-56aecabf0eec1662471162340Shirts1.jpg,"http://assets.myntassets.com/assets/images/19822716/2022/9/6/00b5f5f1-5d7f-4884-8b5b-56aecabf0eec1662471162340Shirts1.jpg,http://assets.myntassets.com/assets/images/19822716/2022/9/6/9a105fdc-2f35-4f41-a54d-dabde2f3922f1662471162369Shirts2.jpg,http://assets.myntassets.com/assets/images/19822716/2022/9/6/5db9d09b-bb9b-4e32-ae3d-160e97119f751662471162350Shirts3.jpg,http://assets.myntassets.com/assets/images/19822716/2022/9/6/6ae15205-7ec6-4e3f-8ac4-50ee14ed37c01662471162330Shirts4.jpg,http://assets.myntassets.com/assets/images/19822716/2022/9/6/66c8794a-0cde-4c77-aa37-7c8e5ee55fdb1662471162387Shirts5.jpg,http://assets.myntassets.com/assets/images/19822716/2022/9/6/98fca298-782a-46e4-ae53-c58c8c577b431662471162380Shirts6.jpg,http://assets.myntassets.com/assets/images/19822716/2022/9/6/73dc602b-1127-4a97-a150-05ca51e79fff1662471162360Shirts7.jpg",
20308620.0,shirts,Men,Arrow,Men Blue Original Slim Fit Grid Tattersall Checks Opaque Pure Cotton Formal Shirt,"Blue grid tattersall checks opaque formal shirt, has a spread collar, full button placket, 1 patch pocket, long roll-up sleeves, and curved hem",Cotton,"100% Cotton. Machine wash, cold",Checked,Slim Fit,,Long Sleeves,Formal,,Regular,4,59,2499,50,"""竄ｹ2,499.00""",INR,http://assets.myntassets.com/assets/images/20308620/2022/11/14/729d8de8-1b71-45d5-aadf-37ab6c07082d1668424970073-Arrow-Men-Blue-Original-Slim-Fit-Grid-Tattersall-Checks-Opaq-1.jpg,"http://assets.myntassets.com/assets/images/20308620/2022/11/14/729d8de8-1b71-45d5-aadf-37ab6c07082d1668424970073-Arrow-Men-Blue-Original-Slim-Fit-Grid-Tattersall-Checks-Opaq-1.jpg,http://assets.myntassets.com/assets/images/20308620/2022/11/14/a1f23f23-17e1-4344-b43a-0d24a3abdcdb1668424970063-Arrow-Men-Blue-Original-Slim-Fit-Grid-Tattersall-Checks-Opaq-2.jpg,http://assets.myntassets.com/assets/images/20308620/2022/11/14/caf0d290-5165-454c-968e-fa92201029e51668424970052-Arrow-Men-Blue-Original-Slim-Fit-Grid-Tattersall-Checks-Opaq-3.jpg,http://assets.myntassets.com/assets/images/20308620/2022/11/14/fb2ea045-d2dc-4799-9495-8c8eeed792bc1668424970040-Arrow-Men-Blue-Original-Slim-Fit-Grid-Tattersall-Checks-Opaq-4.jpg,http://assets.myntassets.com/assets/images/20308620/2022/11/14/1899ef66-5a45-4924-bcfd-f513052aae3d1668424970026-Arrow-Men-Blue-Original-Slim-Fit-Grid-Tattersall-Checks-Opaq-5.jpg,http://assets.myntassets.com/assets/images/20308620/2022/11/14/75a94283-a68f-4894-a4e4-69abf5f177341668424970014-Arrow-Men-Blue-Original-Slim-Fit-Grid-Tattersall-Checks-Opaq-6.jpg",
18960194.0,shirts,Men,The Indian Garage Co,Men White Printed Casual Cotton Shirt,"White typography printed opaque casual shirt, has a spread collar, button placket, 1 patch pocket, long regular sleeves, curved hem",Cotton,Cotton. Machine wash,Printed,Regular Fit,,Long Sleeves,Casual,,Regular,3.9,73,1749,72,"""竄ｹ349.00""",INR,http://assets.myntassets.com/assets/images/18960194/2022/7/13/7fa4c791-e618-4e8d-8f7e-f95a8ea3d43b1657693024563-The-Indian-Garage-Co-Men-Shirts-7231657693024053-1.jpg,"http://assets.myntassets.com/assets/images/18960194/2022/7/13/7fa4c791-e618-4e8d-8f7e-f95a8ea3d43b1657693024563-The-Indian-Garage-Co-Men-Shirts-7231657693024053-1.jpg,http://assets.myntassets.com/assets/images/18960194/2022/7/13/0c606e21-7b7f-4778-a649-69873e4d4e541657693024555-The-Indian-Garage-Co-Men-Shirts-7231657693024053-2.jpg,http://assets.myntassets.com/assets/images/18960194/2022/7/13/535f8d64-6045-41cf-b4ac-90fbfddb71a11657693024547-The-Indian-Garage-Co-Men-Shirts-7231657693024053-3.jpg,http://assets.myntassets.com/assets/images/18960194/2022/7/13/74a59273-8618-4686-8242-9c1d60538b1c1657693024538-The-Indian-Garage-Co-Men-Shirts-7231657693024053-4.jpg,http://assets.myntassets.com/assets/images/18960194/2022/7/13/3f5c1b51-37d5-4ec0-a8ff-ab1a4b7aa2971657693024530-The-Indian-Garage-Co-Men-Shirts-7231657693024053-5.jpg,http://assets.myntassets.com/assets/images/18960194/2022/7/13/23ff96ac-30f0-408b-ba5f-5e110eb532011657693024521-The-Indian-Garage-Co-Men-Shirts-7231657693024053-6.jpg",
19276504.0,shirts,Men,Turtle,Men Beige Printed Cotton Slim Fit Casual Shirt,"Beige micro ditsy printed opaque Casual shirt, has a spread collar, button placket, 1 patch pocket, long regular sleeves, curved hem",Cotton,100% Cotton. Machine Wash,Printed,Slim Fit,,Long Sleeves,Casual,,Regular,4.7,7,1399,40,"""竄ｹ839.00""",INR,http://assets.myntassets.com/assets/images/19276504/2022/7/27/40766573-1756-4ad1-be6a-12269d520cb71658943648623TurtleMenCottonBeigeSlimFitPrintedCasualShirts1.jpg,"http://assets.myntassets.com/assets/images/19276504/2022/7/27/40766573-1756-4ad1-be6a-12269d520cb71658943648623TurtleMenCottonBeigeSlimFitPrintedCasualShirts1.jpg,http://assets.myntassets.com/assets/images/19276504/2022/7/27/db1f618c-8fd1-48a5-973e-66faeec7bed91658943648604TurtleMenCottonBeigeSlimFitPrintedCasualShirts2.jpg,http://assets.myntassets.com/assets/images/19276504/2022/7/27/ef75c686-4784-48c7-a547-40d362e5aaa41658943648631TurtleMenCottonBeigeSlimFitPrintedCasualShirts3.jpg,http://assets.myntassets.com/assets/images/19276504/2022/7/27/94c343bb-4acb-4994-9606-c84ab0be7fa71658943648587TurtleMenCottonBeigeSlimFitPrintedCasualShirts4.jpg,http://assets.myntassets.com/assets/images/19276504/2022/7/27/77771b21-75e7-4505-a78c-5da3b9d292c41658943648612TurtleMenCottonBeigeSlimFitPrintedCasualShirts5.jpg,http://assets.myntassets.com/assets/images/19276504/2022/7/27/7bf1ceb8-3938-476c-a35f-cefa222a5ff51658943648597TurtleMenCottonBeigeSlimFitPrintedCasualShirts6.jpg",
19299798.0,shirts,Men,Louis Philippe,Men Navy Blue Solid Slim Fit Formal Shirt,"Navy blue solid opaque Formal shirt ,has a spread collar,  button placket,  long regular sleeves,  curved hem",Cotton,97% Cotton and 3% Elastane. Machine Wash,Solid,Slim Fit,,Long Sleeves,Formal,,Regular,4.4,32,2799,,"""竄ｹ2,519.00""",INR,http://assets.myntassets.com/assets/images/19299798/2022/7/29/05d7c01e-fbd0-4486-b159-77a866af09591659096536961LouisPhilippeNavyShirt1.jpg,"http://assets.myntassets.com/assets/images/19299798/2022/7/29/05d7c01e-fbd0-4486-b159-77a866af09591659096536961LouisPhilippeNavyShirt1.jpg,http://assets.myntassets.com/assets/images/19299798/2022/7/29/ec0cafb9-c884-4c24-9245-7a5838a7b1711659096536979LouisPhilippeNavyShirt2.jpg,http://assets.myntassets.com/assets/images/19299798/2022/7/29/92a73e92-ebb5-461d-bf08-90626ad8b6721659096536970LouisPhilippeNavyShirt3.jpg,http://assets.myntassets.com/assets/images/19299798/2022/7/29/99431736-c7a6-473d-b0b4-50198daef3441659096536986LouisPhilippeNavyShirt4.jpg,http://assets.myntassets.com/assets/images/19299798/2022/7/29/83865c0b-d22b-4146-98ed-8cca27126f271659096536954LouisPhilippeNavyShirt5.jpg",
18903374.0,shirts,Women,Levis,Women Blue Pure Cotton Casual Shirt,Blue solid opaque casual shirtHas a spread collarSnap button placket2 patch pocketsShort puff sleevesStraight hem,Cotton,100% Cotton. &nbsp;Machine Wash,Solid,Regular Fit,,Short Sleeves,Casual,,Crop,4.6,168,2599,45,"""竄ｹ2,079.00""",INR,http://assets.myntassets.com/assets/images/18903374/2022/11/22/05182b3b-493f-4a81-b288-73469c76cf061669106704468-Shirt-8011669106703905-1.jpg,"http://assets.myntassets.com/assets/images/18903374/2022/11/22/05182b3b-493f-4a81-b288-73469c76cf061669106704468-Shirt-8011669106703905-1.jpg,http://assets.myntassets.com/assets/images/18903374/2022/11/22/a660db55-0d2f-46a7-b73c-cba37c90fd751669106704455-Shirt-8011669106703905-2.jpg,http://assets.myntassets.com/assets/images/18903374/2022/11/22/c3abd9d2-78cc-4867-8d22-5164db6c63461669106704443-Shirt-8011669106703905-3.jpg,http://assets.myntassets.com/assets/images/18903374/2022/11/22/5857dc8e-feb7-435c-a9fb-7222163db0211669106704431-Shirt-8011669106703905-4.jpg,http://assets.myntassets.com/assets/images/18903374/2022/11/22/934934a9-3587-45c9-be84-15c1553d350f1669106704417-Shirt-8011669106703905-5.jpg,http://assets.myntassets.com/assets/images/18903374/2022/11/22/56bee7c8-1b68-4975-b7e3-ff8f0c393fc41669106704401-Shirt-8011669106703905-6.jpg",
18947596.0,shorts,Women,KASSUALLY,Women Green Slim Fit Denim Outdoor Denim Shorts,"Green solid mid-rise outdoor denim shorts,  has 4 pockets, button closure",Denim,Denim. Machine Wash. Wash dark colour separately do not bleach warm iron if needed,Solid,Slim Fit,,,Casual,Button,Above Knee,4.7,9,1799,67,"""竄ｹ593.00""",INR,http://assets.myntassets.com/assets/images/18947596/2022/7/16/624f63c3-b6e7-4f1f-983f-44db8b96de881657971272763KASSUALLYWomenGreenSlimFitDenimOutdoorDenimShorts1.jpg,"http://assets.myntassets.com/assets/images/18947596/2022/7/16/624f63c3-b6e7-4f1f-983f-44db8b96de881657971272763KASSUALLYWomenGreenSlimFitDenimOutdoorDenimShorts1.jpg,http://assets.myntassets.com/assets/images/18947596/2022/7/16/019699b7-f5ee-4858-bbbf-12c2c16803611657971272770KASSUALLYWomenGreenSlimFitDenimOutdoorDenimShorts2.jpg,http://assets.myntassets.com/assets/images/18947596/2022/7/16/f5fe753f-c257-426f-9ddc-7ba1b1d41d5c1657971272779KASSUALLYWomenGreenSlimFitDenimOutdoorDenimShorts3.jpg,http://assets.myntassets.com/assets/images/18947596/2022/7/16/76fc88b3-5084-4413-bef8-6485cce3b58e1657971272787KASSUALLYWomenGreenSlimFitDenimOutdoorDenimShorts4.jpg,http://assets.myntassets.com/assets/images/18947596/2022/7/16/4aeb07f9-2600-45f4-84af-e7e8dbb9b0ca1657971272795KASSUALLYWomenGreenSlimFitDenimOutdoorDenimShorts5.jpg,http://assets.myntassets.com/assets/images/18947596/2022/7/16/0f522d35-9338-4390-b723-5901c5800eea1657971272804KASSUALLYWomenGreenSlimFitDenimOutdoorDenimShorts6.jpg",
18946864.0,shorts,Girls,Cub McPaws,Girls Yellow Printed Shorts,"Yellow abstract printed mid-rise regular shorts,  has slip-on closure",Cotton,Cotton. Machine wash,Printed,Regular Fit,,,Casual,Slip-On,Above Knee,4.5,20,1499,53,"""竄ｹ699.00""",INR,http://assets.myntassets.com/assets/images/18946864/2022/7/2/8378ec68-4da1-4ea2-9b33-79d2d140b0761656755281238Shorts1.jpg,"http://assets.myntassets.com/assets/images/18946864/2022/7/2/8378ec68-4da1-4ea2-9b33-79d2d140b0761656755281238Shorts1.jpg,http://assets.myntassets.com/assets/images/18946864/2022/7/2/b2c18fa8-1fb1-4822-9eab-5f85344a07331656755281264Shorts2.jpg,http://assets.myntassets.com/assets/images/18946864/2022/7/2/3ef64c0e-5538-4456-98a1-2bf5846413211656755281252Shorts3.jpg",
18921438.0,shorts,Boys,Gini and Jony,Boys Black Denim Outdoor Shorts,"Black solid mid-rise outdoor regular shorts,  has 4 pockets, button closure",Denim,Denim. Machine wash,Solid,Regular Fit,,,Sports,Button,Knee Length,4.6,28,1599,25,"""竄ｹ959.00""",INR,http://assets.myntassets.com/assets/images/18921438/2022/6/30/1d6b540f-00b3-49cd-ba12-f4bc722b813d1656598083353GiniandJonyBoysBlackDenimOutdoorShorts1.jpg,"http://assets.myntassets.com/assets/images/18921438/2022/6/30/1d6b540f-00b3-49cd-ba12-f4bc722b813d1656598083353GiniandJonyBoysBlackDenimOutdoorShorts1.jpg,http://assets.myntassets.com/assets/images/18921438/2022/6/30/5d702728-f422-4fbe-be71-ae468734e6be1656598083341GiniandJonyBoysBlackDenimOutdoorShorts2.jpg,http://assets.myntassets.com/assets/images/18921438/2022/6/30/58b47468-769e-4771-9f33-351f6e20b3961656598083365GiniandJonyBoysBlackDenimOutdoorShorts3.jpg",
13624708.0,shorts,Men,Nike,Men Black Solid Standard Fit CHALLENGER DRI FIT Running Sports Shorts,"Special Technology:Engineered with DRI-FIT technologyProduct Design Details:Black solid mid-rise sports shorts,has 2 pockets,drawstring closure",Polyester,Material: 100% polyester. Machine Wash,Solid,Regular Fit,,,Sports,Drawstring,Above Knee,4.4,376,1795,,"""竄ｹ1,795.00""",INR,http://assets.myntassets.com/assets/images/13624708/2021/3/4/6dfef805-f7cf-4ce4-a87f-1221b28d50731614846051468-Nike-Challenger-Mens-Brief-Lined-Running-Shorts-988161484604-1.jpg,"http://assets.myntassets.com/assets/images/13624708/2021/3/4/6dfef805-f7cf-4ce4-a87f-1221b28d50731614846051468-Nike-Challenger-Mens-Brief-Lined-Running-Shorts-988161484604-1.jpg,http://assets.myntassets.com/assets/images/13624708/2021/3/4/4b7ab438-7248-41b8-9520-afbb7f1a87161614846051451-Nike-Challenger-Mens-Brief-Lined-Running-Shorts-988161484604-2.jpg,http://assets.myntassets.com/assets/images/13624708/2021/3/4/6400719f-70e2-41cd-bf33-6362a796ada81614846051430-Nike-Challenger-Mens-Brief-Lined-Running-Shorts-988161484604-3.jpg,http://assets.myntassets.com/assets/images/13624708/2021/3/4/79dba51d-238d-4e8e-8831-3d789e9ba4e51614846051414-Nike-Challenger-Mens-Brief-Lined-Running-Shorts-988161484604-4.jpg,http://assets.myntassets.com/assets/images/13624708/2021/3/4/48edb585-7d3d-45c6-9719-b18708729cc01614846051388-Nike-Challenger-Mens-Brief-Lined-Running-Shorts-988161484604-5.jpg,http://assets.myntassets.com/assets/images/13624708/2021/3/4/cb4d28b8-1279-4547-a856-35955fee9ab81614846051363-Nike-Challenger-Mens-Brief-Lined-Running-Shorts-988161484604-6.jpg,http://assets.myntassets.com/assets/images/13624708/2021/3/4/74954af0-dc93-43aa-9b22-8faa895e87311614846051338-Nike-Challenger-Mens-Brief-Lined-Running-Shorts-988161484604-7.jpg",
18645102.0,shorts,Girls,DChica,Girls Black Skinny Fit High-Rise Cycling Shorts,"Black solid high-rise cycling regular shorts,  has na pockets, slip-on closure",Cotton,Cotton. Machine wash with cold water,Solid,Skinny Fit,,,Sports,Slip-On,Above Knee,4.3,16,599,53,"""竄ｹ599.00""",INR,http://assets.myntassets.com/assets/images/18645102/2022/6/7/6c93280f-f9e9-46b8-a516-8908afed3d521654575639991DChicaGirlsBlackSkinnyFitHigh-RiseCyclingShorts5.jpg,"http://assets.myntassets.com/assets/images/18645102/2022/6/7/6c93280f-f9e9-46b8-a516-8908afed3d521654575639991DChicaGirlsBlackSkinnyFitHigh-RiseCyclingShorts5.jpg,http://assets.myntassets.com/assets/images/18645102/2022/6/7/61dcc157-edc2-4a95-9201-e35b40dd71651654575640001DChicaGirlsBlackSkinnyFitHigh-RiseCyclingShorts1.jpg,http://assets.myntassets.com/assets/images/18645102/2022/6/7/2b29f9b4-3f02-4185-8783-ccb30b9048791654575639979DChicaGirlsBlackSkinnyFitHigh-RiseCyclingShorts2.jpg,http://assets.myntassets.com/assets/images/18645102/2022/6/7/42bedaf4-1372-4580-a0f2-a228d978b57e1654575640012DChicaGirlsBlackSkinnyFitHigh-RiseCyclingShorts3.jpg,http://assets.myntassets.com/assets/images/18645102/2022/6/7/ca2e1475-c683-47ae-aab2-936f856c72931654575640023DChicaGirlsBlackSkinnyFitHigh-RiseCyclingShorts4.jpg",
13695234.0,shorts,Women,HRX by Hrithik Roshan,"HRX By Hrithik Roshan Women Medieval Blue,Wild Lime,Wet Weather Colourblock Regular Fit Bio-Wash Lifestyle Shorts","Get through the day in comfort with the HRX Women's Athleisure Shorts. Cut from bio washed cotton and designed with colourblock detailing, they keep you comfortable  and make a sporty style statement.

Features
Athleisure Shorts
Bio washed cotton feels soft against the skin.
Mid rise waist gives secure fit.
Colour: Wet Weather, Wild Lime and Medieval Blue
Design: Colourblock
Length: Thigh Length
Fit: Regular fit




",Cotton,Material: 100% Cotton French Terry . Machine Wash,Colourblocked,Regular Fit,,,Sports,Drawstring,Above Knee,4.4,150,1499,30,"""竄ｹ1,049.00""",INR,http://assets.myntassets.com/assets/images/13695234/2021/3/22/ef76e41f-41eb-4e84-a16b-f6b46cd1ad751616405577226-HRX-by-Hrithik-Roshan-Women-Navy-Blue-Colourblocked-Regular--1.jpg,"http://assets.myntassets.com/assets/images/13695234/2021/3/22/ef76e41f-41eb-4e84-a16b-f6b46cd1ad751616405577226-HRX-by-Hrithik-Roshan-Women-Navy-Blue-Colourblocked-Regular--1.jpg,http://assets.myntassets.com/assets/images/13695234/2021/3/22/ac69ce7d-5281-469e-9521-71100208e2c51616405577199-HRX-by-Hrithik-Roshan-Women-Navy-Blue-Colourblocked-Regular--2.jpg,http://assets.myntassets.com/assets/images/13695234/2021/3/22/53fe1d00-e5da-427d-a3d1-6c0c381f65511616405577172-HRX-by-Hrithik-Roshan-Women-Navy-Blue-Colourblocked-Regular--3.jpg,http://assets.myntassets.com/assets/images/13695234/2021/3/22/cb4a1f52-1a3a-4da3-8d4c-dbd5d58df23b1616405577146-HRX-by-Hrithik-Roshan-Women-Navy-Blue-Colourblocked-Regular--4.jpg,http://assets.myntassets.com/assets/images/13695234/2021/3/22/fece450a-3ec4-49c9-9083-96ddbfae7e3d1616405960487-HRX-by-Hrithik-Roshan-Women-Navy-Blue-Colourblocked-Regular--5.jpg,http://assets.myntassets.com/assets/images/13695234/2021/3/22/b1bb6891-f48d-4ab7-9186-0daa565b694c1616405577092-HRX-by-Hrithik-Roshan-Women-Navy-Blue-Colourblocked-Regular--6.jpg,http://assets.myntassets.com/assets/images/13695234/2021/3/22/75f5ab7c-4912-4c38-a3d2-ded71e3726611616405577063-HRX-by-Hrithik-Roshan-Women-Navy-Blue-Colourblocked-Regular--7.jpg",
13610026.0,shorts,Men,HRX by Hrithik Roshan,HRX By Hrithik Roshan Men Black Forest & Golden Poppy Colourblock Regular Fit Rapid-Dry Antimicrobial Running Shorts,"Enjoy your morning run with the HRX Men's Running Shorts. Designed for unrestricted movement, these shorts are just what you need. They feature Rapid Dry and Anti Microbial technology to wick away sweat and fight body odour so you can focus on the finish line.

Features
Running Shorts
Rapid Dry Technology wicks sweat & makes the fabric dry fast.
Anti-microbial technology prevents the growth of odor-causing microbes keeping you fresh & hygienic all day.
Back pocket to hold your essentials.
High rise waist gives secure fit.
Colour: Black Forest and Golden Poppy
Design: Colourblock with typographic print on side
Length: Regular Length
Fit: Regular fit




",Polyester,Material: 100% Polyester . Machine Wash,Solid,Regular Fit,,,Sports,Drawstring,Above Knee,4.2,84,1899,40,"""竄ｹ1,139.00""",INR,http://assets.myntassets.com/assets/images/13610026/2021/2/15/4ec42eab-29b3-4d2a-91bc-41beea48b4071613383561689-HRX-by-Hrithik-Roshan-Men-Shorts-4721613383559992-1.jpg,"http://assets.myntassets.com/assets/images/13610026/2021/2/15/4ec42eab-29b3-4d2a-91bc-41beea48b4071613383561689-HRX-by-Hrithik-Roshan-Men-Shorts-4721613383559992-1.jpg,http://assets.myntassets.com/assets/images/13610026/2021/2/15/5f2d12cd-a208-4621-868f-2ae2df5e4d371613383561673-HRX-by-Hrithik-Roshan-Men-Shorts-4721613383559992-2.jpg,http://assets.myntassets.com/assets/images/13610026/2021/2/15/2d212e1c-1d58-4343-b6cb-1eab0b24701a1613383561657-HRX-by-Hrithik-Roshan-Men-Shorts-4721613383559992-3.jpg,http://assets.myntassets.com/assets/images/13610026/2021/2/15/68687dd3-d177-41e9-82e9-8d9492587bf61613383561642-HRX-by-Hrithik-Roshan-Men-Shorts-4721613383559992-4.jpg,http://assets.myntassets.com/assets/images/13610026/2021/2/15/50ac9713-23c9-46ca-862d-c2c521b7f9b21613383561623-HRX-by-Hrithik-Roshan-Men-Shorts-4721613383559992-5.jpg,http://assets.myntassets.com/assets/images/13610026/2021/2/15/51103d49-1b51-4ed6-a031-e121332154291613383561605-HRX-by-Hrithik-Roshan-Men-Shorts-4721613383559992-6.jpg,http://assets.myntassets.com/assets/images/13610026/2021/2/15/e3c21ee1-a5bd-4533-9a64-2690c1f59f091613383561589-HRX-by-Hrithik-Roshan-Men-Shorts-4721613383559992-7.jpg,http://assets.myntassets.com/assets/images/13610026/2021/2/15/1550c257-53ef-4adc-b619-b6cc81a470b51613383561570-HRX-by-Hrithik-Roshan-Men-Shorts-4721613383559992-11.jpg,http://assets.myntassets.com/assets/images/13610026/2021/2/15/8ee5b812-daa1-400d-bb9c-1fbb92dbdad01613383561555-HRX-by-Hrithik-Roshan-Men-Shorts-4721613383559992-12.jpg",
16051700.0,shorts,Women,Miaz Lifestyle,Women White Set Of 2 Biker Shorts,Set Of 2 Biker ShortsWhite solid mid-rise biker shorts has a slip-on closureWhite solid mid-rise biker shorts has slip-on closure,Cotton,Cotton. Machine Wash,Solid,Regular Fit,,,Casual,Slip-On,Above Knee,0,0,1999,52,"""竄ｹ959.00""",INR,http://assets.myntassets.com/assets/images/16051700/2021/11/10/d2af18b3-5401-4b58-8fa2-8711fb61a03c1636541962367Shorts1.jpg,"http://assets.myntassets.com/assets/images/16051700/2021/11/10/d2af18b3-5401-4b58-8fa2-8711fb61a03c1636541962367Shorts1.jpg,http://assets.myntassets.com/assets/images/16051700/2021/11/10/17751e02-bac0-42fd-ac59-a67d99e23a2c1636541962128Shorts2.jpg,http://assets.myntassets.com/assets/images/16051700/2021/11/10/9e781cca-e6e4-4261-a996-6e681144c6431636541962248Shorts3.jpg,http://assets.myntassets.com/assets/images/16051700/2021/11/10/17c0a7ac-cc6b-4850-ac98-f2c90ddb0f481636541962448Shorts4.jpg,http://assets.myntassets.com/assets/images/16051700/2021/11/10/3faab377-1721-43bc-bb09-5ddf3278a1401636541962005Shorts5.jpg,http://assets.myntassets.com/assets/images/16051700/2021/11/10/9e7b516b-c90b-4791-984a-a1c9341b31e61636541962549Shorts6.jpg",
14561272.0,shorts,Men,ASICS,Court M 7In   Men Black Solid Mid-Rise Tennis Shorts,"Black solid mid-rise sports shorts,  has 2 pockets, drawstring closure",Polyester,"Polyester , .  Hand wash",Solid,Regular Fit,,,Casual,Drawstring,Above Knee,5,5,2299,50,"""竄ｹ1,149.00""",INR,http://assets.myntassets.com/assets/images/productimage/2021/6/17/81d30384-0f42-4edd-85b9-fd2d632518061623931678799-1.jpg,"http://assets.myntassets.com/assets/images/productimage/2021/6/17/81d30384-0f42-4edd-85b9-fd2d632518061623931678799-1.jpg,http://assets.myntassets.com/assets/images/productimage/2021/6/17/1aba8cba-ad00-417e-b8be-95fcef72e8ee1623931678812-2.jpg,http://assets.myntassets.com/assets/images/productimage/2021/6/17/6d7835ef-7b11-4306-bf27-455bd30b36fc1623931678825-3.jpg,http://assets.myntassets.com/assets/images/productimage/2021/6/17/8bb4ee8e-6324-4dc5-9dc2-768205e6bf891623931678837-4.jpg,http://assets.myntassets.com/assets/images/productimage/2021/6/17/3baf71b6-c7fc-4cd0-a56d-7c94c77ec3e01623931678847-5.jpg,http://assets.myntassets.com/assets/images/productimage/2021/6/17/5f374875-1465-4560-97c5-ab01c1abd8ee1623931678858-6.jpg",
16051704.0,shorts,Women,Miaz Lifestyle,Women Pack Of 2 Beige & White Sports Shorts,"Pack Of 2 Beige & White solid mid-rise sports shorts, has slip-on closure",Cotton,Cotton. Machine Wash,Solid,Regular Fit,,,Sports,Slip-On,Above Knee,0,0,1999,71,"""竄ｹ579.00""",INR,http://assets.myntassets.com/assets/images/16051704/2021/11/10/a4b7f832-f540-4f56-89a3-d6265d55e6931636542027883MiazLifestyleWomenBeigeSportsShorts1.jpg,"http://assets.myntassets.com/assets/images/16051704/2021/11/10/a4b7f832-f540-4f56-89a3-d6265d55e6931636542027883MiazLifestyleWomenBeigeSportsShorts1.jpg,http://assets.myntassets.com/assets/images/16051704/2021/11/10/a5613138-a6b7-4b12-9398-3fcf42a865881636542028604MiazLifestyleWomenBeigeSportsShorts2.jpg,http://assets.myntassets.com/assets/images/16051704/2021/11/10/8770a863-6420-4873-9f70-2db2e806d6371636542028006MiazLifestyleWomenBeigeSportsShorts3.jpg,http://assets.myntassets.com/assets/images/16051704/2021/11/10/d08adbe9-9197-4f44-86fd-8afc8c9145d11636542028309MiazLifestyleWomenBeigeSportsShorts4.jpg,http://assets.myntassets.com/assets/images/16051704/2021/11/10/4348402a-f97e-444f-80e5-7eeb622cb7151636542027771MiazLifestyleWomenBeigeSportsShorts5.jpg,http://assets.myntassets.com/assets/images/16051704/2021/11/10/e4a253de-24fc-4a76-bbfb-22df013454541636542028142MiazLifestyleWomenBeigeSportsShorts6.jpg,http://assets.myntassets.com/assets/images/16051704/2021/11/10/c03f2a2d-348f-4f27-92fe-5b9c228468f31636542028442MiazLifestyleWomenBeigeSportsShorts7.jpg",
14494548.0,shorts,Girls,CUTECUMBER,Girls Pack Of 2 Printed Mid-Rise Regular Shorts,"Black floral printed mid-rise regular shorts, has 2 pockets, drawstring closureBeige and Red checked mid-rise regular shorts, has 2 pockets, drawstring closure",Polyester,Polyester&nbsp;. Hand wash,Printed,Regular Fit,,,Casual,Drawstring,Above Knee,4.3,11,650,,"""竄ｹ650.00""",INR,http://assets.myntassets.com/assets/images/productimage/2021/6/9/44264a5e-82d4-422c-8897-d96613e43bbf1623213817670-1.jpg,"http://assets.myntassets.com/assets/images/productimage/2021/6/9/44264a5e-82d4-422c-8897-d96613e43bbf1623213817670-1.jpg,http://assets.myntassets.com/assets/images/productimage/2021/6/9/f01e4a2f-ce50-40f9-973a-b11f14022ba51623213817683-2.jpg,http://assets.myntassets.com/assets/images/productimage/2021/6/9/cad640cd-3889-4535-a87b-212d0e810bfe1623213817696-3.jpg,http://assets.myntassets.com/assets/images/productimage/2021/6/9/eb0d158b-637c-429d-91a3-fae56d74d1ae1623213817708-4.jpg,http://assets.myntassets.com/assets/images/productimage/2021/6/9/70a61c99-e99a-4f9e-82ae-9bf63f909c451623213817721-5.jpg",
14496210.0,shorts,Girls,CUTECUMBER,Girls Pack of 2 Floral Printed Mid-Rise Regular Shorts,"Pack of 2 shortsRust brown printed mid-rise regular shorts, has 2 pockets, drawstring closureBlack printed mid-rise regular shorts, has 2 pockets, drawstring closure",Polyester,"Polyester , .  Hand wash",Printed,Regular Fit,,,Casual,Drawstring,Above Knee,4.6,46,650,,"""竄ｹ650.00""",INR,http://assets.myntassets.com/assets/images/productimage/2021/6/9/01570bf8-47c9-4538-bc9c-58e0164bd47f1623224944660-1.jpg,"http://assets.myntassets.com/assets/images/productimage/2021/6/9/01570bf8-47c9-4538-bc9c-58e0164bd47f1623224944660-1.jpg,http://assets.myntassets.com/assets/images/productimage/2021/6/9/94bd56d8-9679-426f-bcd6-5ae26075eb9a1623224944675-2.jpg,http://assets.myntassets.com/assets/images/productimage/2021/6/9/e99b85ed-10a2-4315-8826-5b03d44f33521623224944689-3.jpg,http://assets.myntassets.com/assets/images/productimage/2021/6/9/4ab095d5-0fcc-47f1-8f44-6e87dee112551623224944701-4.jpg,http://assets.myntassets.com/assets/images/productimage/2021/6/9/e095a602-dba2-47b4-b125-228fbcd505711623224944715-5.jpg",
16043840.0,shorts,Women,BRINNS,Women Dark Grey Solid Mid Rise Regular Shorts,"Charcoal solid mid-rise regular shorts,  has 2 pockets, drawstring closure",Cotton,100% Cotton 100% Cotton. Hand/Machine Wash cold. Wash inside out. Do not Soak/Rub. Do not wring. Do not bleach. Warm iron inside out. wash dark colors separately. ,Solid,Regular Fit,,,Casual,Drawstring,Above Knee,0,0,1699,60,"""竄ｹ679.00""",INR,http://assets.myntassets.com/assets/images/16043840/2021/11/26/75b6e471-b9d9-4600-a0e4-d956b9a3e73d1637918266018-BRINNS-Women-Charcoal-Grey-Regular-Shorts-4921637918265291-1.jpg,"http://assets.myntassets.com/assets/images/16043840/2021/11/26/75b6e471-b9d9-4600-a0e4-d956b9a3e73d1637918266018-BRINNS-Women-Charcoal-Grey-Regular-Shorts-4921637918265291-1.jpg,http://assets.myntassets.com/assets/images/16043840/2021/11/26/3c1d2ec7-c493-4b46-afe0-b69d6ce7dd511637918265998-BRINNS-Women-Charcoal-Grey-Regular-Shorts-4921637918265291-2.jpg,http://assets.myntassets.com/assets/images/16043840/2021/11/26/f2bc6277-8de0-4b2b-9f3e-592e23bba90d1637918265977-BRINNS-Women-Charcoal-Grey-Regular-Shorts-4921637918265291-3.jpg,http://assets.myntassets.com/assets/images/16043840/2021/11/26/725ccf07-ca97-4f8d-a861-923323d160621637918265957-BRINNS-Women-Charcoal-Grey-Regular-Shorts-4921637918265291-4.jpg,http://assets.myntassets.com/assets/images/16043840/2021/11/26/df58a5de-ace6-4940-8295-617e7fa32c671637918265937-BRINNS-Women-Charcoal-Grey-Regular-Shorts-4921637918265291-5.jpg,http://assets.myntassets.com/assets/images/16043840/2021/11/26/c94bd0db-8080-40ac-ace6-3c81f49115b81637918265918-BRINNS-Women-Charcoal-Grey-Regular-Shorts-4921637918265291-6.jpg,http://assets.myntassets.com/assets/images/16043840/2021/11/26/3fc3f3d5-380f-4a64-9ada-534e91472bd51637918265895-BRINNS-Women-Charcoal-Grey-Regular-Shorts-4921637918265291-7.jpg",
18942852.0,shorts,Women,FITINC,Women Blue Skinny Fit High-Rise Training or Gym Sports Shorts with Antimicrobial Technology,"Blue solid high-rise training or gym sports shorts,  has slip-on closure engineered with antimicrobial technology",Polyester,"Material - Four-Way Lycra, Wash - Machine &amp; Hand Wash",Solid,Skinny Fit,,,Sports,Slip-On,Above Knee,4.4,14,999,55,"""竄ｹ449.00""",INR,http://assets.myntassets.com/assets/images/18942852/2022/7/2/5e92f1ee-3c6e-4f12-8ad6-a60e272731b61656746035790FITINCWomenBlueSkinnyFitHigh-RiseTrainingorGymSportsShortswi1.jpg,"http://assets.myntassets.com/assets/images/18942852/2022/7/2/5e92f1ee-3c6e-4f12-8ad6-a60e272731b61656746035790FITINCWomenBlueSkinnyFitHigh-RiseTrainingorGymSportsShortswi1.jpg,http://assets.myntassets.com/assets/images/18942852/2022/7/2/6641a693-d087-401b-8fe7-ee42b2a065a11656746035782FITINCWomenBlueSkinnyFitHigh-RiseTrainingorGymSportsShortswi2.jpg,http://assets.myntassets.com/assets/images/18942852/2022/7/2/cee315a4-41c2-4110-9729-020e9ba1c83f1656746035807FITINCWomenBlueSkinnyFitHigh-RiseTrainingorGymSportsShortswi3.jpg,http://assets.myntassets.com/assets/images/18942852/2022/7/2/f5044647-d37a-43f9-986c-d53943ed1ff21656746035767FITINCWomenBlueSkinnyFitHigh-RiseTrainingorGymSportsShortswi4.jpg,http://assets.myntassets.com/assets/images/18942852/2022/7/2/00465353-9836-4804-9e70-631ea83ab8d21656746035798FITINCWomenBlueSkinnyFitHigh-RiseTrainingorGymSportsShortswi5.jpg,http://assets.myntassets.com/assets/images/18942852/2022/7/2/82570bb3-2b4d-4a1d-bb4a-6def8af3b1a21656746035774FITINCWomenBlueSkinnyFitHigh-RiseTrainingorGymSportsShortswi6.jpg,http://assets.myntassets.com/assets/images/18942852/2022/7/2/9825fcdf-1c01-4c2d-801f-417c6cbf75801656746035816FITINCWomenBlueSkinnyFitHigh-RiseTrainingorGymSportsShortswi7.jpg",
18650484.0,shorts,Women,CLUB A9,Women Pink Floral Printed Shorts,"Pink floral printed mid-rise regular shorts,  has drawstring closure",Cotton,"Cotton , .  Machine wash",Printed,Regular Fit,,,Casual,Drawstring,Above Knee,4.5,14,699,54,"""竄ｹ321.00""",INR,http://assets.myntassets.com/assets/images/18650484/2022/6/7/77af0100-6d88-49f3-81d2-3265d6be37ab1654592970971CLUBA9WomenPinkFloralPrintedRunningShorts1.jpg,"http://assets.myntassets.com/assets/images/18650484/2022/6/7/77af0100-6d88-49f3-81d2-3265d6be37ab1654592970971CLUBA9WomenPinkFloralPrintedRunningShorts1.jpg,http://assets.myntassets.com/assets/images/18650484/2022/6/7/5f0ee2bb-dc15-4254-92e1-80aab4b239071654592970935CLUBA9WomenPinkFloralPrintedRunningShorts2.jpg,http://assets.myntassets.com/assets/images/18650484/2022/6/7/b88abe11-cca6-452b-abad-ea15fc60a1fc1654592970913CLUBA9WomenPinkFloralPrintedRunningShorts3.jpg,http://assets.myntassets.com/assets/images/18650484/2022/6/7/93d06fe5-567a-4e49-9866-f8a4a78a0dce1654592970901CLUBA9WomenPinkFloralPrintedRunningShorts4.jpg,http://assets.myntassets.com/assets/images/18650484/2022/6/7/1bd99d75-d485-4450-9ccc-5a86d49c8f6d1654592970924CLUBA9WomenPinkFloralPrintedRunningShorts5.jpg,http://assets.myntassets.com/assets/images/18650484/2022/6/7/0f604798-391f-47f7-ab86-532c7552b6bd1654592970959CLUBA9WomenPinkFloralPrintedRunningShorts6.jpg",
19024468.0,shorts,Men,Blackberrys,Men Pure Cotton Printed Slim Fit Shorts,"Navy blue & white geometric printed low-rise regular shorts, has 4 pockets, button closure, and above length",Cotton,100% Cotton. Machine wash,Printed,Slim Fit,,,Casual,Button,Above Knee,4.1,9,1695,40,"""竄ｹ1,017.00""",INR,http://assets.myntassets.com/assets/images/19024468/2022/12/16/4f164dd0-034a-4d77-b3f0-94ec3d67a1bd1671171429336-Blackberrys-Men-Shorts-8911671171428759-1.jpg,"http://assets.myntassets.com/assets/images/19024468/2022/12/16/4f164dd0-034a-4d77-b3f0-94ec3d67a1bd1671171429336-Blackberrys-Men-Shorts-8911671171428759-1.jpg,http://assets.myntassets.com/assets/images/19024468/2022/12/16/620546cf-446c-4ff4-9874-d9a962522cad1671171429326-Blackberrys-Men-Shorts-8911671171428759-2.jpg,http://assets.myntassets.com/assets/images/19024468/2022/12/16/7c421145-cf2e-409d-bef8-339906f9f7181671171429314-Blackberrys-Men-Shorts-8911671171428759-3.jpg,http://assets.myntassets.com/assets/images/19024468/2022/12/16/74c7d4ff-7e3d-4ecc-a504-158833dc9be01671171429300-Blackberrys-Men-Shorts-8911671171428759-4.jpg,http://assets.myntassets.com/assets/images/19024468/2022/12/16/b32bed39-abfc-4037-96be-1c558943218f1671171429287-Blackberrys-Men-Shorts-8911671171428759-5.jpg,http://assets.myntassets.com/assets/images/19024468/2022/12/16/fcbc646c-7179-4979-aeee-ca89762ca52a1671171429274-Blackberrys-Men-Shorts-8911671171428759-6.jpg,http://assets.myntassets.com/assets/images/19024468/2022/12/16/1b02e700-040f-4a0d-ae8d-9390dd2964131671171429263-Blackberrys-Men-Shorts-8911671171428759-7.jpg",
17333612.0,shorts,Women,UNDER ARMOUR,Women Mustard Yellow Play Up 3.0 Colourblocked Shorts,"Special technologySoft, lightweight knit fabric for superior comfort & breathabilityConvenient side hand pocketsMaterial wicks sweat & dries really fastAnti-odor technology prevents the growth of odor-causing microbesAnti-pill/anti-pick finish adds extra durabilitySoft, exposed elastic waistband with wordmark detailNew shaped hem with crossover side seams for a more streamlined lookProduct design detailsMustard yellow shorts for womenColourblocked Elasticated waistband2 pockets Knitted polyester fabricAbout UNDER ARMOUR Play Up Colorblock ShortsEveryone needs a go-to pair of shorts. With side hand pockets and a soft, smooth waistband--these are it. You'll love the way they look and the way they feel even more.",Polyester,100% Polyester. Machine wash,Colourblocked,Regular Fit,,,Sports,Elasticated,Above Knee,3.6,10,2499,25,"""竄ｹ1,874.00""",INR,http://assets.myntassets.com/assets/images/17333612/2022/4/29/e261d566-5821-42b6-9eeb-9244cbd486871651211217296UNDERARMOURWomenMustardYellowPlayUp30ColourblockedShorts1.jpg,"http://assets.myntassets.com/assets/images/17333612/2022/4/29/e261d566-5821-42b6-9eeb-9244cbd486871651211217296UNDERARMOURWomenMustardYellowPlayUp30ColourblockedShorts1.jpg,http://assets.myntassets.com/assets/images/17333612/2022/4/29/2622c561-a9c0-4afb-b5a4-073ead5e6b1c1651211217303UNDERARMOURWomenMustardYellowPlayUp30ColourblockedShorts2.jpg,http://assets.myntassets.com/assets/images/17333612/2022/4/29/cb90f893-ac84-4ede-8c1b-b16523067f741651211217311UNDERARMOURWomenMustardYellowPlayUp30ColourblockedShorts3.jpg",
17332648.0,shorts,Women,Tommy Hilfiger,Women Red & Navy Blue Printed Chino Shorts,"Red and navy blue geometric printed mid-rise chino shorts, has 4 pockets, button closure",Cotton,"97% cotton, 3% elastane. Machine wash",Printed,Regular Fit,,,Casual,Button,Above Knee,4.7,9,2999,40,"""竄ｹ1,499.00""",INR,http://assets.myntassets.com/assets/images/17332648/2022/6/4/752159ac-e074-4b65-b4d9-32cd4781456b1654334656026-Tommy-Hilfiger-Women-Shorts-8641654334655272-1.jpg,"http://assets.myntassets.com/assets/images/17332648/2022/6/4/752159ac-e074-4b65-b4d9-32cd4781456b1654334656026-Tommy-Hilfiger-Women-Shorts-8641654334655272-1.jpg,http://assets.myntassets.com/assets/images/17332648/2022/6/4/ad193e12-3db0-4ba0-bd58-cf73a34b2d0e1654334656017-Tommy-Hilfiger-Women-Shorts-8641654334655272-2.jpg,http://assets.myntassets.com/assets/images/17332648/2022/6/4/91b998d0-9bd7-498b-8b0f-dd41fecebdcf1654334656008-Tommy-Hilfiger-Women-Shorts-8641654334655272-3.jpg,http://assets.myntassets.com/assets/images/17332648/2022/6/4/70f33adf-3b96-4e26-8767-d3ba31626d4b1654334655999-Tommy-Hilfiger-Women-Shorts-8641654334655272-4.jpg,http://assets.myntassets.com/assets/images/17332648/2022/6/4/3d46beb7-f8dc-499b-84a3-6a2727c9885e1654334655989-Tommy-Hilfiger-Women-Shorts-8641654334655272-5.jpg,http://assets.myntassets.com/assets/images/17332648/2022/6/4/e8696a51-99f3-4a9a-a1a1-a123d6eeb9e81654334655979-Tommy-Hilfiger-Women-Shorts-8641654334655272-6.jpg,http://assets.myntassets.com/assets/images/17332648/2022/6/4/5dd3a369-c915-4841-825f-2d38ad7d2abf1654334655970-Tommy-Hilfiger-Women-Shorts-8641654334655272-7.jpg",
15177608.0,shorts,Boys,HRX by Hrithik Roshan,Boys Green Shorts,"Green solid mid-rise regular shorts,  has 2 pockets, elasticated closure",Polyester,Polyester&nbsp;. Machine wash,Solid,Regular Fit,,,Casual,Elasticated,Above Knee,4.5,61,1399,30,"""竄ｹ979.00""",INR,http://assets.myntassets.com/assets/images/15177608/2022/4/27/0fe0edc4-0ca9-485f-81ca-f2039e83ae0d1651054153996-HRX-by-Hrithik-Roshan-Boys-Green-Shorts-3291651054153523-1.jpg,"http://assets.myntassets.com/assets/images/15177608/2022/4/27/0fe0edc4-0ca9-485f-81ca-f2039e83ae0d1651054153996-HRX-by-Hrithik-Roshan-Boys-Green-Shorts-3291651054153523-1.jpg,http://assets.myntassets.com/assets/images/15177608/2022/4/27/85e620d6-f78a-485f-a005-7dedbd700aa11651054153987-HRX-by-Hrithik-Roshan-Boys-Green-Shorts-3291651054153523-2.jpg,http://assets.myntassets.com/assets/images/15177608/2022/4/27/afb32b45-57eb-4177-8481-e1a1201497031651054153979-HRX-by-Hrithik-Roshan-Boys-Green-Shorts-3291651054153523-3.jpg,http://assets.myntassets.com/assets/images/15177608/2022/4/27/d86faa94-6fef-4924-a9b4-70b12d013a781651054153970-HRX-by-Hrithik-Roshan-Boys-Green-Shorts-3291651054153523-4.jpg,http://assets.myntassets.com/assets/images/15177608/2022/4/27/eab485c2-a3cd-423e-a663-f23e91876f981651054153960-HRX-by-Hrithik-Roshan-Boys-Green-Shorts-3291651054153523-5.jpg,http://assets.myntassets.com/assets/images/15177608/2022/4/27/426fff0b-e68e-4f2a-bdff-dca687510c491651054153950-HRX-by-Hrithik-Roshan-Boys-Green-Shorts-3291651054153523-6.jpg",
18947600.0,shorts,Women,KASSUALLY,Women White Printed Slim Fit High-Rise Denim Outdoor Hot Pants Shorts,"White abstract printed high-rise outdoor hot pants,  has 4 pockets, button closure",Denim,denim. machine wash. Wash dark colour separately do not bleach warm iron if needed,Printed,Slim Fit,,,Casual,Button,Above Knee,4.7,38,1899,66,"""竄ｹ645.00""",INR,http://assets.myntassets.com/assets/images/18947600/2022/7/16/5a8f0b91-7760-4df0-a6c1-000140aec2671657971297141KASSUALLYWomenWhitePrintedSlimFitHigh-RiseDenimOutdoorHotPan1.jpg,"http://assets.myntassets.com/assets/images/18947600/2022/7/16/5a8f0b91-7760-4df0-a6c1-000140aec2671657971297141KASSUALLYWomenWhitePrintedSlimFitHigh-RiseDenimOutdoorHotPan1.jpg,http://assets.myntassets.com/assets/images/18947600/2022/7/16/4d14c7ec-95c2-4eea-8310-bbbad26dd9161657971297149KASSUALLYWomenWhitePrintedSlimFitHigh-RiseDenimOutdoorHotPan2.jpg,http://assets.myntassets.com/assets/images/18947600/2022/7/16/5741b4c8-c600-45d3-8ce7-4fb9b55bf7081657971297159KASSUALLYWomenWhitePrintedSlimFitHigh-RiseDenimOutdoorHotPan3.jpg,http://assets.myntassets.com/assets/images/18947600/2022/7/16/c95cc62d-e6ad-400c-95ad-fd99c13b172b1657971297168KASSUALLYWomenWhitePrintedSlimFitHigh-RiseDenimOutdoorHotPan4.jpg,http://assets.myntassets.com/assets/images/18947600/2022/7/16/7acb7fdd-a859-4c3d-ab8c-5bbab85daa5a1657971297177KASSUALLYWomenWhitePrintedSlimFitHigh-RiseDenimOutdoorHotPan5.jpg,http://assets.myntassets.com/assets/images/18947600/2022/7/16/bcf1a715-d4cd-4c02-b4d8-ecd747a408a41657971297186KASSUALLYWomenWhitePrintedSlimFitHigh-RiseDenimOutdoorHotPan6.jpg",
18658050.0,shorts,Men,Allen Solly,Men Brown Printed Slim Fit Shorts,"Brown geometric printed mid-rise regular shorts,  has 4 pockets, button closure",Cotton,100% Cotton. Machine wash,Printed,Slim Fit,,,Casual,Button,Above Knee,4.6,13,1799,40,"""竄ｹ1,079.00""",INR,http://assets.myntassets.com/assets/images/18658050/2022/6/7/ba7d3c08-47aa-4d00-8f01-3fb0fca8e8701654602652995AllenSollyBrownShorts1.jpg,"http://assets.myntassets.com/assets/images/18658050/2022/6/7/ba7d3c08-47aa-4d00-8f01-3fb0fca8e8701654602652995AllenSollyBrownShorts1.jpg,http://assets.myntassets.com/assets/images/18658050/2022/6/7/44147249-e9e6-4dfe-b252-678a0e8a23ee1654602652972AllenSollyBrownShorts2.jpg,http://assets.myntassets.com/assets/images/18658050/2022/6/7/2f22ef0f-4c37-4d34-a14a-569ddd9ce1361654602653007AllenSollyBrownShorts3.jpg,http://assets.myntassets.com/assets/images/18658050/2022/6/7/f16411c4-b86f-4c4c-99b1-3a0edab702331654602653018AllenSollyBrownShorts4.jpg,http://assets.myntassets.com/assets/images/18658050/2022/6/7/3de97b78-7fe5-4d45-81a0-63a7fe86e9aa1654602652984AllenSollyBrownShorts5.jpg",
13572038.0,skirts,Women,Shae by SASSAFRAS,Women Green & Red Pure Cotton Printed Maxi Tiered Skirt,"Green, red and grey printed woven maxi tiered skirt, has an elasticated waistband with drawstring closure, an attached lining and flared hem",Pure Cotton,100% Cotton. Hand-Wash,Printed,,,,Ethnic,Drawstring,Maxi,4.3,51,1999,60,"""竄ｹ799.00""",INR,http://assets.myntassets.com/assets/images/13572038/2021/2/24/444cbd2b-399d-442c-a599-a5704e5c12341614140425602-Shae-by-SASSAFRAS-Women-Skirts-8501614140423699-1.jpg,"http://assets.myntassets.com/assets/images/13572038/2021/2/24/444cbd2b-399d-442c-a599-a5704e5c12341614140425602-Shae-by-SASSAFRAS-Women-Skirts-8501614140423699-1.jpg,http://assets.myntassets.com/assets/images/13572038/2021/2/24/beb1c23a-3c54-4a03-b9ef-bac4f15111cf1614140425574-Shae-by-SASSAFRAS-Women-Skirts-8501614140423699-2.jpg,http://assets.myntassets.com/assets/images/13572038/2021/2/24/9f4d1a9f-84fa-44ad-acb8-530ff4f21a551614140425546-Shae-by-SASSAFRAS-Women-Skirts-8501614140423699-3.jpg,http://assets.myntassets.com/assets/images/13572038/2021/2/24/fe6c9e8d-63ee-4737-b49f-cd802366f7731614140425519-Shae-by-SASSAFRAS-Women-Skirts-8501614140423699-4.jpg,http://assets.myntassets.com/assets/images/13572038/2021/2/24/e3c3d97e-beec-48fe-af3b-b12e6dec55761614140425489-Shae-by-SASSAFRAS-Women-Skirts-8501614140423699-5.jpg,http://assets.myntassets.com/assets/images/13572038/2021/2/24/f0d3b4d4-0003-4bd4-afcd-a08a48a987ef1614140425454-Shae-by-SASSAFRAS-Women-Skirts-8501614140423699-6.jpg,http://assets.myntassets.com/assets/images/13572038/2021/2/24/9dd53ab9-a2e8-4e1c-8c9e-266a5f9bc5561614140425427-Shae-by-SASSAFRAS-Women-Skirts-8501614140423699-7.jpg",
17367638.0,skirts,Women,Berrylush,Navy Blue Self-Design Bling it On Skirt,"Ace the fashion game by opting for this chic skirt. It features a lovely self-design print and an alluring mini length for added appeal. Deep navy blue shadeChic self-design printMini lengthStraight hemlinePolyester, hand washTrend AlertEnsembles adorned with glittery embellishments, like sequins or metallic sheen, to lend you a festive vibe. They are paired with uber-stylish detailing, such as spaghetti straps, tiering, wide necklines, pleats, belted details, etc.",Polyester,Polyester. Hand Wash,Embellished,,,,Party,Zip,Mini,4.3,16,1199,26,"""竄ｹ983.00""",INR,http://assets.myntassets.com/assets/images/17367638/2022/7/11/2612d84b-65e8-420f-80fb-b8282d46d6be1657518671677BerrylushNavyBlueSelf-DesignBlingitOnSkirt1.jpg,"http://assets.myntassets.com/assets/images/17367638/2022/7/11/2612d84b-65e8-420f-80fb-b8282d46d6be1657518671677BerrylushNavyBlueSelf-DesignBlingitOnSkirt1.jpg,http://assets.myntassets.com/assets/images/17367638/2022/7/11/35619a97-61af-4ac9-a1cb-04bdd72016221657518671685BerrylushNavyBlueSelf-DesignBlingitOnSkirt2.jpg,http://assets.myntassets.com/assets/images/17367638/2022/7/11/4113ad92-3269-4712-a466-37dede2035a91657518671694BerrylushNavyBlueSelf-DesignBlingitOnSkirt3.jpg,http://assets.myntassets.com/assets/images/17367638/2022/7/11/c64d4f42-e17e-4999-aa9a-f4241aec0a1f1657518671703BerrylushNavyBlueSelf-DesignBlingitOnSkirt4.jpg,http://assets.myntassets.com/assets/images/17367638/2022/7/11/6eed844a-5c48-4bb5-93db-4fdee5bc03f81657518671712BerrylushNavyBlueSelf-DesignBlingitOnSkirt5.jpg",
17299116.0,skirts,Women,Clora Creation,Black & Gold-Toned Ethnic Motifs Print Rayon Ethnic Flared Maxi Skirt,Colour: Black and gold-tonedEthnic Motifs printMaxi length with flared hemKnittedDrawstring closure,Viscose Rayon,Viscose Rayon. Hand wash,Printed,,,,Ethnic,Drawstring,Maxi,0,0,1599,60,"""竄ｹ639.00""",INR,http://assets.myntassets.com/assets/images/17299116/2022/2/25/f6bd910d-9a71-4321-bd0a-e49987c372991645794194301CloraBlackPrintedRayonMaxiSkirt1.jpg,"http://assets.myntassets.com/assets/images/17299116/2022/2/25/f6bd910d-9a71-4321-bd0a-e49987c372991645794194301CloraBlackPrintedRayonMaxiSkirt1.jpg,http://assets.myntassets.com/assets/images/17299116/2022/2/25/ac8d9d4b-50fc-4b26-9ee9-ffe321d109e11645794194278CloraBlackPrintedRayonMaxiSkirt2.jpg,http://assets.myntassets.com/assets/images/17299116/2022/2/25/3485b7a8-41dc-46bb-9490-e0d55af27f221645794194290CloraBlackPrintedRayonMaxiSkirt3.jpg,http://assets.myntassets.com/assets/images/17299116/2022/2/25/dd29b4b3-15b4-44c0-a24d-81ad1b277eb91645794194265CloraBlackPrintedRayonMaxiSkirt4.jpg,http://assets.myntassets.com/assets/images/17299116/2022/2/25/cd817b5e-0526-4401-bc2b-81e923703f771645794194309CloraBlackPrintedRayonMaxiSkirt5.jpg",
17306258.0,skirts,Women,Purple Feather,Women Solid Midi Pencil Skirt,"Peach solid Pencil midi skirt has a waistband with zipper closure on the back, and back slit",Polyester,"96% Polyester, 4% Spandex. Machine wash",Solid,,,,Casual,Zip,Midi,4.2,81,1499,71,"""竄ｹ434.00""",INR,http://assets.myntassets.com/assets/images/17306258/2022/2/26/a5218ae4-d7f5-45f4-90a4-576ad19f83f61645848627486Skirts1.jpg,"http://assets.myntassets.com/assets/images/17306258/2022/2/26/a5218ae4-d7f5-45f4-90a4-576ad19f83f61645848627486Skirts1.jpg,http://assets.myntassets.com/assets/images/17306258/2022/2/26/154354e7-59e1-413f-8404-67ade00d1c261645848627463Skirts2.jpg,http://assets.myntassets.com/assets/images/17306258/2022/2/26/222ab51b-4a60-4b71-b861-526354a8e7451645848627430Skirts4.jpg,http://assets.myntassets.com/assets/images/17306258/2022/2/26/70b8bf5e-a036-4eb2-b4ad-1582b4c602491645848627451Skirts5.jpg,http://assets.myntassets.com/assets/images/17306258/2022/2/26/b27b9720-a3ea-4a38-aac1-33d16c1f93b31645848627474Skirts6.jpg,http://assets.myntassets.com/assets/images/17306258/2022/2/26/b7f6799a-479c-478d-bc2a-c547d4f0e7551645848627442Skirts7.jpg",
17332132.0,skirts,Women,Mayra,Women Pink Solid Accordion Pleated Flared Maxi Skirt,"Pink solid accordion-pleated woven flared midi skirt, has an elasticated waistband with slip-on closure, an attached lining, and flared hem",Polyester,Polyester. Handwash or Dry clean Only,Solid,,,,Casual,Slip-On,Maxi,3.8,13,1895,70,"""竄ｹ568.00""",INR,http://assets.myntassets.com/assets/images/17332132/2022/2/28/ac565b2d-85ee-44ee-9616-e21ab5f4f5e51646054566322Skirts1.jpg,"http://assets.myntassets.com/assets/images/17332132/2022/2/28/ac565b2d-85ee-44ee-9616-e21ab5f4f5e51646054566322Skirts1.jpg,http://assets.myntassets.com/assets/images/17332132/2022/2/28/02529691-5352-4731-bd2a-8097a04ebf0e1646054566346Skirts2.jpg,http://assets.myntassets.com/assets/images/17332132/2022/2/28/e1a7dcf9-82d0-47c3-b525-d1e56490204d1646054566280Skirts3.jpg,http://assets.myntassets.com/assets/images/17332132/2022/2/28/41fee3ba-ac5a-402e-98af-16170332ae711646054566308Skirts4.jpg,http://assets.myntassets.com/assets/images/17332132/2022/2/28/0c424547-66e0-4d42-9c6f-aeafe2bd66bb1646054566334Skirts5.jpg,http://assets.myntassets.com/assets/images/17332132/2022/2/28/80a61780-881b-486c-94c3-4ca48e5672ec1646054566294Skirts6.jpg",
17367634.0,skirts,Women,Berrylush,Black Animal Printed Wrap it Up Skirt,"Make a stellar style statement when you step out donning this chic skirt. It is tailored to perfection and features an appealing animal print and a lovely tulip hemline. Black toneTrendy animal printTulip hemlineMini lengthPolyester, machine washTrend AlertBeautiful and flattering, wrap and tie-up details highlight various ensembles and can be styled up or down. They are further adorned with interesting key features, such as plunge necklines, sheer, flutter sleeves, ruffles, spaghetti straps, and more.",Polyester,Polyester. Machine Wash,Printed,,,,Party,Slip-On,Mini,4.3,43,1399,74,"""竄ｹ363.00""",INR,http://assets.myntassets.com/assets/images/17367634/2022/7/8/fe000334-56ee-4b18-baf7-9fb662711be11657273240759-Berrylush-Women-Black-Animal-Allover-Print-Ruffle-Hem-Knot-S-1.jpg,"http://assets.myntassets.com/assets/images/17367634/2022/7/8/fe000334-56ee-4b18-baf7-9fb662711be11657273240759-Berrylush-Women-Black-Animal-Allover-Print-Ruffle-Hem-Knot-S-1.jpg,http://assets.myntassets.com/assets/images/17367634/2022/7/8/fc89cc3e-e487-4d13-8028-06906148f2121657273240740-Berrylush-Women-Black-Animal-Allover-Print-Ruffle-Hem-Knot-S-2.jpg,http://assets.myntassets.com/assets/images/17367634/2022/7/8/3df30e48-17b6-47bc-8102-2602ce922b521657273240719-Berrylush-Women-Black-Animal-Allover-Print-Ruffle-Hem-Knot-S-3.jpg,http://assets.myntassets.com/assets/images/17367634/2022/7/8/aa12a0c6-6411-4646-adb9-09abe34871b91657273240689-Berrylush-Women-Black-Animal-Allover-Print-Ruffle-Hem-Knot-S-4.jpg,http://assets.myntassets.com/assets/images/17367634/2022/7/8/a914bca0-c203-450e-a48a-2b901400a9b21657273240668-Berrylush-Women-Black-Animal-Allover-Print-Ruffle-Hem-Knot-S-5.jpg",
18430170.0,sweaters,Women,Roadster,The  Lifestyle Co. Women Geometric Self Design Pullover,"Geometric self design pullover ,has a round neck, long sleeves, ribbed hem",Acrylic,100% Acrylic. Machine wash,Self Design,,Round Neck,Long Sleeves,Casual,,Regular,4.3,64,1499,47,"""竄ｹ1,499.00""",INR,http://assets.myntassets.com/assets/images/18430170/2022/9/26/72df334e-6b7a-4ece-9a7c-84a8be697b801664194251076-Roadster-Women-Sweaters-8841664194250388-1.jpg,"http://assets.myntassets.com/assets/images/18430170/2022/9/26/72df334e-6b7a-4ece-9a7c-84a8be697b801664194251076-Roadster-Women-Sweaters-8841664194250388-1.jpg,http://assets.myntassets.com/assets/images/18430170/2022/9/26/e046a566-dee9-46f4-96ce-17f2ff3a42d91664194251055-Roadster-Women-Sweaters-8841664194250388-2.jpg,http://assets.myntassets.com/assets/images/18430170/2022/9/26/829b19e3-4440-4596-b2a7-24042b0bf8831664194251035-Roadster-Women-Sweaters-8841664194250388-3.jpg,http://assets.myntassets.com/assets/images/18430170/2022/9/26/11362e27-7718-4b61-96dc-b26f47eb73911664194251014-Roadster-Women-Sweaters-8841664194250388-4.jpg,http://assets.myntassets.com/assets/images/18430170/2022/9/26/9d11aa96-d595-4c04-9da3-2b8d9f17ecce1664194250994-Roadster-Women-Sweaters-8841664194250388-5.jpg,http://assets.myntassets.com/assets/images/18430170/2022/9/26/ffd2cf23-024f-41b5-a088-19ab479742b91664194250974-Roadster-Women-Sweaters-8841664194250388-6.jpg",
10349091.0,sweaters,Men,Monte Carlo,Men Mustard Yellow & Off-White Self Design Sweater,"Mustard Yellow and Off-white self-design sweater, has a round neck, long sleeves, and ribbed hem",Acrylic,"70% Acrylic,30% Merino Wool. Dry-clean",Self Design,,Round Neck,Long Sleeves,Casual,,,4.6,9,2840,,"""竄ｹ1,420.00""",INR,http://assets.myntassets.com/assets/images/10349091/2020/1/2/4356f259-aa87-4f8d-8fbd-f6e9479564ca1577944164105-Monte-Carlo-Men-Mustard-Yellow--Off-White-Self-Design-Sweate-1.jpg,"http://assets.myntassets.com/assets/images/10349091/2020/1/2/4356f259-aa87-4f8d-8fbd-f6e9479564ca1577944164105-Monte-Carlo-Men-Mustard-Yellow--Off-White-Self-Design-Sweate-1.jpg,http://assets.myntassets.com/assets/images/10349091/2020/1/2/69ffeb69-ff4f-4259-957a-2b7e61588e571577944164054-Monte-Carlo-Men-Mustard-Yellow--Off-White-Self-Design-Sweate-2.jpg,http://assets.myntassets.com/assets/images/10349091/2020/1/2/a94612f2-d323-43fb-94c6-b2cb2131562e1577944163995-Monte-Carlo-Men-Mustard-Yellow--Off-White-Self-Design-Sweate-3.jpg,http://assets.myntassets.com/assets/images/10349091/2020/1/2/3c927351-06b6-4dee-894d-34b3a335e0741577944163951-Monte-Carlo-Men-Mustard-Yellow--Off-White-Self-Design-Sweate-4.jpg,http://assets.myntassets.com/assets/images/10349091/2020/1/2/04e0eef3-d719-4260-9e5e-aa2e94a3342e1577944163908-Monte-Carlo-Men-Mustard-Yellow--Off-White-Self-Design-Sweate-5.jpg,http://assets.myntassets.com/assets/images/10349091/2020/1/2/5e76f40d-2687-455d-b578-bf67109565aa1577944163857-Monte-Carlo-Men-Mustard-Yellow--Off-White-Self-Design-Sweate-6.jpg,http://assets.myntassets.com/assets/images/10349091/2020/1/2/5f713bed-7216-49fc-9453-d0fa69cc60231577944163796-Monte-Carlo-Men-Mustard-Yellow--Off-White-Self-Design-Sweate-7.jpg",
20033282.0,sweaters,Women,RVK,Women Navy Blue Ribbed Pullover,"Navy blue ribbed pullover ,has a turtle neck,  na pockets, long sleeves,  straight hem",Acrylic,HAND WASH ACRYLIC,Ribbed,,Turtle Neck,Long Sleeves,Casual,,Regular,3.7,3,999,20,"""竄ｹ799.00""",INR,http://assets.myntassets.com/assets/images/20033282/2022/9/16/7ae2dae5-1663-4457-8a32-9e92cd6b95811663347742942RVKWomenNavyBlueRibbedPullover1.jpg,"http://assets.myntassets.com/assets/images/20033282/2022/9/16/7ae2dae5-1663-4457-8a32-9e92cd6b95811663347742942RVKWomenNavyBlueRibbedPullover1.jpg,http://assets.myntassets.com/assets/images/20033282/2022/9/16/b84cc2ed-45cc-4001-83bc-df469708f9731663347742950RVKWomenNavyBlueRibbedPullover2.jpg,http://assets.myntassets.com/assets/images/20033282/2022/9/16/f86271c1-c04c-43b0-8dc6-9cb7a751ea0d1663347742911RVKWomenNavyBlueRibbedPullover3.jpg,http://assets.myntassets.com/assets/images/20033282/2022/9/16/63edf3af-3562-46f8-a4b3-8fbd2e7283af1663347742924RVKWomenNavyBlueRibbedPullover4.jpg,http://assets.myntassets.com/assets/images/20033282/2022/9/16/f0494a5b-4f96-474a-b782-c436d2cdab131663347742933RVKWomenNavyBlueRibbedPullover5.jpg,http://assets.myntassets.com/assets/images/20033282/2022/9/16/ae7f42fe-6340-41cf-941c-23d6673f7df11663347742958RVKWomenNavyBlueRibbedPullover6.jpg",
10135715.0,sweaters,Women,Mast & Harbour,Women Red Solid Pullover Sweater,"Red solid pullover sweater, has a round neck, long sleeves, and ribbed hem",Viscose Rayon,"Material: 80% viscose, 20% nylon. Machine-wash",Solid,,Round Neck,Long Sleeves,Casual,,,4,213,1599,68,"""竄ｹ511.00""",INR,http://assets.myntassets.com/assets/images/10135715/2019/11/21/79fb9cf1-1e5e-4ad8-944c-a76c7f0d3d421574313350720-Mast--Harbour-Women-Sweaters-2451574313349335-1.jpg,"http://assets.myntassets.com/assets/images/10135715/2019/11/21/79fb9cf1-1e5e-4ad8-944c-a76c7f0d3d421574313350720-Mast--Harbour-Women-Sweaters-2451574313349335-1.jpg,http://assets.myntassets.com/assets/images/10135715/2019/11/21/4ed9a3be-8b87-45b2-8f0a-40c2288546b11574313350685-Mast--Harbour-Women-Sweaters-2451574313349335-2.jpg,http://assets.myntassets.com/assets/images/10135715/2019/11/21/7db56ffb-122a-4af3-a1b9-7522a1a2ed0b1574313350649-Mast--Harbour-Women-Sweaters-2451574313349335-3.jpg,http://assets.myntassets.com/assets/images/10135715/2019/11/21/1b60d214-f528-4c44-b3d0-fecd70ff726d1574313350612-Mast--Harbour-Women-Sweaters-2451574313349335-4.jpg,http://assets.myntassets.com/assets/images/10135715/2019/11/21/68f9fb74-65e0-4d58-ba4d-ca4250f865491574313350575-Mast--Harbour-Women-Sweaters-2451574313349335-5.jpg",
21296678.0,sweaters,Women,Marks & Spencer,Women Acrylic Printed Pullover,"Printed pullover ,has a round neck, long sleeves, ribbed hem",Acrylic,Acrylic&nbsp;. Machine Wash,Printed,,Round Neck,Long Sleeves,Casual,,Regular,4.6,22,3999,60,"""竄ｹ3,399.00""",INR,http://assets.myntassets.com/assets/images/21296678/2022/12/23/585e5ad6-5e79-4451-8dec-baf312c4a9231671809437091Sweaters1.jpg,"http://assets.myntassets.com/assets/images/21296678/2022/12/23/585e5ad6-5e79-4451-8dec-baf312c4a9231671809437091Sweaters1.jpg,http://assets.myntassets.com/assets/images/21296678/2022/12/23/c921e69f-6417-4680-b1dd-771f73ae62681671809437078Sweaters2.jpg,http://assets.myntassets.com/assets/images/21296678/2022/12/23/4adc4a4b-6473-4293-92a4-0acf6c676a3a1671809437100Sweaters3.jpg,http://assets.myntassets.com/assets/images/21296678/2022/12/23/83131775-dab1-4481-85b9-c6ef2d5418c21671809437058Sweaters4.jpg,http://assets.myntassets.com/assets/images/21296678/2022/12/23/813c1c40-b9b2-442b-aea9-df2a7e28ac9b1671809437067Sweaters5.jpg",
20721298.0,sweaters,Girls,Juniors by Lifestyle,Girls Peach With Embellished Detail Sweater,Peach-coloured solid embellished front-openhas a round necklong sleevesbutton closureribbed hem,Acrylic,Acrylic. Machine Wash,Solid,,Round Neck,Long Sleeves,Casual,Button,Regular,4.7,9,599,35,"""竄ｹ599.00""",INR,http://assets.myntassets.com/assets/images/20721298/2022/11/12/37ed044d-0d6f-46ff-96a7-eb8df54e7b031668232127570Sweaters1.jpg,"http://assets.myntassets.com/assets/images/20721298/2022/11/12/37ed044d-0d6f-46ff-96a7-eb8df54e7b031668232127570Sweaters1.jpg,http://assets.myntassets.com/assets/images/20721298/2022/11/12/811f84e1-9dc6-44c3-a60b-f23ba217e6331668232127597Sweaters2.jpg,http://assets.myntassets.com/assets/images/20721298/2022/11/12/2d383f55-1c5e-458d-ad31-9ab09df948641668232127579Sweaters3.jpg,http://assets.myntassets.com/assets/images/20721298/2022/11/12/75f2c4e9-bab9-4fd8-8373-50d61785c6c21668232127588Sweaters4.jpg",
19432310.0,sweaters,Men,Marks & Spencer,Men Teal Blue Solid Pullover,"Teal blue solid pullover ,has a v-neck, long sleeves, ribbed hem",Wool,100% wool. Machine wash,Solid,,V-Neck,Long Sleeves,Casual,,Regular,4.2,14,3999,60,"""竄ｹ3,999.00""",INR,http://assets.myntassets.com/assets/images/19432310/2022/9/21/eefb71b8-9b24-4143-b686-ce2cc1437f441663758983747-Marks--Spencer-Men-Sweaters-6931663758983317-1.jpg,"http://assets.myntassets.com/assets/images/19432310/2022/9/21/eefb71b8-9b24-4143-b686-ce2cc1437f441663758983747-Marks--Spencer-Men-Sweaters-6931663758983317-1.jpg,http://assets.myntassets.com/assets/images/19432310/2022/9/21/1e59cfa0-8771-473c-a2c9-accd8ec228281663758983728-Marks--Spencer-Men-Sweaters-6931663758983317-2.jpg,http://assets.myntassets.com/assets/images/19432310/2022/9/21/88ae91ff-d814-47cf-af6e-720240c9e5301663758983708-Marks--Spencer-Men-Sweaters-6931663758983317-3.jpg,http://assets.myntassets.com/assets/images/19432310/2022/9/21/fecb110b-2ed6-4045-b5e8-40d5c6fd9cda1663758983689-Marks--Spencer-Men-Sweaters-6931663758983317-4.jpg,http://assets.myntassets.com/assets/images/19432310/2022/9/21/5714649c-787a-4a46-b3ef-0f16b7a9f1141663758983668-Marks--Spencer-Men-Sweaters-6931663758983317-5.jpg",
11843058.0,sweaters,Women,MANGO,Women Mustard Yellow Self Design Pullover Sweater,"Mustard yellow self-design pullover sweater, has a round neck, long sleeves, and straight hem",Viscose Rayon,"Material: 62% Viscose Rayon, 38% nylon&nbsp;. Machine Wash",Self Design,,Round Neck,Long Sleeves,Casual,,Regular,4.3,9,2590,25,"""竄ｹ2,590.00""",INR,http://assets.myntassets.com/assets/images/11843058/2020/6/3/f0cb4bc3-7e13-44f8-8a38-410f797e01321591175277214TrousersMANGOMANMenJumpsuitMANGOWomenSkirtsMANGOWomenTrouser1.jpg,"http://assets.myntassets.com/assets/images/11843058/2020/6/3/f0cb4bc3-7e13-44f8-8a38-410f797e01321591175277214TrousersMANGOMANMenJumpsuitMANGOWomenSkirtsMANGOWomenTrouser1.jpg,http://assets.myntassets.com/assets/images/11843058/2020/6/3/1bf99c59-bcdc-4240-baa8-2c56c85070061591175277270TrousersMANGOMANMenJumpsuitMANGOWomenSkirtsMANGOWomenTrouser2.jpg,http://assets.myntassets.com/assets/images/11843058/2020/6/3/a5bea665-46de-474b-908f-86601ce8d3ab1591175277328TrousersMANGOMANMenJumpsuitMANGOWomenSkirtsMANGOWomenTrouser3.jpg,http://assets.myntassets.com/assets/images/11843058/2020/6/3/6f5987f7-4efe-4227-8ff6-c346f42bc91b1591175277382TrousersMANGOMANMenJumpsuitMANGOWomenSkirtsMANGOWomenTrouser4.jpg",
14279418.0,sweaters,Women,Harvard,Women White & Navy Blue Striped Pullover,"White and navy blue striped pullover ,has a round neck, long sleeves, ribbed hem",Viscose Rayon,80% Viscose rayon and 20% Nylon. Machine wash,Striped,,Round Neck,Long Sleeves,Casual,,Regular,3.9,48,1799,,"""竄ｹ1,799.00""",INR,http://assets.myntassets.com/assets/images/14279418/2021/12/2/841d4c69-8715-44de-ac45-4095756f857e1638440802369-Harvard-Women-Sweaters-4541638440801256-3.jpg,"http://assets.myntassets.com/assets/images/14279418/2021/12/2/841d4c69-8715-44de-ac45-4095756f857e1638440802369-Harvard-Women-Sweaters-4541638440801256-3.jpg,http://assets.myntassets.com/assets/images/14279418/2021/12/2/5f1f760a-8a37-4002-9926-819cc81472bd1638442089691-Harvard-Women-Sweaters-1571638442089598-2.jpg,http://assets.myntassets.com/assets/images/14279418/2021/12/2/5140e30e-58d0-4dfc-b68a-128d4febb9aa1638440802389-Harvard-Women-Sweaters-4541638440801256-1.jpg,http://assets.myntassets.com/assets/images/14279418/2021/12/2/45585b80-5d75-4850-a293-53838d8a43151638440802359-Harvard-Women-Sweaters-4541638440801256-4.jpg,http://assets.myntassets.com/assets/images/14279418/2021/12/2/e8819303-caa1-4c38-acaf-1691bf0faf271638440802351-Harvard-Women-Sweaters-4541638440801256-5.jpg,http://assets.myntassets.com/assets/images/banner2022/9/27/50ed8d55-a39b-416e-86e6-24daaa2eab091664274932440-15.jpg",
14335774.0,sweaters,Men,INVICTUS,Men Black Solid Pullover,"Black solid pullover ,has a round neck,  long sleeves,  ribbed hem",Acrylic,100% Acrylic. Machine wash,Solid,,Round Neck,Long Sleeves,Casual,,Regular,3.6,205,1699,,"""竄ｹ1,699.00""",INR,http://assets.myntassets.com/assets/images/14335774/2021/11/11/8fc62d95-2e3b-433a-af19-b43ea112f4ff1636606741505-INVICTUS-Men-Sweaters-2091636606741014-1.jpg,"http://assets.myntassets.com/assets/images/14335774/2021/11/11/8fc62d95-2e3b-433a-af19-b43ea112f4ff1636606741505-INVICTUS-Men-Sweaters-2091636606741014-1.jpg,http://assets.myntassets.com/assets/images/14335774/2021/11/11/2353fdaa-c9fa-4004-861b-355313dbf1351636606741482-INVICTUS-Men-Sweaters-2091636606741014-2.jpg,http://assets.myntassets.com/assets/images/14335774/2021/11/11/7fe6ff00-873b-47f2-8e44-8de12f60d9b31636606741462-INVICTUS-Men-Sweaters-2091636606741014-3.jpg,http://assets.myntassets.com/assets/images/14335774/2021/11/11/5d6dc71a-7b12-4366-9c6e-f8af0e9bf4bf1636606741442-INVICTUS-Men-Sweaters-2091636606741014-4.jpg,http://assets.myntassets.com/assets/images/14335774/2021/11/11/b3e02d39-a206-4705-9d39-60cd7ac213611636606741422-INVICTUS-Men-Sweaters-2091636606741014-5.jpg",
20712132.0,sweaters,Women,Trendyol,Women Purple Acrylic Pullover Sweater,"Purple solid pullover ,has a turtle neck,  long sleeves,  ribbed hem",Acrylic,Acrylic. Machine Wash,Solid,,Turtle Neck,Long Sleeves,Casual,,Regular,4.4,5,3599,10,"""竄ｹ3,599.00""",INR,http://assets.myntassets.com/assets/images/20712132/2022/11/11/f4269d1e-f58b-46df-8c4c-80ee66291fdd1668166794465Jumpsuit1.jpg,"http://assets.myntassets.com/assets/images/20712132/2022/11/11/f4269d1e-f58b-46df-8c4c-80ee66291fdd1668166794465Jumpsuit1.jpg,http://assets.myntassets.com/assets/images/20712132/2022/11/11/614ada3a-93e5-4882-b54a-d76d547b1d5f1668166794436Jumpsuit2.jpg,http://assets.myntassets.com/assets/images/20712132/2022/11/11/d552b5b4-ffe1-4329-bd41-293b3e3870f41668166794475Jumpsuit3.jpg,http://assets.myntassets.com/assets/images/20712132/2022/11/11/40c30538-d2d9-4982-995a-b949e7234f341668166794445Jumpsuit4.jpg,http://assets.myntassets.com/assets/images/20712132/2022/11/11/34d18191-5c51-4082-b0ad-57160d7fc03c1668166794456Jumpsuit5.jpg",
11990920.0,sweaters,Women,Roadster,Women Pink Self Design Turtle Neck Pullover Sweater,"Pink self design pullover sweater, has a turtle neck, long puff sleeves, and ribbed hem",Acrylic,Material: 100% Acrylic. Machine Wash,Self Design,,Turtle Neck,Long Sleeves,Casual,,Regular,4.3,179,1699,58,"""竄ｹ1,699.00""",INR,http://assets.myntassets.com/assets/images/11990920/2021/11/30/ee1cd0c8-0a96-4bcc-8950-be577f844c021638263895281-Roadster-Women-Pink-Self-Design-Turtle-Neck-Pullover-Sweater-1.jpg,"http://assets.myntassets.com/assets/images/11990920/2021/11/30/ee1cd0c8-0a96-4bcc-8950-be577f844c021638263895281-Roadster-Women-Pink-Self-Design-Turtle-Neck-Pullover-Sweater-1.jpg,http://assets.myntassets.com/assets/images/11990920/2021/11/30/e521f42b-3b43-4aa5-97df-3c7ea67249661638263895261-Roadster-Women-Pink-Self-Design-Turtle-Neck-Pullover-Sweater-2.jpg,http://assets.myntassets.com/assets/images/11990920/2021/11/30/274315e9-fdb4-4c23-9895-8261bce09dd11638263895241-Roadster-Women-Pink-Self-Design-Turtle-Neck-Pullover-Sweater-3.jpg,http://assets.myntassets.com/assets/images/11990920/2021/11/30/6511d944-e31d-436b-a701-40a13ad51fd81638263895221-Roadster-Women-Pink-Self-Design-Turtle-Neck-Pullover-Sweater-4.jpg,http://assets.myntassets.com/assets/images/11990920/2021/11/30/80464e59-6cd9-4f1c-966c-30e20290218b1638263895202-Roadster-Women-Pink-Self-Design-Turtle-Neck-Pullover-Sweater-5.jpg",
19055422.0,sweaters,Women,Monte Carlo,Women Black Cardigan,"Black solid cardigan ,has a v-neck, long sleeves, button closure, ribbed hem",Wool,Blend Wool. Machine Wash,Solid,,V-Neck,Long Sleeves,Casual,Button,Regular,4.2,18,2080,40,"""竄ｹ2,080.00""",INR,http://assets.myntassets.com/assets/images/19055422/2022/7/11/cffa5398-b25e-4d10-8bdc-db940e2047d41657545066082MonteCarloWomenBlackCardigan1.jpg,"http://assets.myntassets.com/assets/images/19055422/2022/7/11/cffa5398-b25e-4d10-8bdc-db940e2047d41657545066082MonteCarloWomenBlackCardigan1.jpg,http://assets.myntassets.com/assets/images/19055422/2022/7/11/d9e4c719-e0c1-4372-a9b2-f43507b6b2f71657545066108MonteCarloWomenBlackCardigan2.jpg,http://assets.myntassets.com/assets/images/19055422/2022/7/11/ebdd371a-5a1f-48cb-82bf-b10f051cf1931657545066099MonteCarloWomenBlackCardigan3.jpg,http://assets.myntassets.com/assets/images/19055422/2022/7/11/0cb95789-499f-4a49-abd9-cc063889cf0b1657545066090MonteCarloWomenBlackCardigan4.jpg,http://assets.myntassets.com/assets/images/19055422/2022/7/11/275cac99-24a6-4b38-9a43-4588ffee7dc81657545066119MonteCarloWomenBlackCardigan5.jpg,http://assets.myntassets.com/assets/images/19055422/2022/7/11/74d60861-72f4-4af8-9d0a-0fcac509f28f1657545066129MonteCarloWomenBlackCardigan6.jpg",
14280312.0,sweaters,Men,Harvard,Men Burgundy Solid Pullover Sweater,"Burgundy solid pullover sweater, has a mock collar, long sleeves, zip closure, and ribbed hem",Acrylic,100% Acrylic. Machine wash,Solid,,Mock Collar,Long Sleeves,Casual,Zip,Regular,3.9,175,1999,,"""竄ｹ1,999.00""",INR,http://assets.myntassets.com/assets/images/14280312/2021/8/14/a78b1c95-5945-4560-9097-d6fcfcd017fd1628934864377-Harvard-Men-Maroon-Pullover-6721628934863958-1.jpg,"http://assets.myntassets.com/assets/images/14280312/2021/8/14/a78b1c95-5945-4560-9097-d6fcfcd017fd1628934864377-Harvard-Men-Maroon-Pullover-6721628934863958-1.jpg,http://assets.myntassets.com/assets/images/14280312/2021/8/14/5064c313-b2df-4386-b7d9-d9bec59bb2ff1628934864356-Harvard-Men-Maroon-Pullover-6721628934863958-2.jpg,http://assets.myntassets.com/assets/images/14280312/2021/8/14/e47dfd82-ea60-43e9-849e-e500ea62d5f01628934864337-Harvard-Men-Maroon-Pullover-6721628934863958-3.jpg,http://assets.myntassets.com/assets/images/14280312/2021/8/14/c2ee680a-dc65-40cd-b416-8f9ffaafe1cc1628934864318-Harvard-Men-Maroon-Pullover-6721628934863958-4.jpg,http://assets.myntassets.com/assets/images/14280312/2021/8/14/0f20a9fc-5e08-4112-9670-d1579cd41e411628934864298-Harvard-Men-Maroon-Pullover-6721628934863958-5.jpg,http://assets.myntassets.com/assets/images/banner2022/9/27/50ed8d55-a39b-416e-86e6-24daaa2eab091664274932440-15.jpg",
19432716.0,sweaters,Men,Marks & Spencer,Men Navy Blue & Brown Pure Cotton Geometric Self Design Pullover,"Navy blue self design pullover ,has a round neck,  long sleeves,  ribbed hem",Acrylic,Acrylic. Machine Wash,Self Design,,Round Neck,Long Sleeves,Casual,,Regular,3.9,9,2999,60,"""竄ｹ2,999.00""",INR,http://assets.myntassets.com/assets/images/19432716/2022/9/7/91af8681-9e67-4911-aaf7-70eb1cdc682c1662552400868-Marks--Spencer-Men-Navy-Blue--Brown-Pure-Cotton-Geometric-Se-1.jpg,"http://assets.myntassets.com/assets/images/19432716/2022/9/7/91af8681-9e67-4911-aaf7-70eb1cdc682c1662552400868-Marks--Spencer-Men-Navy-Blue--Brown-Pure-Cotton-Geometric-Se-1.jpg,http://assets.myntassets.com/assets/images/19432716/2022/9/7/9f704b1e-4d5e-4ae8-a31c-7736ff7067c91662552400848-Marks--Spencer-Men-Navy-Blue--Brown-Pure-Cotton-Geometric-Se-2.jpg,http://assets.myntassets.com/assets/images/19432716/2022/9/7/8af25fec-09af-4b2c-9044-4397e3a5349d1662552400827-Marks--Spencer-Men-Navy-Blue--Brown-Pure-Cotton-Geometric-Se-3.jpg,http://assets.myntassets.com/assets/images/19432716/2022/9/7/c379115c-5b18-455a-99f7-d6d085dbd6901662552400807-Marks--Spencer-Men-Navy-Blue--Brown-Pure-Cotton-Geometric-Se-4.jpg,http://assets.myntassets.com/assets/images/19432716/2022/9/7/20f06ff7-8937-4bfe-80f0-ac37d47e6b9d1662552400786-Marks--Spencer-Men-Navy-Blue--Brown-Pure-Cotton-Geometric-Se-5.jpg",
14335776.0,sweaters,Men,INVICTUS,Men Olive Green Cable Knit Pullover,"Olive Green self design pullover ,has a round neck, long sleeves, ribbed hem",Acrylic,Acrylic .  Machine wash,Self Design,,Round Neck,Long Sleeves,Casual,,Regular,4,345,2199,35,"""竄ｹ2,199.00""",INR,http://assets.myntassets.com/assets/images/14335776/2021/11/11/1cc5fe81-f71a-4177-9207-ec824cd0a8901636609840731-INVICTUS-Men-Sweaters-4551636609840212-1.jpg,"http://assets.myntassets.com/assets/images/14335776/2021/11/11/1cc5fe81-f71a-4177-9207-ec824cd0a8901636609840731-INVICTUS-Men-Sweaters-4551636609840212-1.jpg,http://assets.myntassets.com/assets/images/14335776/2021/11/11/8c3368e0-acb4-4ecc-ae8d-be66dd8d858b1636609840721-INVICTUS-Men-Sweaters-4551636609840212-2.jpg,http://assets.myntassets.com/assets/images/14335776/2021/11/11/63fe721f-51da-497b-ab77-f3d6ae0f02141636609840712-INVICTUS-Men-Sweaters-4551636609840212-3.jpg,http://assets.myntassets.com/assets/images/14335776/2021/11/11/ab263880-4f52-48cf-b3fc-b945157ef8901636609840703-INVICTUS-Men-Sweaters-4551636609840212-4.jpg,http://assets.myntassets.com/assets/images/14335776/2021/11/11/5d67d791-fe1b-4187-9c6f-f2f8eb5014c21636609840694-INVICTUS-Men-Sweaters-4551636609840212-5.jpg",
11990978.0,sweaters,Women,Roadster,Women Red & Grey Melange Abstract Self Design Pullover Sweater,"Red and Grey Melange Abstract self-design pullover sweater, has a round neck, long sleeves, and ribbed hem",Acrylic,Material: Acrylic.   Machine Wash,Self Design,,Round Neck,Long Sleeves,Casual,,Regular,4.4,302,1999,61,"""竄ｹ1,999.00""",INR,http://assets.myntassets.com/assets/images/11990978/2020/10/30/af0fbb2d-7f31-47e5-9142-0cf1add80d261604053379559-Roadster-Women-Sweaters-2851604053377818-1.jpg,"http://assets.myntassets.com/assets/images/11990978/2020/10/30/af0fbb2d-7f31-47e5-9142-0cf1add80d261604053379559-Roadster-Women-Sweaters-2851604053377818-1.jpg,http://assets.myntassets.com/assets/images/11990978/2020/10/30/1d1c6a2a-7297-43bb-bc18-69c3351f2d2b1604053379512-Roadster-Women-Sweaters-2851604053377818-2.jpg,http://assets.myntassets.com/assets/images/11990978/2020/10/30/538031aa-e7a7-465b-bacd-baf80930bbbd1604053379461-Roadster-Women-Sweaters-2851604053377818-3.jpg,http://assets.myntassets.com/assets/images/11990978/2020/10/30/289d7d1f-8901-461f-b6b5-2b85ebd45a471604053379409-Roadster-Women-Sweaters-2851604053377818-4.jpg,http://assets.myntassets.com/assets/images/11990978/2020/10/30/fcfd0fe5-5021-4b9c-a835-9319d83444ef1604053379350-Roadster-Women-Sweaters-2851604053377818-5.jpg",
11972948.0,sweaters,Men,Mast & Harbour,Men Navy Blue & Grey Melange Colourblocked Pullover,"Navy Blue, grey melange and white colourblocked pullover sweater, has a round neck, long sleeves, and ribbed hem",Acrylic,Material: Acrylic. Machine Wash,Colourblocked,,Round Neck,Long Sleeves,Casual,,Regular,4.1,213,1599,,"""竄ｹ1,599.00""",INR,http://assets.myntassets.com/assets/images/11972948/2020/10/29/6db3d0cc-3b7d-4149-a870-a4d6e35c57fb1603969589471-Mast--Harbour-Men-Sweaters-1271603969587862-1.jpg,"http://assets.myntassets.com/assets/images/11972948/2020/10/29/6db3d0cc-3b7d-4149-a870-a4d6e35c57fb1603969589471-Mast--Harbour-Men-Sweaters-1271603969587862-1.jpg,http://assets.myntassets.com/assets/images/11972948/2020/10/29/d5f0f464-956b-44c2-9704-a4fa186351631603969589412-Mast--Harbour-Men-Sweaters-1271603969587862-2.jpg,http://assets.myntassets.com/assets/images/11972948/2020/10/29/a339843d-4c53-43ff-924f-fc6cd6997ae51603969589360-Mast--Harbour-Men-Sweaters-1271603969587862-3.jpg,http://assets.myntassets.com/assets/images/11972948/2020/10/29/c9b56385-1f94-4642-9ebf-482e8da788571603969589314-Mast--Harbour-Men-Sweaters-1271603969587862-4.jpg,http://assets.myntassets.com/assets/images/11972948/2020/10/29/37f0e0e7-5778-4852-8c47-f1a546df04d91603969589257-Mast--Harbour-Men-Sweaters-1271603969587862-5.jpg",
11990952.0,sweaters,Women,Roadster,Women Red Ribbed Pullover Sweater,"Red ribbed pullover sweater, has a turtle neck, long sleeves, snap button closure, and straight hem",Acrylic,Material: 100% acrylic. Machine Wash,Ribbed,,Turtle Neck,Long Sleeves,Casual,Snap Button,Regular,4.3,449,1699,61,"""竄ｹ1,699.00""",INR,http://assets.myntassets.com/assets/images/11990952/2020/11/18/d5a597bf-bbb7-4d32-8a10-f74e2c3708941605688786022-Roadster-Women-Sweaters-641605688783926-1.jpg,"http://assets.myntassets.com/assets/images/11990952/2020/11/18/d5a597bf-bbb7-4d32-8a10-f74e2c3708941605688786022-Roadster-Women-Sweaters-641605688783926-1.jpg,http://assets.myntassets.com/assets/images/11990952/2020/11/18/2e7c2375-294c-43a7-a62c-ad011f1d43361605688785956-Roadster-Women-Sweaters-641605688783926-2.jpg,http://assets.myntassets.com/assets/images/11990952/2020/11/18/cf52b788-28ba-4ee8-b6af-9f3ecc5149681605688785893-Roadster-Women-Sweaters-641605688783926-3.jpg,http://assets.myntassets.com/assets/images/11990952/2020/11/18/ebce4203-fccf-4388-a528-e404c6bbda341605688785822-Roadster-Women-Sweaters-641605688783926-4.jpg,http://assets.myntassets.com/assets/images/11990952/2020/11/18/a7ed7e88-e32e-4ee7-839f-b275a5923d491605688785762-Roadster-Women-Sweaters-641605688783926-5.jpg",
14280306.0,sweaters,Men,Harvard,Men Olive Green & Blue Striped Pullover Sweater,"Olive Green and blue striped pullover ,has a round neck, long sleeves, ribbed hem",Acrylic,100% Acrylic. Machine wash,Striped,,Round Neck,Long Sleeves,Casual,,Regular,3.7,72,2399,,"""竄ｹ2,399.00""",INR,http://assets.myntassets.com/assets/images/14280306/2021/11/8/46c183fd-3d6e-4b29-bf77-47ec770d3f5f1636361665418-Harvard-Men-Sweaters-9071636361665020-1.jpg,"http://assets.myntassets.com/assets/images/14280306/2021/11/8/46c183fd-3d6e-4b29-bf77-47ec770d3f5f1636361665418-Harvard-Men-Sweaters-9071636361665020-1.jpg,http://assets.myntassets.com/assets/images/14280306/2021/11/8/1ac55bd3-5dc4-4e5f-a63e-0e4c6eef91931636361665399-Harvard-Men-Sweaters-9071636361665020-2.jpg,http://assets.myntassets.com/assets/images/14280306/2021/11/8/5d3cd832-e8b7-4bb7-9572-efaf3cf4ee781636361665380-Harvard-Men-Sweaters-9071636361665020-3.jpg,http://assets.myntassets.com/assets/images/14280306/2021/11/8/930e045f-704f-41e4-9568-849e0deed4dd1636361665357-Harvard-Men-Sweaters-9071636361665020-4.jpg,http://assets.myntassets.com/assets/images/14280306/2021/11/8/ba4664d7-a2b0-4eec-b891-d6d9b7c2d8ce1636361665335-Harvard-Men-Sweaters-9071636361665020-5.jpg,http://assets.myntassets.com/assets/images/banner2022/9/27/50ed8d55-a39b-416e-86e6-24daaa2eab091664274932440-15.jpg",
14280286.0,sweaters,Men,Harvard,Men Grey Melange Acrylic Chevron Pattern Pullover,"Grey melange self design chevron pattern pullover ,has a round neck, long sleeves, ribbed hem",Acrylic,Acrylic .  Hand wash,Self Design,,Round Neck,Long Sleeves,Casual,,Regular,3.3,54,1999,,"""竄ｹ1,999.00""",INR,http://assets.myntassets.com/assets/images/14280286/2021/8/13/5fba6a5e-75c8-48b0-a631-80c8442784511628854179172-Harvard-Men-Sweaters-9591628854178574-1.jpg,"http://assets.myntassets.com/assets/images/14280286/2021/8/13/5fba6a5e-75c8-48b0-a631-80c8442784511628854179172-Harvard-Men-Sweaters-9591628854178574-1.jpg,http://assets.myntassets.com/assets/images/14280286/2021/8/13/01d1561a-53bb-416d-98d8-fd714d9ece811628854179154-Harvard-Men-Sweaters-9591628854178574-2.jpg,http://assets.myntassets.com/assets/images/14280286/2021/8/13/373a78f8-c919-4885-98e6-8b3d99f1d64b1628854179134-Harvard-Men-Sweaters-9591628854178574-3.jpg,http://assets.myntassets.com/assets/images/14280286/2021/8/13/98508791-69b4-4944-aea4-3253f7779d301628854179116-Harvard-Men-Sweaters-9591628854178574-4.jpg,http://assets.myntassets.com/assets/images/14280286/2021/8/13/86bfefcb-c051-4585-a206-08f2c4e2063c1628854179095-Harvard-Men-Sweaters-9591628854178574-5.jpg,http://assets.myntassets.com/assets/images/banner2022/9/27/50ed8d55-a39b-416e-86e6-24daaa2eab091664274932440-15.jpg",
14279412.0,sweaters,Women,Harvard,Women Grey Extended Sleeve Pullover,"Grey solid pullover ,has a round neck,  long sleeves,  ribbed hem",Viscose Rayon,80% Viscose rayon and 20% nylon. Machine wash,Solid,,Round Neck,Long Sleeves,Casual,,Regular,4.2,47,1899,61,"""竄ｹ1,899.00""",INR,http://assets.myntassets.com/assets/images/14279412/2021/11/2/efe50b11-e00e-4907-9d89-4a3ff0f50d2a1635856151691-Harvard-Women-Sweaters-5891635856150863-1.jpg,"http://assets.myntassets.com/assets/images/14279412/2021/11/2/efe50b11-e00e-4907-9d89-4a3ff0f50d2a1635856151691-Harvard-Women-Sweaters-5891635856150863-1.jpg,http://assets.myntassets.com/assets/images/14279412/2021/11/2/a3396681-100c-471c-9e67-3b0ec2c6ae3c1635856593017-Harvard-Women-Sweaters-5561635856592821-2.jpg,http://assets.myntassets.com/assets/images/14279412/2021/11/2/b6f4312c-9a09-4816-9e87-1541315cc2501635856151650-Harvard-Women-Sweaters-5891635856150863-3.jpg,http://assets.myntassets.com/assets/images/14279412/2021/11/2/0ee24be7-d3af-4366-8ecc-a3574b64e4c81635856151627-Harvard-Women-Sweaters-5891635856150863-4.jpg,http://assets.myntassets.com/assets/images/14279412/2021/11/2/c01803d1-001a-4265-a343-f724265d9def1635856592996-Harvard-Women-Sweaters-5561635856592821-5.jpg,http://assets.myntassets.com/assets/images/14279412/2021/11/2/bed40137-f285-4ed5-821c-5b3f2e15adb01635856151582-Harvard-Women-Sweaters-5891635856150863-6.jpg,http://assets.myntassets.com/assets/images/banner2022/9/27/50ed8d55-a39b-416e-86e6-24daaa2eab091664274932440-15.jpg",
18241626.0,sweaters,Women,Roadster,The  Lifestyle Co. Women Maroon & Black Ribbed Acrylic Sweater,"Maroon ribbed sweater, has a turtle neck, long sleeves, ribbed hem",Acrylic,100% Acrylic. Machine wash,Ribbed,,Turtle Neck,Long Sleeves,Casual,,Regular,4.5,25,1699,62,"""竄ｹ645.00""",INR,http://assets.myntassets.com/assets/images/18241626/2022/10/20/6dd34c49-524f-4271-ba5c-8083052bcd3c1666258972152-Roadster-Women-Sweaters-1571666258971695-3.jpg,"http://assets.myntassets.com/assets/images/18241626/2022/10/20/6dd34c49-524f-4271-ba5c-8083052bcd3c1666258972152-Roadster-Women-Sweaters-1571666258971695-3.jpg,http://assets.myntassets.com/assets/images/18241626/2022/10/20/e09a60c7-5c61-4660-ac5b-649d02c80cb71666258972172-Roadster-Women-Sweaters-1571666258971695-2.jpg,http://assets.myntassets.com/assets/images/18241626/2022/10/20/3e8af9ee-b71f-464c-b4d6-a9289ae2e6fa1666258972133-Roadster-Women-Sweaters-1571666258971695-4.jpg,http://assets.myntassets.com/assets/images/18241626/2022/10/20/3f19cc61-8fe2-4cc1-9147-1583ddc9c1d41666258972113-Roadster-Women-Sweaters-1571666258971695-5.jpg,http://assets.myntassets.com/assets/images/18241626/2022/10/20/9fb798fa-1814-45a4-a71d-412c3a1fd4891666258972194-Roadster-Women-Sweaters-1571666258971695-1.jpg",
18241400.0,sweaters,Women,Roadster,Women Black & White Geometric Pullover Sweater,"Black & white geometric self design pullover ,has a turtle neck, long sleeves, ribbed hem",Acrylic,100% Acrylic. Machine wash,Self Design,,Turtle Neck,Long Sleeves,Casual,,Regular,3.8,57,2699,5,"""竄ｹ944.00""",INR,http://assets.myntassets.com/assets/images/18241400/2022/11/4/d8eb49d8-4785-4b6c-9213-27aae98598591667557719770-Roadster-Women-Sweaters-7781667557719240-1.jpg,"http://assets.myntassets.com/assets/images/18241400/2022/11/4/d8eb49d8-4785-4b6c-9213-27aae98598591667557719770-Roadster-Women-Sweaters-7781667557719240-1.jpg,http://assets.myntassets.com/assets/images/18241400/2022/11/4/2d0bd722-4183-4d8a-8d37-e1e256d852841667557719749-Roadster-Women-Sweaters-7781667557719240-2.jpg,http://assets.myntassets.com/assets/images/18241400/2022/11/4/4418ebb9-f2b0-444d-b366-c72bf3f243191667557719728-Roadster-Women-Sweaters-7781667557719240-3.jpg,http://assets.myntassets.com/assets/images/18241400/2022/11/4/dca90183-3d4a-4a2b-8415-5861e13c91311667557719707-Roadster-Women-Sweaters-7781667557719240-4.jpg,http://assets.myntassets.com/assets/images/18241400/2022/11/4/a80e91d9-5f4b-43c0-a5d7-d2d0e21ac1781667557719686-Roadster-Women-Sweaters-7781667557719240-5.jpg",
18241644.0,sweaters,Women,Roadster,The  Lifestyle Co. Women Pink Acrylic Pullover,"Pink solid pullover, has a round neck, long drop-shoulder sleeves with frilled detail, ribbed hem",Acrylic,100% Acrylic. Machine wash,Solid,,Round Neck,Long Sleeves,Casual,,Regular,4.3,55,1999,62,"""竄ｹ759.00""",INR,http://assets.myntassets.com/assets/images/18241644/2022/11/16/d7825bea-f4a2-43c0-9c71-4b940e6fe2361668603278390-Roadster-Women-Sweaters-5651668603277937-1.jpg,"http://assets.myntassets.com/assets/images/18241644/2022/11/16/d7825bea-f4a2-43c0-9c71-4b940e6fe2361668603278390-Roadster-Women-Sweaters-5651668603277937-1.jpg,http://assets.myntassets.com/assets/images/18241644/2022/11/16/84b94cb6-443a-4f00-b125-b836f99bb03c1668603278366-Roadster-Women-Sweaters-5651668603277937-2.jpg,http://assets.myntassets.com/assets/images/18241644/2022/11/16/b8ea8067-c6c1-41ae-8336-b6acb8f2709c1668603278345-Roadster-Women-Sweaters-5651668603277937-3.jpg,http://assets.myntassets.com/assets/images/18241644/2022/11/16/6157e6d0-a5cc-4ba4-bc3b-a3a59505ff631668603278319-Roadster-Women-Sweaters-5651668603277937-4.jpg,http://assets.myntassets.com/assets/images/18241644/2022/11/16/f9f24782-cd51-4d7d-80f7-76d8fa55e3ca1668603278297-Roadster-Women-Sweaters-5651668603277937-5.jpg",
18240570.0,sweaters,Women,all about you,Women Navy Blue & Red Checked Pullover,"Navy blue checked pullover ,has a round neck,  long sleeves,  ribbed hem",Acrylic,Acrylic .  Machine wash,Checked,,Round Neck,Long Sleeves,Casual,,Regular,4.3,53,2499,65,"""竄ｹ874.00""",INR,http://assets.myntassets.com/assets/images/18240570/2022/8/29/9f6f8cf8-879c-49d9-b31e-610476b74a621661758038491-all-about-you-Women-Sweaters-1381661758037919-1.jpg,"http://assets.myntassets.com/assets/images/18240570/2022/8/29/9f6f8cf8-879c-49d9-b31e-610476b74a621661758038491-all-about-you-Women-Sweaters-1381661758037919-1.jpg,http://assets.myntassets.com/assets/images/18240570/2022/8/29/0bdc99d4-1ad9-4f3a-9f94-d67fa60c1b421661758038470-all-about-you-Women-Sweaters-1381661758037919-2.jpg,http://assets.myntassets.com/assets/images/18240570/2022/8/29/dae5bd33-1459-471c-995d-40346d98bfe31661758038448-all-about-you-Women-Sweaters-1381661758037919-3.jpg,http://assets.myntassets.com/assets/images/18240570/2022/8/29/bd7bd66d-5c17-4cf2-bf1f-3164f1ad38251661758038425-all-about-you-Women-Sweaters-1381661758037919-4.jpg,http://assets.myntassets.com/assets/images/18240570/2022/8/29/a7581a31-f24f-4aa6-9efc-f60e70b518641661758038403-all-about-you-Women-Sweaters-1381661758037919-5.jpg",
18240582.0,sweaters,Women,all about you,Women Maroon Cable Knit Pullover,"Maroon self design pullover, has a turtle neck, long sleeves, ribbed hem",Acrylic,Acrylic .  Machine wash,Self Design,,Turtle Neck,Long Sleeves,Casual,,Regular,4.4,39,2499,65,"""竄ｹ874.00""",INR,http://assets.myntassets.com/assets/images/18240582/2022/10/18/a3224a02-4ab9-484e-bbd9-d774771efe971666070993241-all-about-you-Women-Sweaters-1861666070992825-3.jpg,"http://assets.myntassets.com/assets/images/18240582/2022/10/18/a3224a02-4ab9-484e-bbd9-d774771efe971666070993241-all-about-you-Women-Sweaters-1861666070992825-3.jpg,http://assets.myntassets.com/assets/images/18240582/2022/10/18/51dc6500-f7f1-4f55-9821-1aa78ceeda651666070993261-all-about-you-Women-Sweaters-1861666070992825-2.jpg,http://assets.myntassets.com/assets/images/18240582/2022/10/18/8c7423d0-e9d7-4a84-a28a-228fce9a79ca1666070993281-all-about-you-Women-Sweaters-1861666070992825-1.jpg,http://assets.myntassets.com/assets/images/18240582/2022/10/18/304a11b2-a626-4ef9-923c-16c7cb7a02461666070993220-all-about-you-Women-Sweaters-1861666070992825-4.jpg,http://assets.myntassets.com/assets/images/18240582/2022/10/18/f463d286-b47c-468d-b7f4-49667484f16b1666070993200-all-about-you-Women-Sweaters-1861666070992825-5.jpg",
18337610.0,sweaters,Men,Roadster,Men Navy Blue Self-Striped Cardigan,"Navy blue self-striped cardigan, has a mock collar, 2 pockets, long sleeves, zip closure, ribbed hem",Acrylic,Acrylic .  Machine wash,Self Design,,Mock Collar,Long Sleeves,Casual,Zip,Regular,4.3,32,2299,67,"""竄ｹ758.00""",INR,http://assets.myntassets.com/assets/images/18337610/2022/8/18/179bd245-a597-42e2-84f8-c81d17d1e72f1660814335839-Roadster-Men-Navy-Blue-Striped-Cardigan-1311660814335258-1.jpg,"http://assets.myntassets.com/assets/images/18337610/2022/8/18/179bd245-a597-42e2-84f8-c81d17d1e72f1660814335839-Roadster-Men-Navy-Blue-Striped-Cardigan-1311660814335258-1.jpg,http://assets.myntassets.com/assets/images/18337610/2022/8/18/5341df4a-8191-4954-9149-2ab465fa4fd21660814335817-Roadster-Men-Navy-Blue-Striped-Cardigan-1311660814335258-2.jpg,http://assets.myntassets.com/assets/images/18337610/2022/8/18/91fb237d-6f10-4ee9-8295-c424fc92db3a1660814335795-Roadster-Men-Navy-Blue-Striped-Cardigan-1311660814335258-3.jpg,http://assets.myntassets.com/assets/images/18337610/2022/8/18/66852cea-d683-4c0e-95a4-80ed23573a801660814335772-Roadster-Men-Navy-Blue-Striped-Cardigan-1311660814335258-4.jpg,http://assets.myntassets.com/assets/images/18337610/2022/8/18/f8309721-1d74-446f-8d22-9b6fb15fe3651660814335747-Roadster-Men-Navy-Blue-Striped-Cardigan-1311660814335258-5.jpg",
18240902.0,sweaters,Men,Mr Bowerbird,Men Solid Pullover,"Black solid pullover ,has a round neck, long sleeves, ribbed hemComes with a notebook",Cotton,65% Cotton and 35% Nylon. Machine wash,Solid,,Round Neck,Long Sleeves,Casual,,Regular,4,31,3299,64,"""竄ｹ1,187.00""",INR,http://assets.myntassets.com/assets/images/18240902/2022/12/19/95dcb4e4-d9a5-4784-bed8-e5ffc11bfa111671439707316-Mr-Bowerbird-Men-Sweaters-1541671439706743-3.jpg,"http://assets.myntassets.com/assets/images/18240902/2022/12/19/95dcb4e4-d9a5-4784-bed8-e5ffc11bfa111671439707316-Mr-Bowerbird-Men-Sweaters-1541671439706743-3.jpg,http://assets.myntassets.com/assets/images/18240902/2022/12/19/5baf3b48-1735-411c-b430-584c7cf8f2981671439707325-Mr-Bowerbird-Men-Sweaters-1541671439706743-2.jpg,http://assets.myntassets.com/assets/images/18240902/2022/12/19/7884ee80-2eb1-4322-a99e-bfbf9a3595441671439707336-Mr-Bowerbird-Men-Sweaters-1541671439706743-1.jpg,http://assets.myntassets.com/assets/images/18240902/2022/12/19/5613bb94-4df1-4899-ba85-40d90b8c0cb31671439707303-Mr-Bowerbird-Men-Sweaters-1541671439706743-4.jpg,http://assets.myntassets.com/assets/images/18240902/2022/12/19/eefafa1a-4e7f-4f26-85ad-6acbc8cd31981671439707294-Mr-Bowerbird-Men-Sweaters-1541671439706743-5.jpg,http://assets.myntassets.com/assets/images/18240902/2022/12/19/6d61ea79-27bb-4097-afc6-5975ddd4f5001671439707280-Mr-Bowerbird-Men-Sweaters-1541671439706743-6.jpg",
18260060.0,sweaters,Men,Mast & Harbour,Men Navy Blue Self Design Front-Open Sweater,"Navy blue self design front-open sweater, has a mock collar, long sleeves, zip closure, ribbed hem",Acrylic,100% Acrylic. Machine wash,Self Design,,Mock Collar,Long Sleeves,Casual,Zip,Regular,3.7,48,2099,61,"""竄ｹ818.00""",INR,http://assets.myntassets.com/assets/images/18260060/2022/12/7/4aa0804d-9509-4ac8-9237-0f3bd31306b01670404076307-Mast--Harbour-Men-Navy-Blue-Self-Design-Front-Open-Sweater-1-1.jpg,"http://assets.myntassets.com/assets/images/18260060/2022/12/7/4aa0804d-9509-4ac8-9237-0f3bd31306b01670404076307-Mast--Harbour-Men-Navy-Blue-Self-Design-Front-Open-Sweater-1-1.jpg,http://assets.myntassets.com/assets/images/18260060/2022/12/7/90081ed5-0f79-451f-9670-5eb849f26d081670404076296-Mast--Harbour-Men-Navy-Blue-Self-Design-Front-Open-Sweater-1-2.jpg,http://assets.myntassets.com/assets/images/18260060/2022/12/7/456ce44f-0921-4af2-88ae-e22957e2f20c1670404076286-Mast--Harbour-Men-Navy-Blue-Self-Design-Front-Open-Sweater-1-3.jpg,http://assets.myntassets.com/assets/images/18260060/2022/12/7/f2094d46-e2ca-4d1e-8fc8-01e2c54a792e1670404076273-Mast--Harbour-Men-Navy-Blue-Self-Design-Front-Open-Sweater-1-4.jpg,http://assets.myntassets.com/assets/images/18260060/2022/12/7/fbf04078-66ca-4ca1-b996-6feaad0ecbe31670404076258-Mast--Harbour-Men-Navy-Blue-Self-Design-Front-Open-Sweater-1-5.jpg",
18241294.0,sweaters,Women,Roadster,Women Lavender & Off White Striped Pullover,"Lavender striped pullover, has a round neck, long sleeves, ribbed hem",Acrylic,Acrylic .  Machine wash,Striped,,Round Neck,Long Sleeves,Casual,,Regular,4.3,90,1699,5,"""竄ｹ628.00""",INR,http://assets.myntassets.com/assets/images/18241294/2022/9/19/3deb5500-2b41-446f-932a-a616843792ae1663582801588-Roadster-Women-Sweaters-3791663582800952-1.jpg,"http://assets.myntassets.com/assets/images/18241294/2022/9/19/3deb5500-2b41-446f-932a-a616843792ae1663582801588-Roadster-Women-Sweaters-3791663582800952-1.jpg,http://assets.myntassets.com/assets/images/18241294/2022/9/19/de2346ca-9eef-4620-8e4f-f6ff28ca605c1663582801567-Roadster-Women-Sweaters-3791663582800952-2.jpg,http://assets.myntassets.com/assets/images/18241294/2022/9/19/d0bad68c-46e8-40d7-99e6-ad87a5fff9371663582801545-Roadster-Women-Sweaters-3791663582800952-3.jpg,http://assets.myntassets.com/assets/images/18241294/2022/9/19/7f0b710b-4e7e-42e0-a814-28278c9e79b71663582801523-Roadster-Women-Sweaters-3791663582800952-4.jpg,http://assets.myntassets.com/assets/images/18241294/2022/9/19/b879759b-43ec-4541-bccd-fb3d4fbfbdd41663582801501-Roadster-Women-Sweaters-3791663582800952-5.jpg",
18180102.0,sweaters,Men,INVICTUS,Men Navy Blue & White Striped Acrylic Pullover,"Navy blue striped pullover, has a round neck, long regular sleeves, ribbed hem, and knitted fabric",Acrylic,100% Acrylic. Machine wash,Striped,,Round Neck,Long Sleeves,Casual,,Regular,4,45,1698,35,"""竄ｹ1,103.00""",INR,http://assets.myntassets.com/assets/images/18180102/2022/11/10/1a21010a-6605-4c38-96ea-c14b1f192bb91668062933124-INVICTUS-Men-Blue--White-Striped-Striped-Pullover-7681668062-1.jpg,"http://assets.myntassets.com/assets/images/18180102/2022/11/10/1a21010a-6605-4c38-96ea-c14b1f192bb91668062933124-INVICTUS-Men-Blue--White-Striped-Striped-Pullover-7681668062-1.jpg,http://assets.myntassets.com/assets/images/18180102/2022/11/10/908a30fc-da39-4705-839b-4c515bc8228a1668062933103-INVICTUS-Men-Blue--White-Striped-Striped-Pullover-7681668062-2.jpg,http://assets.myntassets.com/assets/images/18180102/2022/11/10/b5f87b22-bcdf-4c15-9a55-9d320458407d1668062933084-INVICTUS-Men-Blue--White-Striped-Striped-Pullover-7681668062-3.jpg,http://assets.myntassets.com/assets/images/18180102/2022/11/10/6c93642e-5a1a-4cdc-b145-8e533fa34bc31668062933062-INVICTUS-Men-Blue--White-Striped-Striped-Pullover-7681668062-4.jpg,http://assets.myntassets.com/assets/images/18180102/2022/11/10/fc00eade-5208-4271-b60a-33a84b3a931e1668062933040-INVICTUS-Men-Blue--White-Striped-Striped-Pullover-7681668062-5.jpg",
18241298.0,sweaters,Women,Roadster,The  Lifestyle Co. Women Lavender Self-Design Acrylic Sweater,"Lavender self design sweater, has a round neck, long sleeves, ribbed hem",Acrylic,100% Acrylic. Machine wash,Self Design,,Round Neck,Long Sleeves,Casual,,Regular,4.3,59,1999,70,"""竄ｹ699.00""",INR,http://assets.myntassets.com/assets/images/18241298/2022/11/7/af9baeec-0e2f-4f94-a121-4194fd773f4d1667815475599-Roadster-Women-Sweaters-4721667815475106-1.jpg,"http://assets.myntassets.com/assets/images/18241298/2022/11/7/af9baeec-0e2f-4f94-a121-4194fd773f4d1667815475599-Roadster-Women-Sweaters-4721667815475106-1.jpg,http://assets.myntassets.com/assets/images/18241298/2022/11/7/0c1917c6-a2a1-4185-b592-e2d7f9648bfb1667815475578-Roadster-Women-Sweaters-4721667815475106-2.jpg,http://assets.myntassets.com/assets/images/18241298/2022/11/7/d819e289-bf17-4dc5-8227-ffd966fa70f01667815475558-Roadster-Women-Sweaters-4721667815475106-3.jpg,http://assets.myntassets.com/assets/images/18241298/2022/11/7/0a8eb79a-2648-401d-aae5-6b37fe1e229a1667815475537-Roadster-Women-Sweaters-4721667815475106-4.jpg,http://assets.myntassets.com/assets/images/18241298/2022/11/7/4a146c4e-dd4b-45a3-bbf4-88dc5eca2fc21667815475515-Roadster-Women-Sweaters-4721667815475106-5.jpg",
18260104.0,sweaters,Men,Mast & Harbour,Men Black Solid Cardigan,"Black solidcardigan ,has a round neck, 2 insert pockets, long sleeves, zip closure, ribbed hem",Acrylic,100% Acrylic. Machine wash,Solid,,Round Neck,Long Sleeves,Casual,Zip,Regular,4.5,62,2399,66,"""竄ｹ815.00""",INR,http://assets.myntassets.com/assets/images/18260104/2022/10/3/f9645ce2-4656-4576-bb08-dbf092b9adaa1664775708947-Mast--Harbour-Men-Sweaters-4691664775708590-5.jpg,"http://assets.myntassets.com/assets/images/18260104/2022/10/3/f9645ce2-4656-4576-bb08-dbf092b9adaa1664775708947-Mast--Harbour-Men-Sweaters-4691664775708590-5.jpg,http://assets.myntassets.com/assets/images/18260104/2022/10/3/e1863396-4a45-482a-ad21-50168b0fe8901664775709008-Mast--Harbour-Men-Sweaters-4691664775708590-2.jpg,http://assets.myntassets.com/assets/images/18260104/2022/10/3/ba42896e-95c4-4b32-b47e-ee0fb74af4bf1664775709030-Mast--Harbour-Men-Sweaters-4691664775708590-1.jpg,http://assets.myntassets.com/assets/images/18260104/2022/10/3/390f78c4-98da-4cf9-8ad0-dda7a04581201664775708989-Mast--Harbour-Men-Sweaters-4691664775708590-3.jpg,http://assets.myntassets.com/assets/images/18260104/2022/10/3/47c96a6c-8d0d-4f51-8308-57a12df3ecff1664775708968-Mast--Harbour-Men-Sweaters-4691664775708590-4.jpg",
17154952.0,sweatshirts,Men,V Dot,Men Grey Solid Sweatshirt,"Grey solid sweatshirt has a round neck, long sleeves, straight hem",Cotton,80% Cotton and 20% polyester. Machine wash,Solid,,Round Neck,Long Sleeves,Casual,,Regular,0,0,1999,51,"""竄ｹ979.00""",INR,http://assets.myntassets.com/assets/images/17154952/2022/2/14/8ae361eb-6f92-4682-b3af-b4aaaaa7247e1644849278748VDotMenGreySweatshirt1.jpg,"http://assets.myntassets.com/assets/images/17154952/2022/2/14/8ae361eb-6f92-4682-b3af-b4aaaaa7247e1644849278748VDotMenGreySweatshirt1.jpg,http://assets.myntassets.com/assets/images/17154952/2022/2/14/658788d0-56b0-4aac-b728-2d4f0f41b7a61644849278352VDotMenGreySweatshirt2.jpg,http://assets.myntassets.com/assets/images/17154952/2022/2/14/52fa768f-646d-4fb9-932c-f1c9d1b5fbc41644849278738VDotMenGreySweatshirt3.jpg,http://assets.myntassets.com/assets/images/17154952/2022/2/14/2a9b623e-9a44-4a31-b08e-5d2788ed2fa81644849278649VDotMenGreySweatshirt4.jpg,http://assets.myntassets.com/assets/images/17154952/2022/2/14/5ab3ca3e-3ddd-406b-9b59-fd0bd87ac4311644849278641VDotMenGreySweatshirt5.jpg",
18820948.0,sweatshirts,Men,Tommy Hilfiger,Men White Printed Organic Cotton Sweatshirt,"White printed sweatshirt has a round neck,  long sleeves,  closure, ribbed hem",Organic Cotton,100% Organic Cotton&nbsp;. Machine wash,Printed,,Round Neck,Long Sleeves,Casual,,Regular,4.3,24,5599,40,"""竄ｹ5,599.00""",INR,http://assets.myntassets.com/assets/images/18820948/2022/7/6/c84260ab-d489-406b-85e7-2f1a76ba22151657109909580-Tommy-Hilfiger-Men-Sweatshirts-4831657109909147-1.jpg,"http://assets.myntassets.com/assets/images/18820948/2022/7/6/c84260ab-d489-406b-85e7-2f1a76ba22151657109909580-Tommy-Hilfiger-Men-Sweatshirts-4831657109909147-1.jpg,http://assets.myntassets.com/assets/images/18820948/2022/7/6/9d1ff444-6b18-4770-b387-a2dd15c4838b1657109909572-Tommy-Hilfiger-Men-Sweatshirts-4831657109909147-2.jpg,http://assets.myntassets.com/assets/images/18820948/2022/7/6/e54a5e37-d277-4915-845a-2e948faf97531657109909564-Tommy-Hilfiger-Men-Sweatshirts-4831657109909147-3.jpg,http://assets.myntassets.com/assets/images/18820948/2022/7/6/52494cf3-0295-4145-966e-9757da2673271657109909556-Tommy-Hilfiger-Men-Sweatshirts-4831657109909147-4.jpg,http://assets.myntassets.com/assets/images/18820948/2022/7/6/75e882b5-5db3-485b-bc86-4d021140e29f1657109909546-Tommy-Hilfiger-Men-Sweatshirts-4831657109909147-5.jpg",
18929536.0,sweatshirts,Men,Mast & Harbour,Men Printed Hooded Sweatshirt,"Printed sweatshirt has a hood, 1 kangaroo pocket, long sleeves, ribbed hem",Polyester,100% Polyester. Machine wash,Printed,,Hood,Long Sleeves,Casual,,Regular,3.6,95,1999,,"""竄ｹ1,999.00""",INR,http://assets.myntassets.com/assets/images/18929536/2022/9/29/0cc9d81c-7713-48c5-a044-b797bf6fe5b71664442084108-Mast--Harbour-Men-Sweatshirts-2571664442083750-5.jpg,"http://assets.myntassets.com/assets/images/18929536/2022/9/29/0cc9d81c-7713-48c5-a044-b797bf6fe5b71664442084108-Mast--Harbour-Men-Sweatshirts-2571664442083750-5.jpg,http://assets.myntassets.com/assets/images/18929536/2022/9/29/523e9ec7-6173-4b92-8211-d484d82388cf1664442084135-Mast--Harbour-Men-Sweatshirts-2571664442083750-2.jpg,http://assets.myntassets.com/assets/images/18929536/2022/9/29/be40cbb5-4370-46d9-9d4d-2a27fa58301c1664442084144-Mast--Harbour-Men-Sweatshirts-2571664442083750-1.jpg,http://assets.myntassets.com/assets/images/18929536/2022/9/29/14425ea6-be57-488d-aa2a-42e1067c80a71664442084127-Mast--Harbour-Men-Sweatshirts-2571664442083750-3.jpg,http://assets.myntassets.com/assets/images/18929536/2022/9/29/201722b5-5d6d-40a9-ad4c-37cba978d0931664442084118-Mast--Harbour-Men-Sweatshirts-2571664442083750-4.jpg",
17156676.0,sweatshirts,Men,Thomas Scott,Men Green  Sustainable Sweatshirt,"Green solid sweatshirt has a mock collar,  2 insert pocket pockets, long sleeves,  zip closure, straight hem",Polyester,100% Polyester. Machine Wash,Solid,,Mock Collar,Long Sleeves,Casual,Zip,Regular,3.6,20,4799,85,"""竄ｹ4,799.00""",INR,http://assets.myntassets.com/assets/images/17156676/2022/2/15/53111749-22d3-4cab-bbe1-1f0d3b2572591644906902541ThomasScottMenGreenSweatshirt1.jpg,"http://assets.myntassets.com/assets/images/17156676/2022/2/15/53111749-22d3-4cab-bbe1-1f0d3b2572591644906902541ThomasScottMenGreenSweatshirt1.jpg,http://assets.myntassets.com/assets/images/17156676/2022/2/15/fcb21a39-a549-4a09-8a37-128253f110a41644906902025ThomasScottMenGreenSweatshirt2.jpg,http://assets.myntassets.com/assets/images/17156676/2022/2/15/0a69ec47-7361-4abf-8a93-6f69041371b91644906902414ThomasScottMenGreenSweatshirt3.jpg,http://assets.myntassets.com/assets/images/17156676/2022/2/15/a7e5d297-bdcf-42dc-a765-a0d3e1f6e0011644906902404ThomasScottMenGreenSweatshirt4.jpg,http://assets.myntassets.com/assets/images/17156676/2022/2/15/3d640211-d556-4710-afd7-adf5e036dace1644906902383ThomasScottMenGreenSweatshirt5.jpg,http://assets.myntassets.com/assets/images/17156676/2022/2/15/27742cb9-b127-4fb2-a9ec-db566c0be1791644906902392ThomasScottMenGreenSweatshirt6.jpg,http://assets.myntassets.com/assets/images/17156676/2022/2/15/db5648be-e320-420f-8f18-0e56bbdcb9061644906902634ThomasScottMenGreenSweatshirt7.jpg",
18825046.0,sweatshirts,Men,Tommy Hilfiger,Men Red Printed Hooded Organic Cotton Sweatshirt,"Red printed sweatshirt has a hooded,  1 kangaroo pocket pockets, long sleeves,  closure, ribbed hem",Organic Cotton,100% Organic Cotton. Machine Wash,Printed,,Hood,Long Sleeves,Casual,,Regular,4.2,29,4599,40,"""竄ｹ4,599.00""",INR,http://assets.myntassets.com/assets/images/18825046/2022/7/6/413d0bd1-751c-44e4-8ab7-219dcfd3a5e91657110021054-Tommy-Hilfiger-Men-Sweatshirts-3501657110020541-1.jpg,"http://assets.myntassets.com/assets/images/18825046/2022/7/6/413d0bd1-751c-44e4-8ab7-219dcfd3a5e91657110021054-Tommy-Hilfiger-Men-Sweatshirts-3501657110020541-1.jpg,http://assets.myntassets.com/assets/images/18825046/2022/7/6/4df54a1a-0c5e-4594-a150-a20b8cf1c7fb1657110021045-Tommy-Hilfiger-Men-Sweatshirts-3501657110020541-2.jpg,http://assets.myntassets.com/assets/images/18825046/2022/7/6/17baaba3-8d4d-46e1-84ec-f48767c3315c1657110021035-Tommy-Hilfiger-Men-Sweatshirts-3501657110020541-3.jpg,http://assets.myntassets.com/assets/images/18825046/2022/7/6/efa8b21f-3c1a-4e33-ab24-0fa725209f021657110021027-Tommy-Hilfiger-Men-Sweatshirts-3501657110020541-4.jpg,http://assets.myntassets.com/assets/images/18825046/2022/7/6/016dbcc5-1c04-4167-b63d-4c73af2bb8071657110021017-Tommy-Hilfiger-Men-Sweatshirts-3501657110020541-5.jpg",
17157846.0,sweatshirts,Men,Thomas Scott,Men Blue  Sustainable Sweatshirt,"Blue solid sweatshirt has a round neckIt comes with long sleeves, closure, straight hem",Polyester,100% Polyester. Machine Wash,Solid,,Round Neck,Long Sleeves,Casual,,Regular,3.5,10,3999,82,"""竄ｹ3,999.00""",INR,http://assets.myntassets.com/assets/images/17157846/2022/2/15/d33a32c9-96e3-4af2-948b-c4b4f466a7371644911440975ThomasScottMenBlueSweatshirt1.jpg,"http://assets.myntassets.com/assets/images/17157846/2022/2/15/d33a32c9-96e3-4af2-948b-c4b4f466a7371644911440975ThomasScottMenBlueSweatshirt1.jpg,http://assets.myntassets.com/assets/images/17157846/2022/2/15/b7518f21-daf2-4232-839a-67190f3ee1591644911440914ThomasScottMenBlueSweatshirt2.jpg,http://assets.myntassets.com/assets/images/17157846/2022/2/15/45b7ab11-3847-4cd9-b8f2-2037ab06d9ce1644911441115ThomasScottMenBlueSweatshirt3.jpg,http://assets.myntassets.com/assets/images/17157846/2022/2/15/882d83d3-c336-48b8-b6a6-1aa6205d86721644911440469ThomasScottMenBlueSweatshirt4.jpg,http://assets.myntassets.com/assets/images/17157846/2022/2/15/c68880b3-e72f-474d-8ff1-181ffd9b4e711644911440862ThomasScottMenBlueSweatshirt5.jpg",
18825174.0,sweatshirts,Men,Tommy Hilfiger,Men Off White Applique Sweatshirt,"Off white solid sweatshirt has a round neck, long sleeves, ribbed hem",Cotton,100% cotton. Machine Wash,Solid,,Round Neck,Long Sleeves,Casual,,Regular,3.2,20,5599,40,"""竄ｹ3,359.00""",INR,http://assets.myntassets.com/assets/images/18825174/2022/7/5/09eb52eb-3141-4dea-803c-0aa32f3c5a001657020636982-Tommy-Hilfiger-Men-Sweatshirts-6161657020636577-1.jpg,"http://assets.myntassets.com/assets/images/18825174/2022/7/5/09eb52eb-3141-4dea-803c-0aa32f3c5a001657020636982-Tommy-Hilfiger-Men-Sweatshirts-6161657020636577-1.jpg,http://assets.myntassets.com/assets/images/18825174/2022/7/5/6ce84686-4352-45f1-a092-3f3a16cdab2f1657020636973-Tommy-Hilfiger-Men-Sweatshirts-6161657020636577-2.jpg,http://assets.myntassets.com/assets/images/18825174/2022/7/5/abc58b42-286c-446d-a201-77dcf5ffc4131657020636963-Tommy-Hilfiger-Men-Sweatshirts-6161657020636577-3.jpg,http://assets.myntassets.com/assets/images/18825174/2022/7/5/428e8e03-8921-4680-a71c-686ff12e398a1657020636955-Tommy-Hilfiger-Men-Sweatshirts-6161657020636577-4.jpg,http://assets.myntassets.com/assets/images/18825174/2022/7/5/96f88bf1-3edd-4769-a132-dcfcb08780101657020636944-Tommy-Hilfiger-Men-Sweatshirts-6161657020636577-5.jpg",
18929548.0,sweatshirts,Men,Mast & Harbour,Men Mint GreenGraphic Printed Sweatshirt,"Product Details:Mint Green printed sweatshirthas a round neck,long sleeves,No closure,ribbed hemTypograpy Graphic print",Cotton,65% Cotton 35% Polyester. Machine wash,Printed,,Round Neck,Long Sleeves,Casual,,Regular,4.4,79,1599,52,"""竄ｹ1,599.00""",INR,http://assets.myntassets.com/assets/images/18929548/2022/11/16/27917dd9-351c-4334-b452-5af7df23475a1668577961136-Mast--Harbour-Men-Mint-GreenGraphic-Printed-Sweatshirt-69716-1.jpg,"http://assets.myntassets.com/assets/images/18929548/2022/11/16/27917dd9-351c-4334-b452-5af7df23475a1668577961136-Mast--Harbour-Men-Mint-GreenGraphic-Printed-Sweatshirt-69716-1.jpg,http://assets.myntassets.com/assets/images/18929548/2022/11/16/42d6348a-9bc9-4943-9e8d-9c86aa6c95611668577961124-Mast--Harbour-Men-Mint-GreenGraphic-Printed-Sweatshirt-69716-2.jpg,http://assets.myntassets.com/assets/images/18929548/2022/11/16/a8cf4f3f-9964-4325-a586-80c4707d9dab1668577961115-Mast--Harbour-Men-Mint-GreenGraphic-Printed-Sweatshirt-69716-3.jpg,http://assets.myntassets.com/assets/images/18929548/2022/11/16/74e9ca32-d124-48ed-beac-14ba3a9c7c8c1668577961102-Mast--Harbour-Men-Mint-GreenGraphic-Printed-Sweatshirt-69716-4.jpg,http://assets.myntassets.com/assets/images/18929548/2022/11/16/b83b579e-f026-47f7-aadb-33b3136a3ec61668577961087-Mast--Harbour-Men-Mint-GreenGraphic-Printed-Sweatshirt-69716-5.jpg",
9867517.0,sweatshirts,Men,ether,Men Green Solid Hooded Sweatshirt,"Green solid sweatshirt, has a hood, long sleeves, a kangaroo pocket, straight hem",Cotton,"80% cotton, 20% polyester. Machine-wash",Solid,,Hood,Long Sleeves,Casual,,Regular,4.1,416,1299,50,"""竄ｹ1,299.00""",INR,http://assets.myntassets.com/assets/images/9867517/2019/10/25/c209ec85-58a3-4e9a-943e-d9b877c091ec1571985314090-ether-Men-Green-Solid-Hooded-Sweatshirt-8011571985311770-1.jpg,"http://assets.myntassets.com/assets/images/9867517/2019/10/25/c209ec85-58a3-4e9a-943e-d9b877c091ec1571985314090-ether-Men-Green-Solid-Hooded-Sweatshirt-8011571985311770-1.jpg,http://assets.myntassets.com/assets/images/9867517/2019/10/25/63e58fdb-7cb0-4b68-9557-bafc13321a401571985314046-ether-Men-Green-Solid-Hooded-Sweatshirt-8011571985311770-2.jpg,http://assets.myntassets.com/assets/images/9867517/2019/10/25/69f21627-9f2c-42c9-bb27-a3db4e61544f1571985313991-ether-Men-Green-Solid-Hooded-Sweatshirt-8011571985311770-3.jpg,http://assets.myntassets.com/assets/images/9867517/2019/10/25/f6e93703-b15d-4de2-91d4-e9e405816f901571985313911-ether-Men-Green-Solid-Hooded-Sweatshirt-8011571985311770-4.jpg,http://assets.myntassets.com/assets/images/9867517/2019/10/25/5fcdf99b-770c-4e33-bdce-a30d7ce8345e1571985313821-ether-Men-Green-Solid-Hooded-Sweatshirt-8011571985311770-5.jpg",
6510138.0,sweatshirts,Men,Roadster,Men Black Solid Hooded Sweatshirt,"Black solid sweatshirt, has a hood, three pockets, long sleeves, zip closure, straight hem",Cotton,Cotton blend. Machine-wash,Solid,,Hood,Long Sleeves,Casual,Zip,Regular,4.3,959,1999,50,"""竄ｹ1,999.00""",INR,http://assets.myntassets.com/assets/images/6510138/2018/8/16/02117710-397d-424c-8155-2efa3cab86ca1534419820535-Roadster-Men-Sweatshirts-5661534419818543-1.jpg,"http://assets.myntassets.com/assets/images/6510138/2018/8/16/02117710-397d-424c-8155-2efa3cab86ca1534419820535-Roadster-Men-Sweatshirts-5661534419818543-1.jpg,http://assets.myntassets.com/assets/images/6510138/2018/8/16/fa87ebb6-9e23-4514-bfe2-bfa9dd54231a1534419820503-Roadster-Men-Sweatshirts-5661534419818543-2.jpg,http://assets.myntassets.com/assets/images/6510138/2018/8/16/d63cf08d-fd07-424b-810c-e12e220413d41534419820454-Roadster-Men-Sweatshirts-5661534419818543-3.jpg,http://assets.myntassets.com/assets/images/6510138/2018/8/16/f1b19303-268e-4f0e-97a0-30fa60ecb7061534419820422-Roadster-Men-Sweatshirts-5661534419818543-4.jpg,http://assets.myntassets.com/assets/images/6510138/2018/8/16/1644093f-b0db-48ab-98d3-e0fb71acf3031534419820389-Roadster-Men-Sweatshirts-5661534419818543-5.jpg",
18071360.0,sweatshirts,Men,ether,Men Olive Green Solid Hooded Sweatshirt,"Olive green solid sweatshirt has a hooded, 1 kangaroo pocket pockets, long sleeves, ribbed hem",Cotton,52% Cotton and 48% Polyester. Machine wash,Solid,,Hood,Long Sleeves,Casual,,Regular,4.2,84,1399,,"""竄ｹ1,399.00""",INR,http://assets.myntassets.com/assets/images/18071360/2022/10/27/f34433b6-07b3-4115-a74b-fb6f06d3a7ab1666849690577-ether-Men-Sweatshirts-1641666849690004-1.jpg,"http://assets.myntassets.com/assets/images/18071360/2022/10/27/f34433b6-07b3-4115-a74b-fb6f06d3a7ab1666849690577-ether-Men-Sweatshirts-1641666849690004-1.jpg,http://assets.myntassets.com/assets/images/18071360/2022/10/27/c764afcf-2e35-4501-aa80-f2507ee734fc1666849690556-ether-Men-Sweatshirts-1641666849690004-2.jpg,http://assets.myntassets.com/assets/images/18071360/2022/10/27/21cfc91e-e8dd-43ec-943c-4cdfac742f591666849690536-ether-Men-Sweatshirts-1641666849690004-3.jpg,http://assets.myntassets.com/assets/images/18071360/2022/10/27/e2ef2c27-92db-4431-a4a8-7b1f434d28a71666849690516-ether-Men-Sweatshirts-1641666849690004-4.jpg,http://assets.myntassets.com/assets/images/18071360/2022/10/27/a14333cd-7590-4bd6-a99d-8db760f553951666849690494-ether-Men-Sweatshirts-1641666849690004-5.jpg",
18825178.0,sweatshirts,Men,Tommy Hilfiger,Men White Brand Logo Printed Hooded Pure Cotton Sweatshirt,Product Details:White printed sweatshirthas a hoodie1 kangaroo pocketlong sleevesDrawcords closurestraight hemBrand Logo Detail,Organic Cotton,100% Cotton. Machine Wash,Printed,,Hood,Long Sleeves,Casual,,Regular,4.3,37,4999,40,"""竄ｹ4,999.00""",INR,http://assets.myntassets.com/assets/images/18825178/2022/10/6/1975a15c-7ac0-4b2c-bbd9-e3b46aa245a61665032012094-Tommy-Hilfiger-Men-Sweatshirts-4391665032011666-1.jpg,"http://assets.myntassets.com/assets/images/18825178/2022/10/6/1975a15c-7ac0-4b2c-bbd9-e3b46aa245a61665032012094-Tommy-Hilfiger-Men-Sweatshirts-4391665032011666-1.jpg,http://assets.myntassets.com/assets/images/18825178/2022/10/6/86ae0e98-c50f-44cb-addb-c0813c6187221665032012086-Tommy-Hilfiger-Men-Sweatshirts-4391665032011666-2.jpg,http://assets.myntassets.com/assets/images/18825178/2022/10/6/ccc412e3-bbf6-4ad7-a592-b15390999e0c1665032012077-Tommy-Hilfiger-Men-Sweatshirts-4391665032011666-3.jpg,http://assets.myntassets.com/assets/images/18825178/2022/10/6/c12bb0af-a0d3-48b4-8905-364e071b9c681665032012069-Tommy-Hilfiger-Men-Sweatshirts-4391665032011666-4.jpg,http://assets.myntassets.com/assets/images/18825178/2022/10/6/71371300-c33c-43e3-b55d-7566b93de14a1665032012059-Tommy-Hilfiger-Men-Sweatshirts-4391665032011666-5.jpg",
18830500.0,sweatshirts,Girls,White Snow,Girls Beige Heart Printed Hooded Sweatshirt,"Beige heart printed sweatshirt with fleece lining, has a hood, 2 kangaroo pocket pockets, long sleeves, zip closure, ribbed hem",Fleece,"52% Polyester, 48% Cotton. Fleece lining. Machine wash",Printed,,Hood,Long Sleeves,Casual,Zip,Regular,4.2,10,1599,60,"""竄ｹ1,599.00""",INR,http://assets.myntassets.com/assets/images/18830500/2022/8/3/22b5915b-d179-4d5b-8f74-a1c3c3c24bd31659527220445-White-Snow-Girls-Beige-Heart-Printed-Hooded-Sweatshirt-81616-1.jpg,"http://assets.myntassets.com/assets/images/18830500/2022/8/3/22b5915b-d179-4d5b-8f74-a1c3c3c24bd31659527220445-White-Snow-Girls-Beige-Heart-Printed-Hooded-Sweatshirt-81616-1.jpg,http://assets.myntassets.com/assets/images/18830500/2022/8/3/4f2e117f-2ca7-45c4-9aa5-5284ccc4c9931659527220436-White-Snow-Girls-Beige-Heart-Printed-Hooded-Sweatshirt-81616-2.jpg,http://assets.myntassets.com/assets/images/18830500/2022/8/3/61769550-8bc5-4a9c-ad74-405f14e0cd9b1659527220427-White-Snow-Girls-Beige-Heart-Printed-Hooded-Sweatshirt-81616-3.jpg,http://assets.myntassets.com/assets/images/18830500/2022/8/3/a60f34e7-88cb-4fc8-bd0a-42a86d2b17891659527220418-White-Snow-Girls-Beige-Heart-Printed-Hooded-Sweatshirt-81616-4.jpg,http://assets.myntassets.com/assets/images/18830500/2022/8/3/b1703d60-e362-44f4-a4a1-7ad55972a7b31659527220408-White-Snow-Girls-Beige-Heart-Printed-Hooded-Sweatshirt-81616-5.jpg,http://assets.myntassets.com/assets/images/18830500/2022/8/3/b7258af9-c95a-4c23-a781-e1b5e2d559251659527220397-White-Snow-Girls-Beige-Heart-Printed-Hooded-Sweatshirt-81616-6.jpg",
9656079.0,sweatshirts,Men,Sztori,Plus Size Men Olive Green  Black Striped Hooded Sweatshirt,"Olive Green and black striped sweatshirt, has a hood, two pockets, long sleeves, zip closure, straight hem",Cotton,100% cotton. Machine-wash,Striped,,Hood,Long Sleeves,Casual,Zip,Regular,4.2,294,2499,50,"""竄ｹ2,499.00""",INR,http://assets.myntassets.com/assets/images/9656079/2019/11/15/b85c718c-3274-40fb-926a-4908641810e71573822540993-Sztori-Men-Sweatshirts-1061573822539105-1.jpg,"http://assets.myntassets.com/assets/images/9656079/2019/11/15/b85c718c-3274-40fb-926a-4908641810e71573822540993-Sztori-Men-Sweatshirts-1061573822539105-1.jpg,http://assets.myntassets.com/assets/images/9656079/2019/11/15/0f6f8724-3e29-4c07-b72a-d528399109da1573822540917-Sztori-Men-Sweatshirts-1061573822539105-2.jpg,http://assets.myntassets.com/assets/images/9656079/2019/11/15/5bd241ea-90ca-4b40-af3c-8e4d785115bb1573822540819-Sztori-Men-Sweatshirts-1061573822539105-3.jpg,http://assets.myntassets.com/assets/images/9656079/2019/11/15/6b6ca598-8b2a-4cf3-894e-9f6b03ef4dcb1573822540765-Sztori-Men-Sweatshirts-1061573822539105-4.jpg,http://assets.myntassets.com/assets/images/9656079/2019/11/15/ce60eedd-2740-436d-b46b-6a3a8a835e191573822540693-Sztori-Men-Sweatshirts-1061573822539105-5.jpg",
20389784.0,sweatshirts,Men,SPYKAR,Men Pink Printed Full Sleeve Hooded Sweatshirt,Pink printed sweatshirthas a hooded2 insert pocketslong sleevesstraight hem,Cotton,Cotton. Machine Wash,Printed,,Hood,Long Sleeves,Casual,,Regular,4.6,9,2999,55,"""竄ｹ2,999.00""",INR,http://assets.myntassets.com/assets/images/20389784/2022/10/14/6f59022c-5327-4cc2-97f6-e5970b483f231665714605267SPYKARMenPinkPrintedHoodedSweatshirt1.jpg,"http://assets.myntassets.com/assets/images/20389784/2022/10/14/6f59022c-5327-4cc2-97f6-e5970b483f231665714605267SPYKARMenPinkPrintedHoodedSweatshirt1.jpg,http://assets.myntassets.com/assets/images/20389784/2022/10/14/90d068e4-59dd-4977-b72e-c93a1c9e85181665714605249SPYKARMenPinkPrintedHoodedSweatshirt2.jpg,http://assets.myntassets.com/assets/images/20389784/2022/10/14/c4078a40-abae-4203-9936-07d78365b9bc1665714605281SPYKARMenPinkPrintedHoodedSweatshirt3.jpg,http://assets.myntassets.com/assets/images/20389784/2022/10/14/05bae505-6fcf-4b07-809c-2ff7150b47e81665714605289SPYKARMenPinkPrintedHoodedSweatshirt4.jpg,http://assets.myntassets.com/assets/images/20389784/2022/10/14/766cba4d-ab26-4ee8-b3fc-4e51a36477e41665714605274SPYKARMenPinkPrintedHoodedSweatshirt5.jpg,http://assets.myntassets.com/assets/images/20389784/2022/10/14/ecd22578-f54d-47b6-8e12-dd611821db9a1665714605260SPYKARMenPinkPrintedHoodedSweatshirt6.jpg",
18820780.0,sweatshirts,Men,Tommy Hilfiger,Men Black Brand Logo Embroidered Round Neck Solid Sweatshirt,Product Details:Black solid sweatshirthas a round necklong sleevesNo closurestraight hemBrand Logo Embroidered,Cotton,"70% Cotton, 30% Polyester. MACHINE WASH",Solid,,Round Neck,Long Sleeves,Casual,,Regular,4,35,4999,40,"""竄ｹ4,999.00""",INR,http://assets.myntassets.com/assets/images/18820780/2022/10/6/b6dca734-fc53-4e7e-b070-33572ff3cd691665030654678-Tommy-Hilfiger-Men-Sweatshirts-7011665030654213-1.jpg,"http://assets.myntassets.com/assets/images/18820780/2022/10/6/b6dca734-fc53-4e7e-b070-33572ff3cd691665030654678-Tommy-Hilfiger-Men-Sweatshirts-7011665030654213-1.jpg,http://assets.myntassets.com/assets/images/18820780/2022/10/6/c827026b-0f84-4c77-9925-a98eacde77a51665030654667-Tommy-Hilfiger-Men-Sweatshirts-7011665030654213-2.jpg,http://assets.myntassets.com/assets/images/18820780/2022/10/6/daf6d7a2-2492-4351-a6a9-8e34c10bd3bf1665030654659-Tommy-Hilfiger-Men-Sweatshirts-7011665030654213-3.jpg,http://assets.myntassets.com/assets/images/18820780/2022/10/6/64b33e81-4cbb-4017-bf68-35723189fb961665030654650-Tommy-Hilfiger-Men-Sweatshirts-7011665030654213-4.jpg,http://assets.myntassets.com/assets/images/18820780/2022/10/6/52297081-93e1-43e2-9683-78390f0c4e8a1665030654640-Tommy-Hilfiger-Men-Sweatshirts-7011665030654213-5.jpg",
18820580.0,sweatshirts,Men,Tommy Hilfiger,Men Navy Blue Solid Hooded Sweatshirt,"Navy blue solid sweatshirt has a hooded,  2 kangaroo pocket pockets, long sleeves,  closure, ribbed hem",Cotton,95%Cotton and 5%Elastane. MACHINE WASH,Solid,,Hood,Long Sleeves,Casual,,Regular,4.2,33,5599,40,"""竄ｹ5,599.00""",INR,http://assets.myntassets.com/assets/images/18820580/2022/7/6/d5615c1f-d2b4-444f-9cf5-98034eb835071657095003914-Tommy-Hilfiger-Men-Sweatshirts-5681657095003364-1.jpg,"http://assets.myntassets.com/assets/images/18820580/2022/7/6/d5615c1f-d2b4-444f-9cf5-98034eb835071657095003914-Tommy-Hilfiger-Men-Sweatshirts-5681657095003364-1.jpg,http://assets.myntassets.com/assets/images/18820580/2022/7/6/8761ad6a-7c90-4f22-98a7-7da54ffa073b1657095003904-Tommy-Hilfiger-Men-Sweatshirts-5681657095003364-2.jpg,http://assets.myntassets.com/assets/images/18820580/2022/7/6/9bffad09-3df6-4487-8b81-aaf9b85d813e1657095003893-Tommy-Hilfiger-Men-Sweatshirts-5681657095003364-3.jpg,http://assets.myntassets.com/assets/images/18820580/2022/7/6/3c422a08-e93d-4804-8730-852ac65032491657095003881-Tommy-Hilfiger-Men-Sweatshirts-5681657095003364-4.jpg,http://assets.myntassets.com/assets/images/18820580/2022/7/6/3b937564-7672-4b3a-a01c-9de9223b27f11657095003870-Tommy-Hilfiger-Men-Sweatshirts-5681657095003364-5.jpg",
20389690.0,sweatshirts,Women,max,Women Black Printed Sweatshirt,"Black printed sweatshirt has a round neck,  long sleeves,  closure, straight hem",Cotton,60% Cotton. 40% Polyester. Machine wash,Printed,,Round Neck,Long Sleeves,Casual,,Regular,4,8,699,20,"""竄ｹ699.00""",INR,http://assets.myntassets.com/assets/images/20389690/2022/10/13/f3b283e9-26af-4779-ac0b-8eceb0c82b451665669652466WomenNasaPrintedFullSleevesCroppedSweatshirt1.jpg,"http://assets.myntassets.com/assets/images/20389690/2022/10/13/f3b283e9-26af-4779-ac0b-8eceb0c82b451665669652466WomenNasaPrintedFullSleevesCroppedSweatshirt1.jpg,http://assets.myntassets.com/assets/images/20389690/2022/10/13/7a3f9cd8-8589-4a4a-979b-845bcb8505731665669652480WomenNasaPrintedFullSleevesCroppedSweatshirt2.jpg,http://assets.myntassets.com/assets/images/20389690/2022/10/13/fb6bd581-912a-4022-b19f-84ed3ad528bb1665669652473WomenNasaPrintedFullSleevesCroppedSweatshirt3.jpg,http://assets.myntassets.com/assets/images/20389690/2022/10/13/0c3ae76a-892b-4f12-ab6b-a30b3048e7f41665669652451WomenNasaPrintedFullSleevesCroppedSweatshirt4.jpg,http://assets.myntassets.com/assets/images/20389690/2022/10/13/885e0e05-2ec7-4c25-8370-9caed770f3ff1665669652443WomenNasaPrintedFullSleevesCroppedSweatshirt5.jpg,http://assets.myntassets.com/assets/images/20389690/2022/10/13/8f089291-4c9a-4515-ad0d-7aa331d6f6271665669652459WomenNasaPrintedFullSleevesCroppedSweatshirt6.jpg",
10388101.0,sweatshirts,Women,Allen Solly Woman,Women Black Solid Sweatshirt,"Black solid sweatshirt, has a round neck, long sleeves, straight hem",Polyester,60% Polyester and 40% cotton. Machine-wash,Solid,,Round Neck,Long Sleeves,Casual,,Regular,4.5,4,1799,50,"""竄ｹ899.00""",INR,http://assets.myntassets.com/assets/images/10388101/2019/11/15/a0c8b7ab-8149-4b8d-a3cf-c4edca9d69d21573795957907-Allen-Solly-Woman-Women-Sweatshirts-1201573795955722-1.jpg,"http://assets.myntassets.com/assets/images/10388101/2019/11/15/a0c8b7ab-8149-4b8d-a3cf-c4edca9d69d21573795957907-Allen-Solly-Woman-Women-Sweatshirts-1201573795955722-1.jpg,http://assets.myntassets.com/assets/images/10388101/2019/11/15/708aecb2-4c5f-4c58-9588-e6c51c7adcc51573795957852-Allen-Solly-Woman-Women-Sweatshirts-1201573795955722-2.jpg,http://assets.myntassets.com/assets/images/10388101/2019/11/15/f9aa41ad-3d12-41c1-beda-8ee0849e2f361573795957789-Allen-Solly-Woman-Women-Sweatshirts-1201573795955722-3.jpg,http://assets.myntassets.com/assets/images/10388101/2019/11/15/e1d50063-f40a-4b3e-87f0-17d4d5ebbfa51573795957735-Allen-Solly-Woman-Women-Sweatshirts-1201573795955722-4.jpg,http://assets.myntassets.com/assets/images/10388101/2019/11/15/86810bee-66f8-40ff-9cdd-bd30b0e20f3b1573795957687-Allen-Solly-Woman-Women-Sweatshirts-1201573795955722-5.jpg",
18723286.0,sweatshirts,Boys,Allen Solly Junior,Boys Yellow Spiderman Printed Pure Cotton Sweatshirt,"Yellow printed sweatshirt has a round neck, long sleeves, ribbed hem",Cotton,100% Cotton. Machine wash,Printed,,Round Neck,Long Sleeves,Casual,,Regular,3.7,7,1699,50,"""竄ｹ849.00""",INR,http://assets.myntassets.com/assets/images/18723286/2022/10/10/4929f402-ef85-41b4-a169-4c7804af248a1665386076464-Allen-Solly-Junior-Boys-Sweatshirts-7961665386076084-1.jpg,"http://assets.myntassets.com/assets/images/18723286/2022/10/10/4929f402-ef85-41b4-a169-4c7804af248a1665386076464-Allen-Solly-Junior-Boys-Sweatshirts-7961665386076084-1.jpg,http://assets.myntassets.com/assets/images/18723286/2022/10/10/5410e123-89bf-404d-8a90-ff1e82a150bf1665386076455-Allen-Solly-Junior-Boys-Sweatshirts-7961665386076084-2.jpg,http://assets.myntassets.com/assets/images/18723286/2022/10/10/18be3f84-3413-41d9-a37e-690bde65bee91665386076442-Allen-Solly-Junior-Boys-Sweatshirts-7961665386076084-3.jpg,http://assets.myntassets.com/assets/images/18723286/2022/10/10/0ba02f68-8307-42ff-b3e0-82c3025c2cda1665386076432-Allen-Solly-Junior-Boys-Sweatshirts-7961665386076084-4.jpg,http://assets.myntassets.com/assets/images/18723286/2022/10/10/cbcf51f6-08fb-49c4-8119-5168d8bb3f501665386076423-Allen-Solly-Junior-Boys-Sweatshirts-7961665386076084-5.jpg",
17634528.0,tights,Women,Sweet Dreams,Women Red Solid Tights,"Red Solid Tights, has slip on closure",Cotton,Cotton Blend. Hand Wash,Solid,,,,Sports,,Ankle Length,3.5,20,749,19,"""竄ｹ606.00""",INR,http://assets.myntassets.com/assets/images/17634528/2022/3/25/eada6347-3f11-487c-8482-73f9169795071648187546761SweetDreamsWomensPolyesterSolidPyjamaF-LAP-4222A_SalsaRed_L1.jpg,"http://assets.myntassets.com/assets/images/17634528/2022/3/25/eada6347-3f11-487c-8482-73f9169795071648187546761SweetDreamsWomensPolyesterSolidPyjamaF-LAP-4222A_SalsaRed_L1.jpg,http://assets.myntassets.com/assets/images/17634528/2022/3/25/e25f0ac4-f1d1-45b1-aa4b-da17e43d2eb01648187546727SweetDreamsWomensPolyesterSolidPyjamaF-LAP-4222A_SalsaRed_L2.jpg,http://assets.myntassets.com/assets/images/17634528/2022/3/25/1cb54ce6-e111-4334-8df0-ea21f40e18ed1648187546738SweetDreamsWomensPolyesterSolidPyjamaF-LAP-4222A_SalsaRed_L3.jpg,http://assets.myntassets.com/assets/images/17634528/2022/3/25/007582a5-d5d2-4bfb-bdfe-0ed660c618991648187546715SweetDreamsWomensPolyesterSolidPyjamaF-LAP-4222A_SalsaRed_L4.jpg,http://assets.myntassets.com/assets/images/17634528/2022/3/25/56f37806-26a6-4157-a4de-c05f7d8b2d3e1648187546784SweetDreamsWomensPolyesterSolidPyjamaF-LAP-4222A_SalsaRed_L5.jpg,http://assets.myntassets.com/assets/images/17634528/2022/3/25/2d70458c-b365-4037-b51a-919fdd6c412b1648187546772SweetDreamsWomensPolyesterSolidPyjamaF-LAP-4222A_SalsaRed_L6.jpg,http://assets.myntassets.com/assets/images/17634528/2022/3/25/6ea5bdf4-53f4-4088-9a33-2cb38b4da58b1648187546750SweetDreamsWomensPolyesterSolidPyjamaF-LAP-4222A_SalsaRed_L7.jpg",
18974634.0,track-pants,Men,AUSTIVO,Men Navy Blue & White Checked Slim Fit Plus Size Track Pant,"Navy Blue & White Checked Slim Fit Plus Size Track Pant, has elasticated waistband with drawstring closure & 3 pockets",Cotton,Cotton. Machine Wash,Checked,Regular Fit,,,Casual,,Regular,4.5,35,1899,60,"""竄ｹ759.00""",INR,http://assets.myntassets.com/assets/images/18974634/2022/7/5/74199671-d692-4a6e-8ea3-b6a1b04392ed1657020508031AustivoMensCheckSlimFitTrackPant1.jpg,"http://assets.myntassets.com/assets/images/18974634/2022/7/5/74199671-d692-4a6e-8ea3-b6a1b04392ed1657020508031AustivoMensCheckSlimFitTrackPant1.jpg,http://assets.myntassets.com/assets/images/18974634/2022/7/5/b0629f8a-c373-4e41-b221-97aba668a4961657020508047AustivoMensCheckSlimFitTrackPant2.jpg,http://assets.myntassets.com/assets/images/18974634/2022/7/5/6888fa64-c940-4860-a62d-df7eff4581421657020508055AustivoMensCheckSlimFitTrackPant3.jpg,http://assets.myntassets.com/assets/images/18974634/2022/7/5/a134ec23-4ff5-488e-aa05-a8628cb5af311657020508063AustivoMensCheckSlimFitTrackPant4.jpg,http://assets.myntassets.com/assets/images/18974634/2022/7/5/025ec4a5-fdb3-4371-9e0c-def095364bca1657020508009AustivoMensCheckSlimFitTrackPant5.jpg,http://assets.myntassets.com/assets/images/18974634/2022/7/5/bd3c5166-f720-45d8-b79d-b662f5242d7d1657020508039AustivoMensCheckSlimFitTrackPant6.jpg,http://assets.myntassets.com/assets/images/18974634/2022/7/5/de042b09-0ee6-46cd-9e93-6d44d28272571657020508022AustivoMensCheckSlimFitTrackPant7.jpg",
18970176.0,track-pants,Boys,Allen Solly Junior,Boys Solid Joggers,"Blue solid joggers, has an elasticated waistband with drawstring closure, two pockets",Polyester,90% Polyester &amp; 10% Elastane. Machine Wash,Solid,Regular Fit,,,Sports,,Regular,4.6,30,1599,62,"""竄ｹ1,039.00""",INR,http://assets.myntassets.com/assets/images/18970176/2023/5/22/049dc8b1-e17c-49d6-80d3-7dcf189820ed1684745827151AllenSollyJuniorBoysSolidJoggers1.jpg,"http://assets.myntassets.com/assets/images/18970176/2023/5/22/049dc8b1-e17c-49d6-80d3-7dcf189820ed1684745827151AllenSollyJuniorBoysSolidJoggers1.jpg,http://assets.myntassets.com/assets/images/18970176/2023/5/22/73789d5e-de1a-4712-9841-fde3089b92e21684745827175AllenSollyJuniorBoysSolidJoggers2.jpg,http://assets.myntassets.com/assets/images/18970176/2023/5/22/36f2d467-95e9-45f0-8a5a-d70e323971ca1684745827183AllenSollyJuniorBoysSolidJoggers3.jpg,http://assets.myntassets.com/assets/images/18970176/2023/5/22/64bace42-2ca8-49b5-8131-5c4fb8bc6afa1684745827196AllenSollyJuniorBoysSolidJoggers4.jpg,http://assets.myntassets.com/assets/images/18970176/2023/5/22/b7529f2c-be81-4d34-b5be-e070a9d848da1684745827162AllenSollyJuniorBoysSolidJoggers15.jpg",
18138806.0,track-pants,Boys,max,Boys Blue Solid Track Pant,"Blue solid mid-rise regular-fit track pants, has an elasticated waistband with slip-on closure and three pockets",Cotton,100% COTTON. Machine Wash,Solid,Regular Fit,,,Casual,,Regular,4.6,28,599,20,"""竄ｹ599.00""",INR,http://assets.myntassets.com/assets/images/18138806/2022/5/4/28296126-40af-4d54-8333-8d5878c430291651646136162TrackPants1.jpg,"http://assets.myntassets.com/assets/images/18138806/2022/5/4/28296126-40af-4d54-8333-8d5878c430291651646136162TrackPants1.jpg,http://assets.myntassets.com/assets/images/18138806/2022/5/4/030a17ab-0438-4b80-b838-9a526f1d8c711651646136171TrackPants2.jpg,http://assets.myntassets.com/assets/images/18138806/2022/5/4/871ed6a4-6056-4aca-bd03-0ca9263137861651646136202TrackPants3.jpg,http://assets.myntassets.com/assets/images/18138806/2022/5/4/94fbf3d3-1ad8-458d-a6c0-5bcf721854141651646136190TrackPants4.jpg,http://assets.myntassets.com/assets/images/18138806/2022/5/4/78e6d088-864b-4328-8176-e41bab2a55c71651646136178TrackPants5.jpg",
18670518.0,track-pants,Girls,max,Girls Pink & White Regular Fit Printed Pure Cotton Joggers,"Pink and white printed regular fit joggers, has a elasticated waistband with drawstring closure , 2 pockets and cuffed hem",Cotton,Cotton. Machine wash,Graphic,Regular Fit,,,Casual,,Regular,4.9,8,599,20,"""竄ｹ599.00""",INR,http://assets.myntassets.com/assets/images/18670518/2022/6/8/e3a7c0bb-38b1-4bee-854f-88ac430363d01654693416994TrackPants1.jpg,"http://assets.myntassets.com/assets/images/18670518/2022/6/8/e3a7c0bb-38b1-4bee-854f-88ac430363d01654693416994TrackPants1.jpg,http://assets.myntassets.com/assets/images/18670518/2022/6/8/d26812c8-3b4f-47de-a20a-463c3fd926d21654693416985TrackPants2.jpg,http://assets.myntassets.com/assets/images/18670518/2022/6/8/eb935df0-9c7d-4433-9a17-0a49dc590f631654693416965TrackPants3.jpg,http://assets.myntassets.com/assets/images/18670518/2022/6/8/c9d5f662-f49a-4778-ab40-85e6515c56221654693416956TrackPants4.jpg,http://assets.myntassets.com/assets/images/18670518/2022/6/8/7a2d4b61-5b87-4899-bf35-54473b643cda1654693416977TrackPants5.jpg",
17628782.0,track-pants,Women,Roadster,The  Lifestyle Co. Women Rust Orange Ribbed Wide Leg Belted Track Pants,"Rust orange ribbed knitted mid-rise wide leg track pants, has an elasticated waistband with slip -closure, belted detail, 2 pockets, flared hems",Viscose Rayon,"60% Viscose, 35% Polyester, 5% Lycra. Machine wash",Solid,Regular Fit,,,Casual,,Regular,4.1,81,1999,,"""竄ｹ1,999.00""",INR,http://assets.myntassets.com/assets/images/17628782/2022/11/29/75b21a0c-80bf-48b9-a9d5-c7566d6dc5b61669732721919-Roadster-Women-Track-Pants-6791669732721365-1.jpg,"http://assets.myntassets.com/assets/images/17628782/2022/11/29/75b21a0c-80bf-48b9-a9d5-c7566d6dc5b61669732721919-Roadster-Women-Track-Pants-6791669732721365-1.jpg,http://assets.myntassets.com/assets/images/17628782/2022/11/29/a3a46535-749c-4c60-a2e1-575de012d4ee1669732721897-Roadster-Women-Track-Pants-6791669732721365-2.jpg,http://assets.myntassets.com/assets/images/17628782/2022/11/29/a340683b-9d6e-493e-9b39-e83b01063b6b1669732721878-Roadster-Women-Track-Pants-6791669732721365-3.jpg,http://assets.myntassets.com/assets/images/17628782/2022/11/29/a219b8f4-a62b-46d7-bbc8-8cdb66f81a7c1669732721855-Roadster-Women-Track-Pants-6791669732721365-4.jpg,http://assets.myntassets.com/assets/images/17628782/2022/11/29/05b38e20-5ad9-43df-acb0-2cf28826b6111669732721831-Roadster-Women-Track-Pants-6791669732721365-5.jpg",
17628712.0,track-pants,Women,Roadster,Women Olive Green Solid High-Rise Slim Fit Joggers,"Olive green solid slim fit high-rise trackpants, has 4 pockets, elasticated waistband with a drawstring closure and cuffed hems",Cotton,"60% Cotton, 40% Polyester. Machine-wash",Solid,Slim Fit,,,Casual,,Regular,4.3,65,1799,,"""竄ｹ1,799.00""",INR,http://assets.myntassets.com/assets/images/17628712/2022/9/17/db84bca0-931a-4544-80f6-a20a2d60da7d1663414827804-Roadster-Women-Olive-Green-Solid-Slim-Fit-Track-Pants-355166-1.jpg,"http://assets.myntassets.com/assets/images/17628712/2022/9/17/db84bca0-931a-4544-80f6-a20a2d60da7d1663414827804-Roadster-Women-Olive-Green-Solid-Slim-Fit-Track-Pants-355166-1.jpg,http://assets.myntassets.com/assets/images/17628712/2022/9/17/e68635dc-b156-4680-8d2e-7c90ce163cf31663414827793-Roadster-Women-Olive-Green-Solid-Slim-Fit-Track-Pants-355166-2.jpg,http://assets.myntassets.com/assets/images/17628712/2022/9/17/a8653f44-9645-42c0-9d0a-c8946a2c1c021663414827782-Roadster-Women-Olive-Green-Solid-Slim-Fit-Track-Pants-355166-3.jpg,http://assets.myntassets.com/assets/images/17628712/2022/9/17/8ac6fa8c-4b8a-4c9e-a06b-669e0e7ebc2e1663414827773-Roadster-Women-Olive-Green-Solid-Slim-Fit-Track-Pants-355166-4.jpg,http://assets.myntassets.com/assets/images/17628712/2022/9/17/773593a9-be77-4558-ba36-273ae98258741663414827763-Roadster-Women-Olive-Green-Solid-Slim-Fit-Track-Pants-355166-5.jpg,http://assets.myntassets.com/assets/images/17628712/2022/9/17/38358925-e02f-4d6b-ac85-f2ac5b8433b01663414827754-Roadster-Women-Olive-Green-Solid-Slim-Fit-Track-Pants-355166-6.jpg,http://assets.myntassets.com/assets/images/17628712/2022/9/17/259b0284-f56e-4e12-baaf-8d9fc3398e6c1663414827741-Roadster-Women-Olive-Green-Solid-Slim-Fit-Track-Pants-355166-7.jpg",
18537496.0,track-pants,Women,Bannos Swagger,Women Grey Solid Joggers,"Grey solid mid-rise regular-fit joggers, has an elasticated waistband with drawstring closure with pocket detailing",Polyester,Polyester. Gentle Machine Wash Cold,Solid,Relaxed Fit,,,Casual,,Regular,5,5,1699,76,"""竄ｹ1,699.00""",INR,http://assets.myntassets.com/assets/images/18537496/2022/6/1/f112c9dd-7488-48c5-8183-387d7073a4761654077257170BannosSwaggerWomenGreySolidJoggers1.jpg,"http://assets.myntassets.com/assets/images/18537496/2022/6/1/f112c9dd-7488-48c5-8183-387d7073a4761654077257170BannosSwaggerWomenGreySolidJoggers1.jpg,http://assets.myntassets.com/assets/images/18537496/2022/6/1/1b980aa8-e56d-488d-9ff5-b2bef85317c31654077257129BannosSwaggerWomenGreySolidJoggers2.jpg,http://assets.myntassets.com/assets/images/18537496/2022/6/1/88ef40c0-cfc7-4359-9281-9aaaacbc522f1654077257162BannosSwaggerWomenGreySolidJoggers3.jpg,http://assets.myntassets.com/assets/images/18537496/2022/6/1/210c79ee-0ad7-40a5-8b3a-4c35412c650c1654077257136BannosSwaggerWomenGreySolidJoggers4.jpg,http://assets.myntassets.com/assets/images/18537496/2022/6/1/be879b26-e82b-4b83-b784-2867272ba6841654077257146BannosSwaggerWomenGreySolidJoggers5.jpg,http://assets.myntassets.com/assets/images/18537496/2022/6/1/97157f6d-6a24-4351-a966-6ca9bb3e96211654077257153BannosSwaggerWomenGreySolidJoggers6.jpg,http://assets.myntassets.com/assets/images/18537496/2022/6/1/0996b132-5b5e-4650-a72a-9f1f7c16a7611654077257117BannosSwaggerWomenGreySolidJoggers7.jpg",
18970196.0,track-pants,Boys,Allen Solly Junior,Boys Solid Mid-Rise Sports Joggers With Side Taping & Brand Logo Print,"A pair of black and red regular fit mid-rise solid knitted joggers with contrast side taping and minimal brand logo print detail on left side, has an elasticated waistband with drawstring closure, 2 side seam pockets, and cuffed hemsActivewear Features:ComfortMoisture WickingStretchable",Polyester,"90% Polyester, 10% Spandex (Brand Name for Elastane). Machine wash, cold",Solid,Regular Fit,,,Sports,,Regular,4.3,12,1499,30,"""竄ｹ749.00""",INR,http://assets.myntassets.com/assets/images/18970196/2023/5/22/eaa83da7-c3d8-459c-a530-72ef9b42cb3d1684745673204AllenSollyJuniorBoysSolidMid-RiseSportsJoggersWithSideTaping1.jpg,"http://assets.myntassets.com/assets/images/18970196/2023/5/22/eaa83da7-c3d8-459c-a530-72ef9b42cb3d1684745673204AllenSollyJuniorBoysSolidMid-RiseSportsJoggersWithSideTaping1.jpg,http://assets.myntassets.com/assets/images/18970196/2023/5/22/72cc161f-8477-41b3-af2f-adf77fe1c06d1684745673227AllenSollyJuniorBoysSolidMid-RiseSportsJoggersWithSideTaping2.jpg,http://assets.myntassets.com/assets/images/18970196/2023/5/22/dcf1821e-1b75-4e01-a514-ec9f3c2b5a4d1684745673239AllenSollyJuniorBoysSolidMid-RiseSportsJoggersWithSideTaping3.jpg,http://assets.myntassets.com/assets/images/18970196/2023/5/22/887f9924-b0b2-47a9-930f-ee0afbf548051684745673247AllenSollyJuniorBoysSolidMid-RiseSportsJoggersWithSideTaping4.jpg,http://assets.myntassets.com/assets/images/18970196/2023/5/22/984d37aa-c9b0-485e-b758-27dfa7f56a521684745673215AllenSollyJuniorBoysSolidMid-RiseSportsJoggersWithSideTaping15.jpg",
18970104.0,track-pants,Boys,Allen Solly Junior,Boys Colourblocked Sports Joggers With Side Taping & Brand Logo Print,"A pair of black, white, and grey regular fit mid-rise colourblocked knitted sports joggers with side taping on both sides and minimal brand logo print detail on the left side, has an elasticated waistband with drawstring closure, 2 side seam pockets, and cuffed hemsActivewear Features:ComfortMoisture WickingStretchable",Polyester,"90% Polyester, 10% Spandex (Brand Name for Elastane). Machine wash, cold",Colourblocked,Regular Fit,,,Sports,,Regular,4.8,14,1499,50,"""竄ｹ749.00""",INR,http://assets.myntassets.com/assets/images/18970104/2023/5/22/cd81084a-6088-4527-b033-e84f0625c9dc1684745802436AllenSollyJuniorBoysColourblockedSportsJoggersWithSideTaping1.jpg,"http://assets.myntassets.com/assets/images/18970104/2023/5/22/cd81084a-6088-4527-b033-e84f0625c9dc1684745802436AllenSollyJuniorBoysColourblockedSportsJoggersWithSideTaping1.jpg,http://assets.myntassets.com/assets/images/18970104/2023/5/22/5a2d6b87-753b-4ddf-bbb7-f3b5d264b7901684745802456AllenSollyJuniorBoysColourblockedSportsJoggersWithSideTaping2.jpg,http://assets.myntassets.com/assets/images/18970104/2023/5/22/e12f1a10-19a0-448e-a84b-d0e3ca63d2c91684745802465AllenSollyJuniorBoysColourblockedSportsJoggersWithSideTaping3.jpg,http://assets.myntassets.com/assets/images/18970104/2023/5/22/f493cc12-a299-44f2-bf01-9ffcd3d4b7771684745802476AllenSollyJuniorBoysColourblockedSportsJoggersWithSideTaping4.jpg,http://assets.myntassets.com/assets/images/18970104/2023/5/22/eb30fe75-bbfa-4723-a11d-38eae6cd9d631684745802445AllenSollyJuniorBoysColourblockedSportsJoggersWithSideTaping15.jpg",
17663904.0,trousers,Boys,Pantaloons Junior,Boys Black Pure Cotton Trousers With Belt,"Black woven trousersRegular fitMid-riseLength: regularPattern: solidFlat-front, with no pleats designFeature: plain4 pocketsComes with a belt",Cotton,100% Cotton. Machine wash,Solid,Regular Fit,,,Casual,Button,Regular,4.6,25,849,22,"""竄ｹ849.00""",INR,http://assets.myntassets.com/assets/images/17663904/2022/3/29/11bc4b26-c2f5-4c24-baeb-72a45578630f1648535605137PantaloonsJuniorBoysBlackChinosTrousers1.jpg,"http://assets.myntassets.com/assets/images/17663904/2022/3/29/11bc4b26-c2f5-4c24-baeb-72a45578630f1648535605137PantaloonsJuniorBoysBlackChinosTrousers1.jpg,http://assets.myntassets.com/assets/images/17663904/2022/3/29/1dff6965-e008-4298-a278-35f426fa6a2c1648535605147PantaloonsJuniorBoysBlackChinosTrousers2.jpg,http://assets.myntassets.com/assets/images/17663904/2022/3/29/a4d620f9-a294-476a-adf3-cf891c43f5ad1648535605123PantaloonsJuniorBoysBlackChinosTrousers3.jpg",
17760062.0,trousers,Women,H&M,Women Brown Solid Low Waist Flared Twill Trousers,"5-pocket trousers in stretch cotton twill with a low waist, zip fly and button and slim legs with a flare to the hem.",Cotton,"98% Cotton, 2% Elastane. Machine wash",Solid,Regular Fit,,,Casual,Button,Regular,4.2,608,1499,25,"""竄ｹ1,499.00""",INR,http://assets.myntassets.com/assets/images/17760062/2022/4/5/359574dd-f14b-46a6-a04c-bba1e6b6e3911649161584132LowWaistFlaredtwilltrousers1.jpg,"http://assets.myntassets.com/assets/images/17760062/2022/4/5/359574dd-f14b-46a6-a04c-bba1e6b6e3911649161584132LowWaistFlaredtwilltrousers1.jpg,http://assets.myntassets.com/assets/images/17760062/2022/4/5/a14691e6-333f-4258-ab41-d9860772ba141649161584124LowWaistFlaredtwilltrousers2.jpg,http://assets.myntassets.com/assets/images/17760062/2022/4/5/d0a1f631-83d6-4635-a157-418b331e110b1649161584140LowWaistFlaredtwilltrousers3.jpg,http://assets.myntassets.com/assets/images/17760062/2022/4/5/2a89a1ce-e178-482a-befa-a0dcfe71ea5b1649161584106LowWaistFlaredtwilltrousers4.jpg,http://assets.myntassets.com/assets/images/17760062/2022/4/5/db1bfcb6-4390-4c7c-8789-206a5c168eef1649161584115LowWaistFlaredtwilltrousers5.jpg",
17647372.0,trousers,Women,bebe,Women Black Season Staple High-Rise Parallel Trousers,"Add these on-trend trousers to your spring and summer collection and welcome the warm weather in the most magical wayBlack woven parallel trousersRegular fitHigh-riseLength: regularPattern: solidConcealed zip closure on the sideFlat-front, with no pleats designFeature: plain",Polyester,"97% Polyester, 3% Elastane. Machine wash. Gentle cycle. Wash inside out with like colours. Remove promptly from washer. Only non-chlorine bleach when needed. Tumble dry low. Cool iron as needed",Solid,Regular Fit,,,Casual,Zip,Regular,4.2,38,2899,,"""竄ｹ2,899.00""",INR,http://assets.myntassets.com/assets/images/17647372/2022/8/24/698e7dab-dd37-4954-a34d-fc552164e1db1661344974658-bebe-Women-Trousers-4671661344974133-1.jpg,"http://assets.myntassets.com/assets/images/17647372/2022/8/24/698e7dab-dd37-4954-a34d-fc552164e1db1661344974658-bebe-Women-Trousers-4671661344974133-1.jpg,http://assets.myntassets.com/assets/images/17647372/2022/8/24/d8ccd4e7-a277-4161-a66e-d308290d5eb31661344974638-bebe-Women-Trousers-4671661344974133-2.jpg,http://assets.myntassets.com/assets/images/17647372/2022/8/24/29e73b78-d9ec-4534-869b-959a404be1161661344974616-bebe-Women-Trousers-4671661344974133-3.jpg,http://assets.myntassets.com/assets/images/17647372/2022/8/24/62dd7b9e-96dc-4fcd-9bae-d3ddd5c02cfb1661344974596-bebe-Women-Trousers-4671661344974133-4.jpg,http://assets.myntassets.com/assets/images/17647372/2022/8/24/b88b9d9b-aaf5-412b-9c39-b6fe9c511d5b1661344974575-bebe-Women-Trousers-4671661344974133-5.jpg,http://assets.myntassets.com/assets/images/17647372/2022/8/24/b7eba80f-225b-444d-9b6c-8fd5c1e222641661344974552-bebe-Women-Trousers-4671661344974133-6.jpg",
17760038.0,trousers,Women,H&M,Women Brown Pattern-knit trousers,Trousers in a soft pattern knit with a crocheted look. Regular waist with covered elastication and legs that flare from the knees. Lined at the top.,Polyester,"3% Elastane, 97% Polyester",Solid,Regular Fit,,,Casual,Slip-On,Regular,4.3,128,1299,25,"""竄ｹ1,299.00""",INR,http://assets.myntassets.com/assets/images/17760038/2022/4/5/3cc864d1-9bb6-4487-98e7-f5d6f59b4cc71649161302512Pattern-knittrousers1.jpg,"http://assets.myntassets.com/assets/images/17760038/2022/4/5/3cc864d1-9bb6-4487-98e7-f5d6f59b4cc71649161302512Pattern-knittrousers1.jpg,http://assets.myntassets.com/assets/images/17760038/2022/4/5/68d1a98e-dd1f-4700-a15b-2d18ffbd024b1649161302496Pattern-knittrousers2.jpg,http://assets.myntassets.com/assets/images/17760038/2022/4/5/e21a4632-e0e0-4e60-81e7-137eabf934711649161302504Pattern-knittrousers3.jpg,http://assets.myntassets.com/assets/images/17760038/2022/4/5/22d4011e-0f74-4930-a8c1-467d834692401649161302487Pattern-knittrousers4.jpg,http://assets.myntassets.com/assets/images/17760038/2022/4/5/252ca20a-afdf-4303-98db-1d6ec4f308441649161302520Pattern-knittrousers5.jpg",
22323008.0,trousers,Men,Dennis Lingo,Men Slim Fit Chino Trousers,"  Olive green machine weave trousers   Slim fit   Brand Fit: comfort   Mid-rise   Length:  regular   Pattern: solid   Flat-front, with no pleats design   Feature:  plain   5 pockets  ",Cotton,98% Cotton 2% Lycra. Machine Wash,Solid,Slim Fit,,,Casual,Button,Regular,3.8,5,3099,82,"""竄ｹ557.00""",INR,http://assets.myntassets.com/assets/images/22323008/2023/3/15/51095774-0f0a-4ca0-b091-e9ee9c46471d1678865696335DennisLingoMenOliveGreenComfortSlimFitTrousers1.jpg,"http://assets.myntassets.com/assets/images/22323008/2023/3/15/51095774-0f0a-4ca0-b091-e9ee9c46471d1678865696335DennisLingoMenOliveGreenComfortSlimFitTrousers1.jpg,http://assets.myntassets.com/assets/images/22323008/2023/3/15/19b22e1f-2dd8-4065-9b35-75f7577e56d11678865696348DennisLingoMenOliveGreenComfortSlimFitTrousers2.jpg,http://assets.myntassets.com/assets/images/22323008/2023/3/15/59bf2c3e-a61d-4fe3-b1e7-0c1327f95fd41678865696362DennisLingoMenOliveGreenComfortSlimFitTrousers3.jpg,http://assets.myntassets.com/assets/images/22323008/2023/3/15/9e660b44-68ea-4eb5-9012-eb55eb5fbb651678865696377DennisLingoMenOliveGreenComfortSlimFitTrousers4.jpg,http://assets.myntassets.com/assets/images/22323008/2023/3/15/69f60f88-a6a0-4705-abd6-879efd333eb21678865696395DennisLingoMenOliveGreenComfortSlimFitTrousers5.jpg,http://assets.myntassets.com/assets/images/22323008/2023/3/15/72cd97a7-75b0-4f14-a158-455fc6682c1e1678865696410DennisLingoMenOliveGreenComfortSlimFitTrousers6.jpg,http://assets.myntassets.com/assets/images/22323008/2023/3/15/827da90a-bfdd-412c-87f9-7d38e149aa621678865696427DennisLingoMenOliveGreenComfortSlimFitTrousers7.jpg",
19289426.0,trousers,Women,Van Heusen Woman,Women Olive Green Casual Parallel Trousers,"  Olive green knitted parallel   Regular fit   Mid-rise   Length:  regular   Pattern: solid   Flat-front, with no pleats design   Feature:  plain  ",Viscose Rayon,70% Viscose and 30% Linen. Machine Wash,Solid,Regular Fit,,,Casual,Slip-On,Regular,4.1,13,2499,5,"""竄ｹ1,224.00""",INR,http://assets.myntassets.com/assets/images/19289426/2022/7/28/7d52c5da-7ff7-4e47-8787-7ff9934a60881659010459403VanHeusenOliveTrousers1.jpg,"http://assets.myntassets.com/assets/images/19289426/2022/7/28/7d52c5da-7ff7-4e47-8787-7ff9934a60881659010459403VanHeusenOliveTrousers1.jpg,http://assets.myntassets.com/assets/images/19289426/2022/7/28/b7b98bdf-cffb-4282-98f2-bc8082879dfb1659010459392VanHeusenOliveTrousers2.jpg,http://assets.myntassets.com/assets/images/19289426/2022/7/28/265b4302-9f33-4670-a3e3-fcf3fe1914991659010459428VanHeusenOliveTrousers3.jpg,http://assets.myntassets.com/assets/images/19289426/2022/7/28/8b367be6-3c22-459f-b070-41d7b7a0e3ac1659010459381VanHeusenOliveTrousers4.jpg,http://assets.myntassets.com/assets/images/19289426/2022/7/28/6904f2c0-8b89-4125-965f-6c20c1b22b911659010459414VanHeusenOliveTrousers5.jpg",
8376765.0,Lino Perros,Women Navy Blue Solid Backpack,3.8,15,3995,58,"""₹3,995.00""",INR,"http://assets.myntassets.com/assets/images/8376765/2019/2/14/c93b7d05-6311-497e-ad00-7395c266a9771550142767008-Lino-Perros-Women-Navy-Blue-Solid-Backpack-3271550142765402-1.jpg,http://assets.myntassets.com/assets/images/8376765/2019/2/14/3d5659ce-855a-4e08-9880-970866c824a31550142766980-Lino-Perros-Women-Navy-Blue-Solid-Backpack-3271550142765402-2.jpg,http://assets.myntassets.com/assets/images/8376765/2019/2/14/6a75cfc6-b0a0-4a7a-9561-cd425d3314f31550142766954-Lino-Perros-Women-Navy-Blue-Solid-Backpack-3271550142765402-3.jpg,http://assets.myntassets.com/assets/images/8376765/2019/2/14/6e5b0338-2242-4f64-8fcf-2fc2e7fff5851550142766927-Lino-Perros-Women-Navy-Blue-Solid-Backpack-3271550142765402-4.jpg,http://assets.myntassets.com/assets/images/8376765/2019/2/14/4ccfa2c4-f356-464b-94fd-b48633ab171e1550142766902-Lino-Perros-Women-Navy-Blue-Solid-Backpack-3271550142765402-5.jpg,http://assets.myntassets.com/assets/images/8376765/2019/2/14/0db3b6e8-676d-4459-8e4a-7c8b86ce401f1550142766879-Lino-Perros-Women-Navy-Blue-Solid-Backpack-3271550142765402-6.jpg","[""100% Original Products"",""Pay on delivery might be available"",""Easy 14 days returns and exchanges"",""Try & Buy might be available""]","{""description"":""Navy Blue solid backpackNon-Padded haul loop1 main compartment with flap and button closureNon-Padded backPadded shoulder strap: Non-PaddedWater-resistance: No"",""material_and_care"":""Synthetic Leather. Wipe with a clean, dry cloth to remove dust"",""size_and_fit"":""Height: 34 cm. Width: 33 cm. Depth: 14 cm. Volume: 15.7 litres""}","[{""name"":""Accessories"",""url"":""https://www.myntra.com/accessories""},{""name"":""Women"",""url"":""https://www.myntra.com/women-accessories""},{""name"":""Backpacks"",""url"":""https://www.myntra.com/backpacks""},{""name"":""Lino Perros"",""url"":""https://www.myntra.com/lino-perros-backpacks""},{""name"":""More by Lino Perros"",""url"":""https://www.myntra.com/lino-perros""}]","[{""specification_name"":""Add-Ons"",""specification_value"":""NA""},{""specification_name"":""Back"",""specification_value"":""Non-Padded""},{""specification_name"":""Compartment Closure"",""specification_value"":""Flap""},{""specification_name"":""External Pocket"",""specification_value"":""Zip Pocket""},{""specification_name"":""Features"",""specification_value"":""NA""},{""specification_name"":""Features 2"",""specification_value"":""NA""},{""specification_name"":""Haul Loop Type"",""specification_value"":""Non-Padded""},{""specification_name"":""Laptop Compartment"",""specification_value"":""NA""},{""specification_name"":""Laptop Size"",""specification_value"":""NA""},{""specification_name"":""Material"",""specification_value"":""Synthetic Leather""},{""specification_name"":""Number of External Pockets"",""specification_value"":""2""},{""specification_name"":""Number of Main Compartments"",""specification_value"":""1""},{""specification_name"":""Number of Zips"",""specification_value"":""NA""},{""specification_name"":""Occasion"",""specification_value"":""Casual""},{""specification_name"":""Padded Shoulder Strap"",""specification_value"":""Non-Padded""},{""specification_name"":""Print or Pattern Type"",""specification_value"":""Solid""},{""specification_name"":""Shoulder Strap Type"",""specification_value"":""Ergonomic""},{""specification_name"":""Side Pockets"",""specification_value"":""NA""},{""specification_name"":""Size"",""specification_value"":""Medium""},{""specification_name"":""Surface Styling"",""specification_value"":""Tasselled""},{""specification_name"":""Tablet Sleeve"",""specification_value"":""NA""},{""specification_name"":""Technology"",""specification_value"":""NA""},{""specification_name"":""Volume in Litres"",""specification_value"":""Up to 23 Litres""},{""specification_name"":""Warranty"",""specification_value"":""NA""},{""specification_name"":""Water Resistance"",""specification_value"":""No""}]","{""1_star"":2,""2_stars"":0,""3_stars"":3,""4_stars"":4,""5_stars"":6}",,,,,,,,,
9136281.0,Tommy Hilfiger,Unisex Navy Blue Striped Backpack,4.5,67,2899,35,"""₹2,899.00""",INR,"http://assets.myntassets.com/assets/images/9136281/2021/1/5/76e86881-810a-4c7f-9860-4fc07a93571a1609850007038-Tommy-Hilfiger-Stripe-Line-Signature-Tape-3481609850004862-1.jpg,http://assets.myntassets.com/assets/images/9136281/2021/1/5/dd37695f-aa65-432c-b854-b82e2e59592b1609850006992-Tommy-Hilfiger-Stripe-Line-Signature-Tape-3481609850004862-2.jpg,http://assets.myntassets.com/assets/images/9136281/2021/1/5/6abe094e-6728-45c8-be56-6ac519ac26781609850006938-Tommy-Hilfiger-Stripe-Line-Signature-Tape-3481609850004862-3.jpg,http://assets.myntassets.com/assets/images/9136281/2021/1/5/1564a20b-0dee-48eb-87a5-0fa3ceec96101609850006886-Tommy-Hilfiger-Stripe-Line-Signature-Tape-3481609850004862-4.jpg,http://assets.myntassets.com/assets/images/9136281/2021/1/5/68a140ec-b3f6-4d88-ae24-27344e819c8e1609850006827-Tommy-Hilfiger-Stripe-Line-Signature-Tape-3481609850004862-5.jpg,http://assets.myntassets.com/assets/images/9136281/2021/1/5/38d10c2b-e6c0-443c-b5f9-764d477f4dc71609850006776-Tommy-Hilfiger-Stripe-Line-Signature-Tape-3481609850004862-6.jpg,http://assets.myntassets.com/assets/images/9136281/2021/1/5/87c7c398-6e9a-431c-944f-1cc09e6aecbd1609850006717-Tommy-Hilfiger-Stripe-Line-Signature-Tape-3481609850004862-7.jpg,http://assets.myntassets.com/assets/images/9136281/2021/1/12/7256ddcf-1e4f-4f0d-ba73-6202d871bacd1610454343109-Tommy-Hilfiger-Unisex-Navy-Blue-Striped-Backpack-83416104543-12.jpg","[""100% Original Products"",""Pay on delivery might be available"",""Easy 14 days returns and exchanges"",""Try & Buy might be available""]","{""description"":""Navy Blue backpackNon-Padded haul loop1 main compartment with zip closurePadded Mesh backZip PocketPadded shoulder strap: PaddedWater-resistance: YesWarranty: 2 yearsWarranty provided by brand/manufacturer"",""material_and_care"":""Polyester. Wipe with a clean, dry cloth to remove dust"",""size_and_fit"":""Height: 47 cm. Width: 31 cm. Depth: 14 cm. Laptop Sleeve: 36 cm ( Can hold upto 15 inch laptop)""}","[{""name"":""Accessories"",""url"":""https://www.myntra.com/accessories""},{""name"":""Unisex"",""url"":""https://www.myntra.com/unisex-accessories""},{""name"":""Backpacks"",""url"":""https://www.myntra.com/backpacks""},{""name"":""Tommy Hilfiger"",""url"":""https://www.myntra.com/tommy-hilfiger-backpacks""},{""name"":""More by Tommy Hilfiger"",""url"":""https://www.myntra.com/tommy-hilfiger""}]","[{""specification_name"":""Add-Ons"",""specification_value"":""NA""},{""specification_name"":""Back"",""specification_value"":""Padded Mesh""},{""specification_name"":""Compartment Closure"",""specification_value"":""Zip""},{""specification_name"":""External Pocket"",""specification_value"":""Zip Pocket""},{""specification_name"":""Features"",""specification_value"":""NA""},{""specification_name"":""Features 2"",""specification_value"":""NA""},{""specification_name"":""Haul Loop Type"",""specification_value"":""Non-Padded""},{""specification_name"":""Laptop Compartment"",""specification_value"":""Padded""},{""specification_name"":""Laptop Size"",""specification_value"":""Up to 15 inch""},{""specification_name"":""Material"",""specification_value"":""Polyester""},{""specification_name"":""Number of External Pockets"",""specification_value"":""1""},{""specification_name"":""Number of Main Compartments"",""specification_value"":""1""},{""specification_name"":""Number of Zips"",""specification_value"":""3 and more""},{""specification_name"":""Occasion"",""specification_value"":""Casual""},{""specification_name"":""Padded Shoulder Strap"",""specification_value"":""Padded""},{""specification_name"":""Print or Pattern Type"",""specification_value"":""Striped""},{""specification_name"":""Shoulder Strap Type"",""specification_value"":""NA""},{""specification_name"":""Side Pockets"",""specification_value"":""NA""},{""specification_name"":""Size"",""specification_value"":""Medium""},{""specification_name"":""Surface Styling"",""specification_value"":""NA""},{""specification_name"":""Sustainable"",""specification_value"":""Regular""},{""specification_name"":""Tablet Sleeve"",""specification_value"":""NA""},{""specification_name"":""Technology"",""specification_value"":""NA""},{""specification_name"":""Volume in Litres"",""specification_value"":""24 to 30 Litres""},{""specification_name"":""Warranty"",""specification_value"":""2 years""},{""specification_name"":""Water Resistance"",""specification_value"":""Yes""}]","{""1_star"":3,""2_stars"":4,""3_stars"":2,""4_stars"":8,""5_stars"":50}",,,"[{""size"":""Onesize""}]","[""rw-8376765_cae700""]",,[{}],{},"[{""offer_name"":""10% Instant Discount on Citi Credit & Debit Cards "",""offer_value"":"" Min Spend ₹3,000; Max Discount ₹1,000. ""},{""offer_name"":""EMI option available""}]",backpacks
17633752.0,Lavie,Aries Women Pink Mini Backpack,4.4,226,2999,65,"""₹2,999.00""",INR,"http://assets.myntassets.com/assets/images/17633752/2022/12/2/798da268-99f2-43c5-bc75-676b69ade7ac1669953532805LavieAriesWomenPinkMiniBackpack1.jpg,http://assets.myntassets.com/assets/images/17633752/2022/12/2/e7a55c7e-c8b1-4e43-8d1f-bcb08951b1521669953532852LavieAriesWomenPinkMiniBackpack2.jpg,http://assets.myntassets.com/assets/images/17633752/2022/12/2/c17326b2-2fef-4c64-ae83-ad3513e7c9fa1669953532877LavieAriesWomenPinkMiniBackpack3.jpg,http://assets.myntassets.com/assets/images/17633752/2022/12/2/a940d041-10c7-4a1c-8e27-72539e3a66271669953532899LavieAriesWomenPinkMiniBackpack4.jpg,http://assets.myntassets.com/assets/images/17633752/2022/12/2/1211f99f-e7f4-41f5-b92f-2fd6d4285f091669953532920LavieAriesWomenPinkMiniBackpack5.jpg,http://assets.myntassets.com/assets/images/17633752/2022/12/2/48bd56a9-cc30-4f96-9c6f-ffacea424abb1669953532941LavieAriesWomenPinkMiniBackpack6.jpg,http://assets.myntassets.com/assets/images/17633752/2022/12/2/c92d3c39-a88c-42e0-821a-3554fe8ce6b51669953532961LavieAriesWomenPinkMiniBackpack7.jpg,http://assets.myntassets.com/assets/images/17633752/2022/12/2/b36253c0-e8c5-42ba-a588-dd344c6200fd1669953532830LavieAriesWomenPinkMiniBackpack11.jpg","[""100% Original Products"",""Pay on delivery might be available"",""Easy 14 days returns and exchanges"",""Try & Buy might be available""]","{""description"":""Pink solid backpacks  Non-padded sternum shoulder straps, has 1 main compartment with zip closure,  Zip pocket,   Non-padded back  Water Resistance: no "",""material_and_care"":""Material: Synthetic. Wipe with a damp cloth"",""size_and_fit"":""Dimensions:&nbsp;28.5 X 23.5 X 11 cm. Volume: Up to 23 Litres. Laptop compartment can hold laptop""}","[{""name"":""Accessories"",""url"":""https://www.myntra.com/accessories""},{""name"":""Women"",""url"":""https://www.myntra.com/women-accessories""},{""name"":""Backpacks"",""url"":""https://www.myntra.com/backpacks""},{""name"":""Lavie"",""url"":""https://www.myntra.com/lavie-backpacks""},{""name"":""More by Lavie"",""url"":""https://www.myntra.com/lavie""}]","[{""specification_name"":""Add-Ons"",""specification_value"":""NA""},{""specification_name"":""Back"",""specification_value"":""Non-Padded""},{""specification_name"":""Compartment Closure"",""specification_value"":""Zip""},{""specification_name"":""External Pocket"",""specification_value"":""Zip Pocket""},{""specification_name"":""Features"",""specification_value"":""NA""},{""specification_name"":""Features 2"",""specification_value"":""NA""},{""specification_name"":""Haul Loop Type"",""specification_value"":""NA""},{""specification_name"":""Laptop Compartment"",""specification_value"":""NA""},{""specification_name"":""Laptop Size"",""specification_value"":""NA""},{""specification_name"":""Material"",""specification_value"":""Synthetic""},{""specification_name"":""Number of External Pockets"",""specification_value"":""NA""},{""specification_name"":""Number of Main Compartments"",""specification_value"":""1""},{""specification_name"":""Number of Zips"",""specification_value"":""1""},{""specification_name"":""Occasion"",""specification_value"":""Casual""},{""specification_name"":""Padded Shoulder Strap"",""specification_value"":""Non-Padded""},{""specification_name"":""Print or Pattern Type"",""specification_value"":""Solid""},{""specification_name"":""Shoulder Strap Type"",""specification_value"":""Sternum""},{""specification_name"":""Side Pockets"",""specification_value"":""NA""},{""specification_name"":""Size"",""specification_value"":""Small""},{""specification_name"":""Surface Styling"",""specification_value"":""NA""},{""specification_name"":""Sustainable"",""specification_value"":""Regular""},{""specification_name"":""Tablet Sleeve"",""specification_value"":""NA""},{""specification_name"":""Technology"",""specification_value"":""NA""},{""specification_name"":""Volume in Litres"",""specification_value"":""Up to 23 Litres""},{""specification_name"":""Warranty"",""specification_value"":""NA""},{""specification_name"":""Water Resistance"",""specification_value"":""No""}]","{""1_star"":9,""2_stars"":5,""3_stars"":10,""4_stars"":55,""5_stars"":147}",,,"[{""size"":""Onesize""}]","[""rw-9136281_cae700""]",,"[{},{}]",{},"[{""offer_name"":""10% Instant Discount on Citi Credit & Debit Cards "",""offer_value"":"" Min Spend ₹3,000; Max Discount ₹1,000. ""},{""offer_name"":""EMI option available""}]",backpacks
1376949.0,F Gear,Unisex Navy & Grey Printed Burner Backpack,4.4,1052,1675,52,"""₹1,675.00""",INR,"http://assets.myntassets.com/assets/images/1376949/2022/12/1/756cb321-b3b8-4246-b3c7-317980b06b071669873465440-F-Gear-Unisex-Navy--Grey-Printed-Burner-Backpack-41416698734-1.jpg,http://assets.myntassets.com/assets/images/1376949/2022/12/1/51c8350e-219f-4184-b5cf-b2287f5439151669873465427-F-Gear-Unisex-Navy--Grey-Printed-Burner-Backpack-41416698734-2.jpg,http://assets.myntassets.com/assets/images/1376949/2022/12/1/263412e0-976b-4ac2-bdef-00fef46526d01669873465413-F-Gear-Unisex-Navy--Grey-Printed-Burner-Backpack-41416698734-3.jpg,http://assets.myntassets.com/assets/images/1376949/2022/12/1/86c2ff0c-5132-444e-adcb-c8dab239c0491669873465396-F-Gear-Unisex-Navy--Grey-Printed-Burner-Backpack-41416698734-4.jpg","[""100% Original Products"",""Pay on delivery might be available"",""Easy 14 days returns and exchanges"",""Try & Buy might be available""]","{""description"":""Navy and grey printed backpackOne haul loop, two padded and adjustable shoulder strapsTwo main zip compartments, one with a slip pocket and the other with two slip pocketsTwo slip pockets on the frontA zip pocket on either sideWarranty: 1 year against manufacturing defects"",""material_and_care"":""Polyester. Wipe with a clean, dry cloth when needed"",""size_and_fit"":""Height: 45 cm. Width: 31 cm. Depth: 20 cm""}","[{""name"":""Accessories"",""url"":""https://www.myntra.com/accessories""},{""name"":""Unisex"",""url"":""https://www.myntra.com/unisex-accessories""},{""name"":""Backpacks"",""url"":""https://www.myntra.com/backpacks""},{""name"":""F Gear"",""url"":""https://www.myntra.com/f-gear-backpacks""},{""name"":""More by F Gear"",""url"":""https://www.myntra.com/f-gear""}]","[{""specification_name"":""Compartment Closure"",""specification_value"":""Drawstring""},{""specification_name"":""Laptop Size"",""specification_value"":""Up to 16 inch""},{""specification_name"":""Material"",""specification_value"":""Leather""},{""specification_name"":""Number of Main Compartments"",""specification_value"":""2""},{""specification_name"":""Occasion"",""specification_value"":""Casual""},{""specification_name"":""Size"",""specification_value"":""Medium""}]","{""1_star"":33,""2_stars"":21,""3_stars"":69,""4_stars"":282,""5_stars"":647}",,,"[{""size"":""S""}]","[""https://videos.myntassets.com/assets/videos/2022/8/2/393c1588-d2b2-4861-badf-afccccfd8b47_17633752.mp4""]",,"[{},{},{},{},{},{}]",{},"[{""offer_name"":""10% Instant Discount on Citi Credit & Debit Cards "",""offer_value"":"" Min Spend ₹3,000; Max Discount ₹1,000. ""},{""offer_name"":""EMI option available""}]",backpacks
22409156.0,Kastner,Women Textured Tang Slim Belt,3.8,9,1399,84,"""₹223.00""",INR,"http://assets.myntassets.com/assets/images/22409156/2023/3/18/c3889f7f-9324-4f7c-9bfc-5cb1c6508bc51679101487453Belts1.jpg,http://assets.myntassets.com/assets/images/22409156/2023/3/18/7a5a0da4-8dab-40a0-ace7-022ba428a6951679101487465Belts2.jpg,http://assets.myntassets.com/assets/images/22409156/2023/3/18/7116d81b-269d-482f-bb38-a8b6d1252c061679101487488Belts3.jpg,http://assets.myntassets.com/assets/images/22409156/2023/3/18/a8b4c8da-4f89-4dc3-bfd9-31f38f86247f1679101487477Belts4.jpg,http://assets.myntassets.com/assets/images/22409156/2023/3/18/88c655e2-c311-40fa-afe3-60214f20d33a1679101487498Belts5.jpg","[""100% Original Products"",""Pay on delivery might be available"",""Easy 14 days returns and exchanges"",""Try & Buy might be available""]","{""description"":""Brown textured synthetic leather beltSecured with a tang closureWarranty: 3 monthsWarranty provided by brand owner/manufacturer"",""material_and_care"":""Synthetic Leather. Wipe with a clean and dry cloth to remove dust"",""size_and_fit"":""Width: 1.2 cm""}","[{""name"":""Accessories"",""url"":""https://www.myntra.com/accessories""},{""name"":""Women"",""url"":""https://www.myntra.com/women-accessories""},{""name"":""Belts"",""url"":""https://www.myntra.com/belts""},{""name"":""Kastner"",""url"":""https://www.myntra.com/kastner-belts""},{""name"":""More by Kastner"",""url"":""https://www.myntra.com/kastner""}]","[{""specification_name"":""Belt Width"",""specification_value"":""Slim""},{""specification_name"":""Closure"",""specification_value"":""Tang""},{""specification_name"":""Material"",""specification_value"":""Synthetic Leather""},{""specification_name"":""Multipack Set"",""specification_value"":""Single""},{""specification_name"":""Occasion"",""specification_value"":""Casual""},{""specification_name"":""Pattern"",""specification_value"":""Textured""},{""specification_name"":""Reversible"",""specification_value"":""No""},{""specification_name"":""Stretchable"",""specification_value"":""No""},{""specification_name"":""Sustainable"",""specification_value"":""Regular""},{""specification_name"":""Warranty"",""specification_value"":""3 months""}]","{""1_star"":2,""2_stars"":0,""3_stars"":0,""4_stars"":3,""5_stars"":4}",,,"[{""size"":""Onesize""}]","[""https://videos.myntassets.com/assets/videos/2022/6/22/6a7c815d-9e1d-4af7-bcf5-4549a9a6abf7_1376949.mp4"",""https://videos.myntassets.com/assets/videos/2022/10/27/bc98c4e0-0c02-4d97-8f88-7b011099ade3_1376949.mp4""]",,,{},"[{""offer_name"":""10% Instant Discount on Citi Credit & Debit Cards "",""offer_value"":"" Min Spend ₹3,000; Max Discount ₹1,000. ""},{""offer_name"":""EMI option available""}]",backpacks
18985918.0,Tommy Hilfiger,Women Navy Blue Embroidered High-Neck Pure Cotton Bodysuit,4.1,11,2999,40,"""₹1,799.00""",INR,"http://assets.myntassets.com/assets/images/18985918/2022/7/19/84f2e81e-c9f3-48bf-8e77-aa8802476c8d1658235336934-Tommy-Hilfiger-Women-Tshirts-6251658235336178-1.jpg,http://assets.myntassets.com/assets/images/18985918/2022/7/19/6d09d61f-582f-456a-af53-c3db87cc6b171658235336925-Tommy-Hilfiger-Women-Tshirts-6251658235336178-2.jpg,http://assets.myntassets.com/assets/images/18985918/2022/7/19/4ea157aa-f9bb-4007-ab01-05d4c56460ec1658235336916-Tommy-Hilfiger-Women-Tshirts-6251658235336178-3.jpg,http://assets.myntassets.com/assets/images/18985918/2022/7/19/f1b3717c-ac66-4a39-afbd-fbf8a8097d311658235336907-Tommy-Hilfiger-Women-Tshirts-6251658235336178-4.jpg,http://assets.myntassets.com/assets/images/18985918/2022/7/19/74a7dcd0-8dd8-4752-851e-659c217b48611658235336898-Tommy-Hilfiger-Women-Tshirts-6251658235336178-5.jpg,http://assets.myntassets.com/assets/images/18985918/2022/7/19/5f18a588-bb5a-49ba-acf0-edff86ee220a1658235336888-Tommy-Hilfiger-Women-Tshirts-6251658235336178-6.jpg,http://assets.myntassets.com/assets/images/18985918/2022/7/19/82cba825-faba-4fe9-8493-bbcb5ced96421658235336879-Tommy-Hilfiger-Women-Tshirts-6251658235336178-7.jpg","[""100% Original Products"",""Pay on delivery might be available"",""Easy 14 days returns and exchanges"",""Try & Buy might be available""]","{""description"":""Navy blue embroidered bodysuit has long sleeves, high-neck, and concealed press-studs at the crotch."",""material_and_care"":""94% Cotton 6% Elastane. Hand-wash"",""size_and_fit"":"". Size worn by the model: S. Chest: 39\"". Waist: 30\"". Hips: 38\"". Height: 6'2\"". ""}","[{""name"":""Clothing"",""url"":""https://www.myntra.com/clothing""},{""name"":""Women"",""url"":""https://www.myntra.com/women-clothing""},{""name"":""Bodysuit"",""url"":""https://www.myntra.com/bodysuit""},{""name"":""Tommy Hilfiger"",""url"":""https://www.myntra.com/tommy-hilfiger-bodysuit""},{""name"":""More by Tommy Hilfiger"",""url"":""https://www.myntra.com/tommy-hilfiger""}]","[{""specification_name"":""Body or Garment Size"",""specification_value"":""Garment Measurements in""},{""specification_name"":""Character"",""specification_value"":""NA""},{""specification_name"":""Fabric"",""specification_value"":""Cotton""},{""specification_name"":""Fabric 2"",""specification_value"":""Elastane""},{""specification_name"":""Multipack Set"",""specification_value"":""NA""},{""specification_name"":""Occasion"",""specification_value"":""Casual""},{""specification_name"":""Pattern"",""specification_value"":""Other""},{""specification_name"":""Sustainable"",""specification_value"":""Regular""},{""specification_name"":""Units Per Bundle"",""specification_value"":""1""},{""specification_name"":""Wash Care"",""specification_value"":""Machine Wash""}]","{""1_star"":1,""2_stars"":0,""3_stars"":2,""4_stars"":2,""5_stars"":6}",,Kas███r L███her█████████Pvt██████,"[{""size"":""26"",""value"":""26.0in"",""value_name"":""To Fit Waist""},{""size"":""26"",""value"":""32.0in"",""value_name"":""Belt Length""},{""size"":""26"",""value"":""1.2cm"",""value_name"":""Width""},{""size"":""28"",""value"":""28.0in"",""value_name"":""To Fit Waist""},{""size"":""28"",""value"":""34.0in"",""value_name"":""Belt Length""},{""size"":""28"",""value"":""1.2cm"",""value_name"":""Width""},{""size"":""30"",""value"":""30.0in"",""value_name"":""To Fit Waist""},{""size"":""30"",""value"":""36.0in"",""value_name"":""Belt Length""},{""size"":""30"",""value"":""1.2cm"",""value_name"":""Width""},{""size"":""32"",""value"":""32.0in"",""value_name"":""To Fit Waist""},{""size"":""32"",""value"":""38.0in"",""value_name"":""Belt Length""},{""size"":""32"",""value"":""1.2cm"",""value_name"":""Width""},{""size"":""34"",""value"":""34.0in"",""value_name"":""To Fit Waist""},{""size"":""34"",""value"":""40.0in"",""value_name"":""Belt Length""},{""size"":""34"",""value"":""1.2cm"",""value_name"":""Width""},{""size"":""36"",""value"":""36.0in"",""value_name"":""To Fit Waist""},{""size"":""36"",""value"":""42.0in"",""value_name"":""Belt Length""},{""size"":""36"",""value"":""1.2cm"",""value_name"":""Width""}]",,A-5███ADA███R V█████████ De█████████████████████,"[{},{},{},{},{},{}]","{""applicable_on"":""Orders above Rs. 649 (only on first purchase)"",""best_price"":""154"",""coupon_code"":""MYNTRA200"",""coupon_discount"":"" Rs. 69.0 off (check cart for final savings)""}","[{""offer_name"":""10% Instant Discount on IndusInd Bank Debit Cards "",""offer_value"":"" Min Spend ₹2,500; Max Discount ₹1,000. ""},{""offer_name"":""10% Instant Discount on Citi Credit & Debit Cards "",""offer_value"":"" Min Spend ₹3,000; Max Discount ₹1,000. ""},{""offer_name"":""10% Instant Discount on Yes Bank Credit Cards "",""offer_value"":"" Min Spend ₹3,500; Max Discount ₹1,000. ""},{""offer_name"":""Flat ₹100 Cashback on Mobiwkik Wallet/Zip "",""offer_value"":"" Min Spend ₹1,999. ""},{""offer_name"":""7.5% Discount on Myntra Kotak Credit Card."",""offer_value"":"" Max Discount Up to ₹750 on every spends. ""},{""offer_name"":""EMI option available"",""offer_value"":""EMI starting from Rs.11/month""}]",belts
22120138.0,Ed-a-Mamma Baby,Infant Boys Pack Of 2 Printed Pure Cotton Bodysuit,4.2,5,999,30,"""₹699.00""",INR,"http://assets.myntassets.com/assets/images/22120138/2023/2/25/efa259f9-66b7-4a6a-99dd-a4ea9f8f9a811677313854229Ed-a-MammaBabyInfantBoysPackOf2PrintedPureCottonBodysuit1.jpg,http://assets.myntassets.com/assets/images/22120138/2023/2/25/39dbd8d6-b91e-4225-8781-edcadd11b83a1677313854217Ed-a-MammaBabyInfantBoysPackOf2PrintedPureCottonBodysuit2.jpg,http://assets.myntassets.com/assets/images/22120138/2023/2/25/ca2a0c45-84f4-4a52-9212-b0bbe682e9a81677313854250Ed-a-MammaBabyInfantBoysPackOf2PrintedPureCottonBodysuit3.jpg,http://assets.myntassets.com/assets/images/22120138/2023/2/25/403e759f-d195-4051-a6f0-e6ffe749936f1677313854238Ed-a-MammaBabyInfantBoysPackOf2PrintedPureCottonBodysuit4.jpg,http://assets.myntassets.com/assets/images/22120138/2023/2/25/c34b3a98-d119-4bb1-8b2b-51aaab0a83021677313854202Ed-a-MammaBabyInfantBoysPackOf2PrintedPureCottonBodysuit5.jpg,http://assets.myntassets.com/assets/images/22120138/2023/2/25/6d557a52-0a7c-435e-b944-dd5013c6ae671677313854191Ed-a-MammaBabyInfantBoysPackOf2PrintedPureCottonBodysuit6.jpg","[""100% Original Products"",""Pay on delivery might be available"",""Easy 30 days returns and exchanges"",""Try & Buy might be available""]","{""description"":""Pack of 2 printed body suits in blue & green, each has a round neck, short sleeves and button closures at the crotch and at the shoulders.Features: Our fabrics are all natural fiber based and biodegradableWe use safe dyes that are AZO freeOur prints are created just for you, designed to spark ideas and tell new storiesThe fabric scraps are repurposed to make hair bands and potli bagsOur garments have plastic-free and nickel free trims and buttonsWith every garment, we give you a seed ball. Sow it, water it, give it some sunshine\n"",""material_and_care"":""100% Cotton. Machine Wash""}","[{""name"":""Clothing"",""url"":""https://www.myntra.com/clothing""},{""name"":""Boys"",""url"":""https://www.myntra.com/boys-clothing""},{""name"":""Bodysuit"",""url"":""https://www.myntra.com/bodysuit""},{""name"":""Ed-a-Mamma Baby"",""url"":""https://www.myntra.com/ed-a-mamma-baby-bodysuit""},{""name"":""More by Ed-a-Mamma Baby"",""url"":""https://www.myntra.com/ed-a-mamma-baby""}]","[{""specification_name"":""Body or Garment Size"",""specification_value"":""Garment Measurements in""},{""specification_name"":""Character"",""specification_value"":""NA""},{""specification_name"":""Fabric"",""specification_value"":""Cotton""},{""specification_name"":""Fabric 2"",""specification_value"":""NA""},{""specification_name"":""Multipack Set"",""specification_value"":""2""},{""specification_name"":""Occasion"",""specification_value"":""Casual""},{""specification_name"":""Pattern"",""specification_value"":""Printed""},{""specification_name"":""Sustainable"",""specification_value"":""Sustainable""},{""specification_name"":""Units Per Bundle"",""specification_value"":""2""},{""specification_name"":""Wash Care"",""specification_value"":""Machine Wash""}]","{""1_star"":0,""2_stars"":1,""3_stars"":0,""4_stars"":1,""5_stars"":3}",,PVH███VIN███ASH█████████TE ███████████████,"[{""size"":""XXS"",""value"":""21.8in"",""value_name"":""Front Length""},{""size"":""XXS"",""value"":""13.0in"",""value_name"":""Across Shoulder""},{""size"":""XXS"",""value"":""23.3in"",""value_name"":""To Fit Waist""},{""size"":""XXS"",""value"":""30.5in"",""value_name"":""To Fit Bust""},{""size"":""XS"",""value"":""23.1in"",""value_name"":""Front Length""},{""size"":""XS"",""value"":""15.0in"",""value_name"":""Across Shoulder""},{""size"":""XS"",""value"":""24.8in"",""value_name"":""To Fit Waist""},{""size"":""XS"",""value"":""31.9in"",""value_name"":""To Fit Bust""},{""size"":""S"",""value"":""24.4in"",""value_name"":""Front Length""},{""size"":""S"",""value"":""15.4in"",""value_name"":""Across Shoulder""},{""size"":""S"",""value"":""26.8in"",""value_name"":""To Fit Waist""},{""size"":""S"",""value"":""33.8in"",""value_name"":""To Fit Bust""},{""size"":""M"",""value"":""25.7in"",""value_name"":""Front Length""},{""size"":""M"",""value"":""15.8in"",""value_name"":""Across Shoulder""},{""size"":""M"",""value"":""28.8in"",""value_name"":""To Fit Waist""},{""size"":""M"",""value"":""35.8in"",""value_name"":""To Fit Bust""},{""size"":""L"",""value"":""27.0in"",""value_name"":""Front Length""},{""size"":""L"",""value"":""16.2in"",""value_name"":""Across Shoulder""},{""size"":""L"",""value"":""30.7in"",""value_name"":""To Fit Waist""},{""size"":""L"",""value"":""37.8in"",""value_name"":""To Fit Bust""},{""size"":""XL"",""value"":""28.3in"",""value_name"":""Front Length""},{""size"":""XL"",""value"":""16.6in"",""value_name"":""Across Shoulder""},{""size"":""XL"",""value"":""32.7in"",""value_name"":""To Fit Waist""},{""size"":""XL"",""value"":""39.8in"",""value_name"":""To Fit Bust""}]",,PVH███vin███ash█████████tdN█████████████████████Vay████████████████████████████████████████████████,,"{""applicable_on"":""Orders above Rs. 1499 (only on first purchase)"",""best_price"":""1399"",""coupon_code"":""MYNTRA400"",""coupon_discount"":"" Rs. 400.0 off (check cart for final savings)""}","[{""offer_name"":""10% Instant Discount on IndusInd Bank Debit Cards "",""offer_value"":"" Min Spend ₹2,500; Max Discount ₹1,000. ""},{""offer_name"":""10% Instant Discount on Citi Credit & Debit Cards "",""offer_value"":"" Min Spend ₹3,000; Max Discount ₹1,000. ""},{""offer_name"":""10% Instant Discount on Yes Bank Credit Cards "",""offer_value"":"" Min Spend ₹3,500; Max Discount ₹1,000. ""},{""offer_name"":""Flat ₹100 Cashback on Mobiwkik Wallet/Zip "",""offer_value"":"" Min Spend ₹1,999. ""},{""offer_name"":""7.5% Discount on Myntra Kotak Credit Card."",""offer_value"":"" Max Discount Up to ₹750 on every spends. ""}]",bodysuit
1728397.0,Mactree,Men Brown Solid Mid-Top Flat Boots,3.9,1727,9060,88,"""₹1,087.00""",INR,"http://assets.myntassets.com/assets/images/1728397/2017/1/19/11484808067909-Mactree-Men-Brown-Solid-Mid-Top-Flat-Boots-1051484808067777-1.jpg,http://assets.myntassets.com/assets/images/1728397/2017/1/19/11484808067889-Mactree-Men-Brown-Solid-Mid-Top-Flat-Boots-1051484808067777-2.jpg,http://assets.myntassets.com/assets/images/1728397/2017/1/19/11484808067867-Mactree-Men-Brown-Solid-Mid-Top-Flat-Boots-1051484808067777-3.jpg,http://assets.myntassets.com/assets/images/1728397/2017/1/19/11484808067853-Mactree-Men-Brown-Solid-Mid-Top-Flat-Boots-1051484808067777-4.jpg,http://assets.myntassets.com/assets/images/1728397/2017/1/19/11484808067830-Mactree-Men-Brown-Solid-Mid-Top-Flat-Boots-1051484808067777-5.jpg","[""100% Original Products"",""Pay on delivery might be available"",""Easy 14 days returns and exchanges""]","{""description"":""A pair of round-toe brown? flat boots, has mid-top styling, lace-up detailPU upper, has a reinforced heel collarCushioned footbedTextured and patterned outsoleWarranty: 30 daysWarranty provided by Brand Owner / Manufacturer"",""material_and_care"":""PU .  Wipe with a clean, dry cloth to remove dust""}","[{""name"":""Footwear"",""url"":""https://www.myntra.com/footwear""},{""name"":""Men"",""url"":""https://www.myntra.com/men-footwear""},{""name"":""Boots"",""url"":""https://www.myntra.com/boots""},{""name"":""Mactree"",""url"":""https://www.myntra.com/mactree-boots""},{""name"":""More by Mactree"",""url"":""https://www.myntra.com/mactree""}]","[{""specification_name"":""Ankle Height"",""specification_value"":""Mid-Top""},{""specification_name"":""Fastening"",""specification_value"":""Lace-Ups""},{""specification_name"":""Heel Height"",""specification_value"":""1 inch""},{""specification_name"":""Heel Type"",""specification_value"":""NA""},{""specification_name"":""Material"",""specification_value"":""Synthetic Leather""},{""specification_name"":""Occasion"",""specification_value"":""Casual""},{""specification_name"":""Pattern"",""specification_value"":""Solid""},{""specification_name"":""Sole Material"",""specification_value"":""TPR""},{""specification_name"":""Surface Styling"",""specification_value"":""NA""},{""specification_name"":""Toe Shape"",""specification_value"":""Round Toe""},{""specification_name"":""Type"",""specification_value"":""Hiking Boots""},{""specification_name"":""Warranty"",""specification_value"":""1 month""}]","{""1_star"":228,""2_stars"":89,""3_stars"":186,""4_stars"":336,""5_stars"":888}",,ETE███LIA███EAT█████████CHA█████████████████████ED,"[{""size"":""0-3M"",""value"":""18.9in"",""value_name"":""Chest""},{""size"":""0-3M"",""value"":""14.18in"",""value_name"":""Front Length""},{""size"":""0-3M"",""value"":""7.49in"",""value_name"":""Across Shoulder""},{""size"":""3-6M"",""value"":""19.69in"",""value_name"":""Chest""},{""size"":""3-6M"",""value"":""15.36in"",""value_name"":""Front Length""},{""size"":""3-6M"",""value"":""7.88in"",""value_name"":""Across Shoulder""},{""size"":""6-9M"",""value"":""20.48in"",""value_name"":""Chest""},{""size"":""6-9M"",""value"":""16.54in"",""value_name"":""Front Length""},{""size"":""6-9M"",""value"":""8.27in"",""value_name"":""Across Shoulder""},{""size"":""9-12M"",""value"":""22.05in"",""value_name"":""Chest""},{""size"":""9-12M"",""value"":""17.33in"",""value_name"":""Front Length""},{""size"":""9-12M"",""value"":""8.55in"",""value_name"":""Across Shoulder""},{""size"":""12-18M"",""value"":""23.63in"",""value_name"":""Chest""},{""size"":""12-18M"",""value"":""18.12in"",""value_name"":""Front Length""},{""size"":""12-18M"",""value"":""8.82in"",""value_name"":""Across Shoulder""}]",,1A ███I H███E S█████████CH █████████████████████sht████████████,,"{""applicable_on"":""Orders above Rs. 999 (only on first purchase)"",""best_price"":""489"",""coupon_code"":""MYNTRA300"",""coupon_discount"":"" Rs. 210.0 off (check cart for final savings)""}","[{""offer_name"":""10% Instant Discount on IndusInd Bank Debit Cards "",""offer_value"":"" Min Spend ₹2,500; Max Discount ₹1,000. ""},{""offer_name"":""10% Instant Discount on Citi Credit & Debit Cards "",""offer_value"":"" Min Spend ₹3,000; Max Discount ₹1,000. ""},{""offer_name"":""10% Instant Discount on Yes Bank Credit Cards "",""offer_value"":"" Min Spend ₹3,500; Max Discount ₹1,000. ""},{""offer_name"":""Flat ₹100 Cashback on Mobiwkik Wallet/Zip "",""offer_value"":"" Min Spend ₹1,999. ""},{""offer_name"":""7.5% Discount on Myntra Kotak Credit Card."",""offer_value"":"" Max Discount Up to ₹750 on every spends. ""}]",bodysuit
21427828.0,London Rag,Women Stiletto Heeled High-Top Boots,5,4,9599,60,"""₹3,839.00""",INR,"http://assets.myntassets.com/assets/images/21427828/2023/1/5/8e2d9bd5-a96e-45a8-b6e3-9bc2920f17c01672919599343Boots1.jpg,http://assets.myntassets.com/assets/images/21427828/2023/1/5/00c5cd9a-7a2d-4623-bd80-a8e05d24dd691672919599320Boots2.jpg,http://assets.myntassets.com/assets/images/21427828/2023/1/5/cf405115-7760-4c8d-ab36-7b16c3138b321672919599332Boots3.jpg,http://assets.myntassets.com/assets/images/21427828/2023/1/5/1fa5f3d9-0235-44ed-b563-c75002c3fe561672919599309Boots4.jpg,http://assets.myntassets.com/assets/images/21427828/2023/1/5/c361a926-dd39-477c-9df9-6ca1dd3a5d9d1672919599298Boots5.jpg","[""100% Original Products"",""Pay on delivery might be available"",""Easy 14 days returns and exchanges""]","{""description"":""A pair of solid knee length winter boots, has high-top ankle and slip on side zip fastening and pointed toeSuede solid upper materialCushioned footbedTextured and patterned outsole, has a stiletto heel"",""material_and_care"":""Suede. Wipe with a clean and dry cloth to remove dust"",""size_and_fit"":""Heel height: 11.15cm""}","[{""name"":""Footwear"",""url"":""https://www.myntra.com/footwear""},{""name"":""Women"",""url"":""https://www.myntra.com/women-footwear""},{""name"":""Boots"",""url"":""https://www.myntra.com/boots""},{""name"":""London Rag"",""url"":""https://www.myntra.com/london-rag-boots""},{""name"":""More by London Rag"",""url"":""https://www.myntra.com/london-rag""}]","[{""specification_name"":""Ankle Height"",""specification_value"":""High-Top""},{""specification_name"":""Fastening"",""specification_value"":""Zip""},{""specification_name"":""Heel Height"",""specification_value"":""4.5 inches""},{""specification_name"":""Heel Type"",""specification_value"":""Stiletto""},{""specification_name"":""Material"",""specification_value"":""Suede""},{""specification_name"":""Occasion"",""specification_value"":""Casual""},{""specification_name"":""Pattern"",""specification_value"":""Solid""},{""specification_name"":""Sole Material"",""specification_value"":""TPR""},{""specification_name"":""Surface Styling"",""specification_value"":""NA""},{""specification_name"":""Toe Shape"",""specification_value"":""Pointed Toe""},{""specification_name"":""Type"",""specification_value"":""Regular Boots""},{""specification_name"":""Warranty"",""specification_value"":""NA""}]","{""1_star"":0,""2_stars"":0,""3_stars"":0,""4_stars"":0,""5_stars"":4}",,MAX███ IN███NAT██████,"[{""size"":""6"",""value"":""25.1cm"",""value_name"":""To Fit Foot Length""},{""size"":""7"",""value"":""25.8cm"",""value_name"":""To Fit Foot Length""},{""size"":""8"",""value"":""26.5cm"",""value_name"":""To Fit Foot Length""},{""size"":""9"",""value"":""27.0cm"",""value_name"":""To Fit Foot Length""},{""size"":""10"",""value"":""28.0cm"",""value_name"":""To Fit Foot Length""},{""size"":""12"",""value"":""29.3cm"",""value_name"":""To Fit Foot Length""}]",,"21/███10 ███NS █████████4 ,█████████████████████NAT████████████████████████████████████",[{}],"{""applicable_on"":""Orders above Rs. 999 (only on first purchase)"",""best_price"":""787"",""coupon_code"":""MYNTRA300"",""coupon_discount"":"" Rs. 300.0 off (check cart for final savings)""}","[{""offer_name"":""10% Instant Discount on IndusInd Bank Debit Cards "",""offer_value"":"" Min Spend ₹2,500; Max Discount ₹1,000. ""},{""offer_name"":""10% Instant Discount on Citi Credit & Debit Cards "",""offer_value"":"" Min Spend ₹3,000; Max Discount ₹1,000. ""},{""offer_name"":""10% Instant Discount on Yes Bank Credit Cards "",""offer_value"":"" Min Spend ₹3,500; Max Discount ₹1,000. ""},{""offer_name"":""Flat ₹100 Cashback on Mobiwkik Wallet/Zip "",""offer_value"":"" Min Spend ₹1,999. ""},{""offer_name"":""7.5% Discount on Myntra Kotak Credit Card."",""offer_value"":"" Max Discount Up to ₹750 on every spends. ""}]",boots
17372928.0,The Souled Store,Men Blue & White Abstract Printed Boxers,4.5,22,799,54,"""₹367.00""",INR,"http://assets.myntassets.com/assets/images/17372928/2022/6/21/04ad26cd-e5c5-42e0-a0bb-693927491e1f1655827310029TheSouledStoreMenBlueWhiteAbstractPrintedBoxers1.jpg,http://assets.myntassets.com/assets/images/17372928/2022/6/21/5ed54387-515e-41e3-a792-8b63d8278a5c1655827310037TheSouledStoreMenBlueWhiteAbstractPrintedBoxers2.jpg,http://assets.myntassets.com/assets/images/17372928/2022/6/21/00b40cba-4cd0-41b9-b53a-5482926ace591655827310045TheSouledStoreMenBlueWhiteAbstractPrintedBoxers3.jpg,http://assets.myntassets.com/assets/images/17372928/2022/6/21/8c861cae-0111-4440-ae38-ea9335fd085d1655827310052TheSouledStoreMenBlueWhiteAbstractPrintedBoxers4.jpg,http://assets.myntassets.com/assets/images/17372928/2022/6/21/361ed74b-416e-48ae-b0bc-e09d94fcad0f1655827310061TheSouledStoreMenBlueWhiteAbstractPrintedBoxers5.jpg","[""100% Original Products"",""Pay on delivery might be available"",""Items like innerwear, socks, certain accessories and some high-value fragile items do not come under our return policy""]","{""description"":""Blue, white and black printed boxers, has an inner elasticated waistband with slip-on closure, concealed fly and one back pocket"",""material_and_care"":""Cotton blend. Machine-wash"",""size_and_fit"":""The model (height 6') is wearing a size M""}","[{""name"":""Clothing"",""url"":""https://www.myntra.com/clothing""},{""name"":""Men"",""url"":""https://www.myntra.com/men-clothing""},{""name"":""Boxers"",""url"":""https://www.myntra.com/boxers""},{""name"":""The Souled Store"",""url"":""https://www.myntra.com/the-souled-store-boxers""},{""name"":""More by The Souled Store"",""url"":""https://www.myntra.com/the-souled-store""}]","[{""specification_name"":""Assorted"",""specification_value"":""No""},{""specification_name"":""Character"",""specification_value"":""NA""},{""specification_name"":""Fabric"",""specification_value"":""Cotton Blend""},{""specification_name"":""Knit or Woven"",""specification_value"":""Knitted""},{""specification_name"":""Multipack Set"",""specification_value"":""NA""},{""specification_name"":""Pattern"",""specification_value"":""Printed""},{""specification_name"":""Sustainable"",""specification_value"":""Regular""},{""specification_name"":""Waistband"",""specification_value"":""Inner Elastic""},{""specification_name"":""Wash Care"",""specification_value"":""Machine Wash""}]","{""1_star"":1,""2_stars"":1,""3_stars"":0,""4_stars"":3,""5_stars"":17}",,VOL███FAS███N P█████████,"[{""size"":""3"",""value"":""23.0cm"",""value_name"":""To Fit Foot Length""},{""size"":""4"",""value"":""24.0cm"",""value_name"":""To Fit Foot Length""},{""size"":""5"",""value"":""24.5cm"",""value_name"":""To Fit Foot Length""},{""size"":""6"",""value"":""25.5cm"",""value_name"":""To Fit Foot Length""},{""size"":""7"",""value"":""26.5cm"",""value_name"":""To Fit Foot Length""},{""size"":""8"",""value"":""27.5cm"",""value_name"":""To Fit Foot Length""}]",,SAI███USE███OT █████████ NA█████████████████████ra █████████,,"{""applicable_on"":""Orders above Rs. 1499 (only on first purchase)"",""best_price"":""3439"",""coupon_code"":""MYNTRA400"",""coupon_discount"":"" Rs. 400.0 off (check cart for final savings)""}","[{""offer_name"":""10% Instant Discount on IndusInd Bank Debit Cards "",""offer_value"":"" Min Spend ₹2,500; Max Discount ₹1,000. ""},{""offer_name"":""10% Instant Discount on Citi Credit & Debit Cards "",""offer_value"":"" Min Spend ₹3,000; Max Discount ₹1,000. ""},{""offer_name"":""10% Instant Discount on Yes Bank Credit Cards "",""offer_value"":"" Min Spend ₹3,500; Max Discount ₹1,000. ""},{""offer_name"":""Flat ₹100 Cashback on Mobiwkik Wallet/Zip "",""offer_value"":"" Min Spend ₹1,999. ""},{""offer_name"":""7.5% Discount on Myntra Kotak Credit Card."",""offer_value"":"" Max Discount Up to ₹750 on every spends. ""}]",boots
15115018.0,Jockey,Non-Wired Non-Padded Combed Cotton Workout Bra 1376-0105,4.4,1582,579,,"""₹579.00""",INR,"http://assets.myntassets.com/assets/images/15115018/2024/1/18/eab71c60-6f41-47be-917f-90cadb2f43aa1705571578396JockeyNon-WiredNon-PaddedCombedCottonWorkoutBra1376-01051.jpg,http://assets.myntassets.com/assets/images/15115018/2024/1/18/8c7761a1-bd6b-4217-b66c-39e0bc17c68a1705571578407JockeyNon-WiredNon-PaddedCombedCottonWorkoutBra1376-01052.jpg,http://assets.myntassets.com/assets/images/15115018/2024/1/18/0e44e081-7126-4936-b4f8-e625d500c07c1705571578418JockeyNon-WiredNon-PaddedCombedCottonWorkoutBra1376-01053.jpg,http://assets.myntassets.com/assets/images/15115018/2024/1/18/fe5ef023-61a2-426e-874d-d6de11ec9a6e1705571578429JockeyNon-WiredNon-PaddedCombedCottonWorkoutBra1376-01054.jpg,http://assets.myntassets.com/assets/images/15115018/2024/1/18/b41d154a-aeeb-4f0c-b6f8-b0cca799ddda1705571578440JockeyNon-WiredNon-PaddedCombedCottonWorkoutBra1376-01055.jpg,http://assets.myntassets.com/assets/images/15115018/2024/1/18/affd55c6-04d0-44f6-879d-9184d585464b1705571578453JockeyNon-WiredNon-PaddedCombedCottonWorkoutBra1376-01056.jpg,http://assets.myntassets.com/assets/images/15115018/2024/1/18/32250e49-9517-42c2-b661-c5674099a1c71705571578464JockeyNon-WiredNon-PaddedCombedCottonWorkoutBra1376-01057.jpg","[""100% Original Products"",""Pay on delivery might be available"",""Easy 14 days returns"",""This item is only returnable and not exchangeable""]","{""description"":""Grey melange knitted sports braBasic slip-on with soft moulded seamless cups. Double layered cups & soft bottom band helps keep the bust firmly in placeWider straps for extra support & comfortBack style: RegularFeature: Modern styling provides freedom of movement & excellent fit"",""material_and_care"":""92% combed cotton, 8% elastane. Hand wash. Do not bleach. Do not wring. Drip dry in shade. Do not iron. Do not dry clean. Wash with like colours""}","[{""name"":""Clothing"",""url"":""https://www.myntra.com/clothing""},{""name"":""Women"",""url"":""https://www.myntra.com/women-clothing""},{""name"":""Bra"",""url"":""https://www.myntra.com/bra""},{""name"":""Jockey"",""url"":""https://www.myntra.com/jockey-bra""},{""name"":""More by Jockey"",""url"":""https://www.myntra.com/jockey""}]","[{""specification_name"":""Back"",""specification_value"":""Regular""},{""specification_name"":""Center Front Open"",""specification_value"":""No""},{""specification_name"":""Character"",""specification_value"":""NA""},{""specification_name"":""Closure"",""specification_value"":""Slip-On""},{""specification_name"":""Collection Name"",""specification_value"":""Athleisure""},{""specification_name"":""Coverage"",""specification_value"":""Full""},{""specification_name"":""Fabric"",""specification_value"":""Cotton""},{""specification_name"":""Fabric 2"",""specification_value"":""Elastane""},{""specification_name"":""Fabric 3"",""specification_value"":""NA""},{""specification_name"":""Features"",""specification_value"":""Side Shaper""},{""specification_name"":""Knit or Woven"",""specification_value"":""Knitted""},{""specification_name"":""Multipack Set"",""specification_value"":""Single""},{""specification_name"":""Padding"",""specification_value"":""Non Padded""},{""specification_name"":""Pattern"",""specification_value"":""Solid""},{""specification_name"":""Print or Pattern Type"",""specification_value"":""Solid""},{""specification_name"":""Seam"",""specification_value"":""Seamless""},{""specification_name"":""Sport"",""specification_value"":""Training or Gym""},{""specification_name"":""Sports Bra Support"",""specification_value"":""Medium Support""},{""specification_name"":""Straps"",""specification_value"":""Regular""},{""specification_name"":""Style"",""specification_value"":""NA""},{""specification_name"":""Sustainable"",""specification_value"":""Regular""},{""specification_name"":""Technology"",""specification_value"":""NA""},{""specification_name"":""Type"",""specification_value"":""Workout""},{""specification_name"":""Wash Care"",""specification_value"":""Hand Wash""},{""specification_name"":""Wiring"",""specification_value"":""Non-Wired""}]","{""1_star"":90,""2_stars"":25,""3_stars"":93,""4_stars"":283,""5_stars"":1091}","[{""percentage"":""100"",""value_name"":""Fit, Just Right""}]",THE███ULE███TOR█████████D.,"[{""size"":""S"",""value"":""30.0in"",""value_name"":""To Fit Waist""},{""size"":""S"",""value"":""5.0in"",""value_name"":""Inseam Length""},{""size"":""S"",""value"":""20.0in"",""value_name"":""To Fit Hip""},{""size"":""S"",""value"":""14.0in"",""value_name"":""Outseam Length""},{""size"":""M"",""value"":""32.0in"",""value_name"":""To Fit Waist""},{""size"":""M"",""value"":""5.0in"",""value_name"":""Inseam Length""},{""size"":""M"",""value"":""21.0in"",""value_name"":""To Fit Hip""},{""size"":""M"",""value"":""14.5in"",""value_name"":""Outseam Length""},{""size"":""L"",""value"":""34.0in"",""value_name"":""To Fit Waist""},{""size"":""L"",""value"":""5.0in"",""value_name"":""Inseam Length""},{""size"":""L"",""value"":""22.0in"",""value_name"":""To Fit Hip""},{""size"":""L"",""value"":""15.0in"",""value_name"":""Outseam Length""},{""size"":""XL"",""value"":""36.0in"",""value_name"":""To Fit Waist""},{""size"":""XL"",""value"":""5.0in"",""value_name"":""Inseam Length""},{""size"":""XL"",""value"":""23.0in"",""value_name"":""To Fit Hip""},{""size"":""XL"",""value"":""15.5in"",""value_name"":""Outseam Length""}]",,"F6 ███02,███umi█████████dus█████████████████████ill████████████████████████████████████████████████████████████████████████████████████████████████████████████████████████████████████",,"{""applicable_on"":""Orders above Rs. 649 (only on first purchase)"",""best_price"":""254"",""coupon_code"":""MYNTRA200"",""coupon_discount"":"" Rs. 113.0 off (check cart for final savings)""}","[{""offer_name"":""10% Instant Discount on IndusInd Bank Debit Cards "",""offer_value"":"" Min Spend ₹2,500; Max Discount ₹1,000. ""},{""offer_name"":""10% Instant Discount on Citi Credit & Debit Cards "",""offer_value"":"" Min Spend ₹3,000; Max Discount ₹1,000. ""},{""offer_name"":""10% Instant Discount on Yes Bank Credit Cards "",""offer_value"":"" Min Spend ₹3,500; Max Discount ₹1,000. ""},{""offer_name"":""Flat ₹100 Cashback on Mobiwkik Wallet/Zip "",""offer_value"":"" Min Spend ₹1,999. ""},{""offer_name"":""7.5% Discount on Myntra Kotak Credit Card."",""offer_value"":"" Max Discount Up to ₹750 on every spends. ""}]",boxers
22063882.0,GROVERSONS Paris Beauty,Non Padded Cotton Seamless Non-Wired T-shirt Bra,4,25,399,25,"""₹299.00""",INR,"http://assets.myntassets.com/assets/images/22063882/2023/2/21/025382e1-1a75-4ffc-a9f9-3be1b3acc0321676968287403GROVERSONSParisBeautyBeigeBra1.jpg,http://assets.myntassets.com/assets/images/22063882/2023/2/21/14611ac7-8012-463a-9f6f-31be1959af8f1676968287393GROVERSONSParisBeautyBeigeBra2.jpg,http://assets.myntassets.com/assets/images/22063882/2023/2/21/0db49abf-fcc1-43a3-8613-4eb0c119ebe31676968287426GROVERSONSParisBeautyBeigeBra3.jpg,http://assets.myntassets.com/assets/images/22063882/2023/2/21/b5793d22-631e-49cd-9e6c-6de36ebc296d1676968287441GROVERSONSParisBeautyBeigeBra4.jpg,http://assets.myntassets.com/assets/images/22063882/2023/2/21/7ffe21b2-f0ab-415a-8edf-6a507d4878021676968287379GROVERSONSParisBeautyBeigeBra5.jpg,http://assets.myntassets.com/assets/images/22063882/2023/2/21/244365da-e339-4e89-8db3-6654dd9711a61676968287413GROVERSONSParisBeautyBeigeBra6.jpg","[""100% Original Products"",""Pay on delivery might be available"",""Easy 14 days returns"",""This item is only returnable and not exchangeable""]","{""description"":""An edgier take on a basic style, this bra is the answer to all your everyday lingerie peeves. Each feature is meticulously defined to give you a smooth and supported look throughout the day.Features VANumber: BR056-SKIN-30BFull coverageNon-wired to retain natural lift and all-day comfortNon padded for minimal support and day long comfortSeamless cupsRegular strapsBack closureFeatures: all day comfort"",""material_and_care"":""Cotton. Hand Wash""}","[{""name"":""Clothing"",""url"":""https://www.myntra.com/clothing""},{""name"":""Women"",""url"":""https://www.myntra.com/women-clothing""},{""name"":""Bra"",""url"":""https://www.myntra.com/bra""},{""name"":""GROVERSONS Paris Beauty"",""url"":""https://www.myntra.com/groversons-paris-beauty-bra""},{""name"":""More by GROVERSONS Paris Beauty"",""url"":""https://www.myntra.com/groversons-paris-beauty""}]","[{""specification_name"":""Back"",""specification_value"":""Regular""},{""specification_name"":""Center Front Open"",""specification_value"":""No""},{""specification_name"":""Character"",""specification_value"":""NA""},{""specification_name"":""Closure"",""specification_value"":""Back Closure""},{""specification_name"":""Coverage"",""specification_value"":""Full""},{""specification_name"":""Fabric"",""specification_value"":""Cotton""},{""specification_name"":""Fabric 2"",""specification_value"":""NA""},{""specification_name"":""Fabric 3"",""specification_value"":""NA""},{""specification_name"":""Features"",""specification_value"":""All Day Comfort""},{""specification_name"":""Knit or Woven"",""specification_value"":""Knitted""},{""specification_name"":""Multipack Set"",""specification_value"":""Single""},{""specification_name"":""Padding"",""specification_value"":""Non Padded""},{""specification_name"":""Pattern"",""specification_value"":""Solid""},{""specification_name"":""Print or Pattern Type"",""specification_value"":""Solid""},{""specification_name"":""Seam"",""specification_value"":""Seamless""},{""specification_name"":""Sport"",""specification_value"":""NA""},{""specification_name"":""Sports Bra Support"",""specification_value"":""Medium Support""},{""specification_name"":""Straps"",""specification_value"":""Regular""},{""specification_name"":""Style"",""specification_value"":""Super Support Bra""},{""specification_name"":""Sustainable"",""specification_value"":""Regular""},{""specification_name"":""Technology"",""specification_value"":""NA""},{""specification_name"":""Type"",""specification_value"":""T-shirt""},{""specification_name"":""Wash Care"",""specification_value"":""Hand Wash""},{""specification_name"":""Wiring"",""specification_value"":""Non-Wired""}]","{""1_star"":3,""2_stars"":0,""3_stars"":3,""4_stars"":8,""5_stars"":11}",,Tru███m R███il,"[{""size"":""S"",""value"":""34.0in"",""value_name"":""Overbust""},{""size"":""S"",""value"":""27.0in"",""value_name"":""Underbust""},{""size"":""M"",""value"":""36.0in"",""value_name"":""Overbust""},{""size"":""M"",""value"":""29.0in"",""value_name"":""Underbust""},{""size"":""L"",""value"":""38.0in"",""value_name"":""Overbust""},{""size"":""L"",""value"":""31.0in"",""value_name"":""Underbust""},{""size"":""XL"",""value"":""40.0in"",""value_name"":""Overbust""},{""size"":""XL"",""value"":""33.0in"",""value_name"":""Underbust""},{""size"":""3XL"",""value"":""43.0in"",""value_name"":""Overbust""},{""size"":""3XL"",""value"":""37.0in"",""value_name"":""Underbust""}]",,Sho███o. ███-10█████████enu█████████████████████del█████████████████████,"[{},{},{},{},{},{},{},{},{},{},{}]","{""applicable_on"":""Orders above Rs. 649 (only on first purchase)"",""best_price"":""401"",""coupon_code"":""MYNTRA200"",""coupon_discount"":"" Rs. 178.0 off (check cart for final savings)""}","[{""offer_name"":""10% Instant Discount on IndusInd Bank Debit Cards "",""offer_value"":"" Min Spend ₹2,500; Max Discount ₹1,000. ""},{""offer_name"":""10% Instant Discount on Citi Credit & Debit Cards "",""offer_value"":"" Min Spend ₹3,000; Max Discount ₹1,000. ""},{""offer_name"":""10% Instant Discount on Yes Bank Credit Cards "",""offer_value"":"" Min Spend ₹3,500; Max Discount ₹1,000. ""},{""offer_name"":""Flat ₹100 Cashback on Mobiwkik Wallet/Zip "",""offer_value"":"" Min Spend ₹1,999. ""},{""offer_name"":""7.5% Discount on Myntra Kotak Credit Card."",""offer_value"":"" Max Discount Up to ₹750 on every spends. ""}]",bra
19219450.0,Susie,Black Solid Cotton T-Shirt Bra - Anti-Odour,4.3,12,749,50,"""₹374.00""",INR,"http://assets.myntassets.com/assets/images/19219450/2022/7/22/781ca016-820e-4ddd-8837-00fd6d4aa0561658473120673SusieEverydayWirefreeFullCoverageNon-PaddedMeshNecklineBra-B1.jpg,http://assets.myntassets.com/assets/images/19219450/2022/7/22/7ae0e7b6-e8ce-4db3-b97b-8c78e87cd88f1658473120661SusieEverydayWirefreeFullCoverageNon-PaddedMeshNecklineBra-B2.jpg,http://assets.myntassets.com/assets/images/19219450/2022/7/22/bb1de0ac-d7bf-4ede-b43d-a8fd7627efe51658473120681SusieEverydayWirefreeFullCoverageNon-PaddedMeshNecklineBra-B3.jpg","[""100% Original Products"",""Pay on delivery might be available"",""Easy 14 days returns"",""This item is only returnable and not exchangeable""]","{""description"":""An edgier take on a basic style, this bra is the answer to all your everyday lingerie peeves. Each feature is meticulously defined to give you a smooth and supported look throughout the day.Features VANumber:DIP1003-BlackBeautyFull coverageNon-wired to retain natural lift and all-day comfortNon padded for minimal support and day long comfortSeamless cupsRegular strapsBack closureFeatures: all day comfort, Anti-Odour"",""material_and_care"":""Cotton. Hand-wash""}","[{""name"":""Clothing"",""url"":""https://www.myntra.com/clothing""},{""name"":""Women"",""url"":""https://www.myntra.com/women-clothing""},{""name"":""Bra"",""url"":""https://www.myntra.com/bra""},{""name"":""Susie"",""url"":""https://www.myntra.com/susie-bra""},{""name"":""More by Susie"",""url"":""https://www.myntra.com/susie""}]","[{""specification_name"":""Back"",""specification_value"":""Regular""},{""specification_name"":""Center Front Open"",""specification_value"":""No""},{""specification_name"":""Character"",""specification_value"":""NA""},{""specification_name"":""Closure"",""specification_value"":""Back Closure""},{""specification_name"":""Coverage"",""specification_value"":""Full""},{""specification_name"":""Fabric"",""specification_value"":""Cotton""},{""specification_name"":""Fabric 2"",""specification_value"":""NA""},{""specification_name"":""Fabric 3"",""specification_value"":""NA""},{""specification_name"":""Features"",""specification_value"":""All Day Comfort""},{""specification_name"":""Knit or Woven"",""specification_value"":""Knitted""},{""specification_name"":""Multipack Set"",""specification_value"":""Single""},{""specification_name"":""Padding"",""specification_value"":""Non Padded""},{""specification_name"":""Pattern"",""specification_value"":""Solid""},{""specification_name"":""Print or Pattern Type"",""specification_value"":""Solid""},{""specification_name"":""Seam"",""specification_value"":""Seamless""},{""specification_name"":""Sport"",""specification_value"":""NA""},{""specification_name"":""Sports Bra Support"",""specification_value"":""Medium Support""},{""specification_name"":""Straps"",""specification_value"":""Regular""},{""specification_name"":""Style"",""specification_value"":""NA""},{""specification_name"":""Sustainable"",""specification_value"":""Sustainable""},{""specification_name"":""Technology"",""specification_value"":""Anti Odour""},{""specification_name"":""Type"",""specification_value"":""T-shirt""},{""specification_name"":""Wash Care"",""specification_value"":""Hand Wash""},{""specification_name"":""Wiring"",""specification_value"":""Non-Wired""}]","{""1_star"":0,""2_stars"":2,""3_stars"":1,""4_stars"":1,""5_stars"":8}",,Gro███son███ppa█████████Ltd███,"[{""size"":""30B"",""value"":""31.0in"",""value_name"":""Overbust""},{""size"":""30B"",""value"":""26.0in"",""value_name"":""Underbust""},{""size"":""30C"",""value"":""32.0in"",""value_name"":""Overbust""},{""size"":""30C"",""value"":""26.0in"",""value_name"":""Underbust""},{""size"":""32B"",""value"":""33.0in"",""value_name"":""Overbust""},{""size"":""32B"",""value"":""28.0in"",""value_name"":""Underbust""},{""size"":""32C"",""value"":""34.0in"",""value_name"":""Overbust""},{""size"":""32C"",""value"":""28.0in"",""value_name"":""Underbust""},{""size"":""34B"",""value"":""35.0in"",""value_name"":""Overbust""},{""size"":""34B"",""value"":""30.0in"",""value_name"":""Underbust""},{""size"":""34C"",""value"":""36.0in"",""value_name"":""Overbust""},{""size"":""34C"",""value"":""30.0in"",""value_name"":""Underbust""},{""size"":""36B"",""value"":""37.0in"",""value_name"":""Overbust""},{""size"":""36B"",""value"":""32.0in"",""value_name"":""Underbust""},{""size"":""36C"",""value"":""38.0in"",""value_name"":""Overbust""},{""size"":""36C"",""value"":""32.0in"",""value_name"":""Underbust""},{""size"":""38B"",""value"":""39.0in"",""value_name"":""Overbust""},{""size"":""38B"",""value"":""34.0in"",""value_name"":""Underbust""},{""size"":""38C"",""value"":""40.0in"",""value_name"":""Overbust""},{""size"":""38C"",""value"":""34.0in"",""value_name"":""Underbust""},{""size"":""40B"",""value"":""41.0in"",""value_name"":""Overbust""},{""size"":""40B"",""value"":""36.0in"",""value_name"":""Underbust""},{""size"":""40C"",""value"":""42.0in"",""value_name"":""Overbust""},{""size"":""40C"",""value"":""36.0in"",""value_name"":""Underbust""}]",,"sec███ A-███Plo█████████, I█████████████████████ca █████████████████████████████████████████████████████████████████████",,"{""applicable_on"":""Orders above Rs. 649 (only on first purchase)"",""best_price"":""207"",""coupon_code"":""MYNTRA200"",""coupon_discount"":"" Rs. 92.0 off (check cart for final savings)""}","[{""offer_name"":""10% Instant Discount on IndusInd Bank Debit Cards "",""offer_value"":"" Min Spend ₹2,500; Max Discount ₹1,000. ""},{""offer_name"":""10% Instant Discount on Citi Credit & Debit Cards "",""offer_value"":"" Min Spend ₹3,000; Max Discount ₹1,000. ""},{""offer_name"":""10% Instant Discount on Yes Bank Credit Cards "",""offer_value"":"" Min Spend ₹3,500; Max Discount ₹1,000. ""},{""offer_name"":""Flat ₹100 Cashback on Mobiwkik Wallet/Zip "",""offer_value"":"" Min Spend ₹1,999. ""},{""offer_name"":""7.5% Discount on Myntra Kotak Credit Card."",""offer_value"":"" Max Discount Up to ₹750 on every spends. ""}]",bra
22196924.0,Zivame,Underwired Lightly Padded Pushup Bra,4.3,118,999,50,"""₹499.00""",INR,"http://assets.myntassets.com/assets/images/22196924/2023/3/2/3a647b11-9ec6-4722-bdd7-72af72da45be1677754453330ZivamePushUpWiredMediumCoverageBra-PastelGreen1.jpg,http://assets.myntassets.com/assets/images/22196924/2023/3/2/9ce9cb2b-2a65-4aa7-869d-f1d5160eb8f41677754453319ZivamePushUpWiredMediumCoverageBra-PastelGreen2.jpg,http://assets.myntassets.com/assets/images/22196924/2023/3/2/eb292300-49b7-453a-9893-8d11d40e76611677754453350ZivamePushUpWiredMediumCoverageBra-PastelGreen3.jpg,http://assets.myntassets.com/assets/images/22196924/2023/3/2/e9b90207-0111-4916-aaff-fb573ab247811677754453339ZivamePushUpWiredMediumCoverageBra-PastelGreen4.jpg","[""100% Original Products"",""Pay on delivery might be available"",""Easy 14 days returns"",""This item is only returnable and not exchangeable""]","{""description"":""Features:VANumber: zi102dfashagrenColor: Green and greyLightly Padded Pushup Bra Medium coverageUnderwired to provide an additional lift and optimal supportLightly padded for defined shaping of breastsSeamless cupsRegular strapsBack closureFeatures: all day comfort"",""material_and_care"":""82% Nylon and 18% Spandex. Hand Wash""}","[{""name"":""Clothing"",""url"":""https://www.myntra.com/clothing""},{""name"":""Women"",""url"":""https://www.myntra.com/women-clothing""},{""name"":""Bra"",""url"":""https://www.myntra.com/bra""},{""name"":""Zivame"",""url"":""https://www.myntra.com/zivame-bra""},{""name"":""More by Zivame"",""url"":""https://www.myntra.com/zivame""}]","[{""specification_name"":""Back"",""specification_value"":""Regular""},{""specification_name"":""Center Front Open"",""specification_value"":""No""},{""specification_name"":""Character"",""specification_value"":""NA""},{""specification_name"":""Closure"",""specification_value"":""Back Closure""},{""specification_name"":""Coverage"",""specification_value"":""Medium Coverage""},{""specification_name"":""Fabric"",""specification_value"":""Nylon""},{""specification_name"":""Fabric 2"",""specification_value"":""Elastane""},{""specification_name"":""Fabric 3"",""specification_value"":""NA""},{""specification_name"":""Features"",""specification_value"":""All Day Comfort""},{""specification_name"":""Knit or Woven"",""specification_value"":""Knitted""},{""specification_name"":""Multipack Set"",""specification_value"":""Single""},{""specification_name"":""Padding"",""specification_value"":""Lightly Padded""},{""specification_name"":""Pattern"",""specification_value"":""Solid""},{""specification_name"":""Print or Pattern Type"",""specification_value"":""Solid""},{""specification_name"":""Seam"",""specification_value"":""Seamless""},{""specification_name"":""Sport"",""specification_value"":""NA""},{""specification_name"":""Sports Bra Support"",""specification_value"":""NA""},{""specification_name"":""Straps"",""specification_value"":""Regular""},{""specification_name"":""Style"",""specification_value"":""Super Support Bra""},{""specification_name"":""Sustainable"",""specification_value"":""Regular""},{""specification_name"":""Technology"",""specification_value"":""NA""},{""specification_name"":""Type"",""specification_value"":""Push-Up""},{""specification_name"":""Wash Care"",""specification_value"":""Hand Wash""},{""specification_name"":""Wiring"",""specification_value"":""Underwired""}]","{""1_star"":6,""2_stars"":7,""3_stars"":8,""4_stars"":17,""5_stars"":80}",,GEN███AD ███AIL█████████LIM██████,"[{""size"":""30B"",""value"":""31.0in to 32.0in"",""value_name"":""Overbust""},{""size"":""30B"",""value"":""26.0in to 28.0in"",""value_name"":""Underbust""},{""size"":""30C"",""value"":""32.0in to 33.0in"",""value_name"":""Overbust""},{""size"":""30C"",""value"":""26.0in to 28.0in"",""value_name"":""Underbust""},{""size"":""30D"",""value"":""33.0in to 34.0in"",""value_name"":""Overbust""},{""size"":""30D"",""value"":""26.0in to 28.0in"",""value_name"":""Underbust""},{""size"":""32B"",""value"":""33.0in to 34.0in"",""value_name"":""Overbust""},{""size"":""32B"",""value"":""28.0in to 30.0in"",""value_name"":""Underbust""},{""size"":""32C"",""value"":""34.0in to 35.0in"",""value_name"":""Overbust""},{""size"":""32C"",""value"":""28.0in to 30.0in"",""value_name"":""Underbust""},{""size"":""32D"",""value"":""35.0in to 36.0in"",""value_name"":""Overbust""},{""size"":""32D"",""value"":""28.0in to 30.0in"",""value_name"":""Underbust""},{""size"":""34B"",""value"":""35.0in to 36.0in"",""value_name"":""Overbust""},{""size"":""34B"",""value"":""30.0in to 32.0in"",""value_name"":""Underbust""},{""size"":""34C"",""value"":""36.0in to 37.0in"",""value_name"":""Overbust""},{""size"":""34C"",""value"":""30.0in to 32.0in"",""value_name"":""Underbust""},{""size"":""34D"",""value"":""37.0in to 38.0in"",""value_name"":""Overbust""},{""size"":""34D"",""value"":""30.0in to 32.0in"",""value_name"":""Underbust""},{""size"":""34DD"",""value"":""38.0in to 39.0in"",""value_name"":""Overbust""},{""size"":""34DD"",""value"":""30.0in to 32.0in"",""value_name"":""Underbust""},{""size"":""36B"",""value"":""37.0in to 38.0in"",""value_name"":""Overbust""},{""size"":""36B"",""value"":""32.0in to 34.0in"",""value_name"":""Underbust""},{""size"":""38B"",""value"":""39.0in to 40.0in"",""value_name"":""Overbust""},{""size"":""38B"",""value"":""34.0in to 36.0in"",""value_name"":""Underbust""},{""size"":""38C"",""value"":""40.0in to 41.0in"",""value_name"":""Overbust""},{""size"":""38C"",""value"":""34.0in to 36.0in"",""value_name"":""Underbust""},{""size"":""38D"",""value"":""41.0in to 42.0in"",""value_name"":""Overbust""},{""size"":""38D"",""value"":""34.0in to 36.0in"",""value_name"":""Underbust""},{""size"":""38DD"",""value"":""42.0in to 43.0in"",""value_name"":""Overbust""},{""size"":""38DD"",""value"":""34.0in to 36.0in"",""value_name"":""Underbust""},{""size"":""40B"",""value"":""41.0in to 42.0in"",""value_name"":""Overbust""},{""size"":""40B"",""value"":""36.0in to 38.0in"",""value_name"":""Underbust""},{""size"":""40C"",""value"":""42.0in to 43.0in"",""value_name"":""Overbust""},{""size"":""40C"",""value"":""36.0in to 38.0in"",""value_name"":""Underbust""},{""size"":""40D"",""value"":""43.0in to 44.0in"",""value_name"":""Overbust""},{""size"":""40D"",""value"":""36.0in to 38.0in"",""value_name"":""Underbust""},{""size"":""40DD"",""value"":""44.0in to 45.0in"",""value_name"":""Overbust""},{""size"":""40DD"",""value"":""36.0in to 38.0in"",""value_name"":""Underbust""},{""size"":""42B"",""value"":""43.0in to 44.0in"",""value_name"":""Overbust""},{""size"":""42B"",""value"":""38.0in to 40.0in"",""value_name"":""Underbust""},{""size"":""42C"",""value"":""44.0in to 45.0in"",""value_name"":""Overbust""},{""size"":""42C"",""value"":""38.0in to 40.0in"",""value_name"":""Underbust""},{""size"":""42D"",""value"":""45.0in to 49.0in"",""value_name"":""Overbust""},{""size"":""42D"",""value"":""38.0in to 40.0in"",""value_name"":""Underbust""},{""size"":""44B"",""value"":""45.0in to 46.0in"",""value_name"":""Overbust""},{""size"":""44B"",""value"":""40.0in to 42.0in"",""value_name"":""Underbust""},{""size"":""44C"",""value"":""46.0in to 47.0in"",""value_name"":""Overbust""},{""size"":""44C"",""value"":""40.0in to 42.0in"",""value_name"":""Underbust""},{""size"":""44D"",""value"":""47.0in to 48.0in"",""value_name"":""Overbust""},{""size"":""44D"",""value"":""40.0in to 42.0in"",""value_name"":""Underbust""}]",,2ND███OOR███O 1█████████MAL█████████████████████RAM█████████████████████████████████████████████████████████████████████,[{}],"{""applicable_on"":""Orders above Rs. 649 (only on first purchase)"",""best_price"":""259"",""coupon_code"":""MYNTRA200"",""coupon_discount"":"" Rs. 115.0 off (check cart for final savings)""}","[{""offer_name"":""10% Instant Discount on IndusInd Bank Debit Cards "",""offer_value"":"" Min Spend ₹2,500; Max Discount ₹1,000. ""},{""offer_name"":""10% Instant Discount on Citi Credit & Debit Cards "",""offer_value"":"" Min Spend ₹3,000; Max Discount ₹1,000. ""},{""offer_name"":""10% Instant Discount on Yes Bank Credit Cards "",""offer_value"":"" Min Spend ₹3,500; Max Discount ₹1,000. ""},{""offer_name"":""Flat ₹100 Cashback on Mobiwkik Wallet/Zip "",""offer_value"":"" Min Spend ₹1,999. ""},{""offer_name"":""7.5% Discount on Myntra Kotak Credit Card."",""offer_value"":"" Max Discount Up to ₹750 on every spends. ""}]",bra
19219468.0,Susie,Women  Black Solid Everyday Cotton Bra,4,6,699,43,"""₹398.00""",INR,"http://assets.myntassets.com/assets/images/19219468/2022/7/22/d98077be-fc1e-4de0-b5f2-a2bb1d2f98e61658475212779SusieNon-WiredFullCoverageNonpaddedMFrameHiSupportMinimiserB1.jpg,http://assets.myntassets.com/assets/images/19219468/2022/7/22/52db42fa-48b9-414e-95ee-5aa773714f4c1658475212797SusieNon-WiredFullCoverageNonpaddedMFrameHiSupportMinimiserB2.jpg,http://assets.myntassets.com/assets/images/19219468/2022/7/22/9a9bd05d-b544-4b87-9a53-1af938b902191658475212789SusieNon-WiredFullCoverageNonpaddedMFrameHiSupportMinimiserB3.jpg","[""100% Original Products"",""Pay on delivery might be available"",""Easy 14 days returns"",""This item is only returnable and not exchangeable""]","{""description"":""Designed to lend the right shape and lift to your bosom, this bra is a trendsetter. It will be an ideal addition to your lingerie range as it perfectly suits every topwear range.Features VANumber: EF005-BlackBeauty-32B-Black BeautyFull coverageNon-wired to retain natural lift and all-day comfortNon padded for minimal support and day long comfortSeamless cupsRegular strapsBack closureFeatures: all day comfort"",""material_and_care"":""Cotton. Hand-wash""}","[{""name"":""Clothing"",""url"":""https://www.myntra.com/clothing""},{""name"":""Women"",""url"":""https://www.myntra.com/women-clothing""},{""name"":""Bra"",""url"":""https://www.myntra.com/bra""},{""name"":""Susie"",""url"":""https://www.myntra.com/susie-bra""},{""name"":""More by Susie"",""url"":""https://www.myntra.com/susie""}]","[{""specification_name"":""Back"",""specification_value"":""Regular""},{""specification_name"":""Center Front Open"",""specification_value"":""No""},{""specification_name"":""Character"",""specification_value"":""NA""},{""specification_name"":""Closure"",""specification_value"":""Back Closure""},{""specification_name"":""Coverage"",""specification_value"":""Full""},{""specification_name"":""Fabric"",""specification_value"":""Cotton""},{""specification_name"":""Fabric 2"",""specification_value"":""NA""},{""specification_name"":""Fabric 3"",""specification_value"":""NA""},{""specification_name"":""Features"",""specification_value"":""All Day Comfort""},{""specification_name"":""Knit or Woven"",""specification_value"":""Knitted""},{""specification_name"":""Multipack Set"",""specification_value"":""Single""},{""specification_name"":""Padding"",""specification_value"":""Non Padded""},{""specification_name"":""Pattern"",""specification_value"":""Solid""},{""specification_name"":""Print or Pattern Type"",""specification_value"":""Solid""},{""specification_name"":""Seam"",""specification_value"":""Seamless""},{""specification_name"":""Sport"",""specification_value"":""NA""},{""specification_name"":""Sports Bra Support"",""specification_value"":""NA""},{""specification_name"":""Straps"",""specification_value"":""Regular""},{""specification_name"":""Style"",""specification_value"":""NA""},{""specification_name"":""Sustainable"",""specification_value"":""Regular""},{""specification_name"":""Technology"",""specification_value"":""NA""},{""specification_name"":""Type"",""specification_value"":""Everyday""},{""specification_name"":""Wash Care"",""specification_value"":""Hand Wash""},{""specification_name"":""Wiring"",""specification_value"":""Non-Wired""}]","{""1_star"":1,""2_stars"":0,""3_stars"":1,""4_stars"":0,""5_stars"":4}",,MIL███AR ███AIL█████████LIM██████,"[{""size"":""30A"",""value"":""31.0in"",""value_name"":""Overbust""},{""size"":""30A"",""value"":""26.0in"",""value_name"":""Underbust""},{""size"":""30B"",""value"":""32.0in"",""value_name"":""Overbust""},{""size"":""30B"",""value"":""26.0in"",""value_name"":""Underbust""},{""size"":""30C"",""value"":""33.5in"",""value_name"":""Overbust""},{""size"":""30C"",""value"":""26.0in"",""value_name"":""Underbust""},{""size"":""32A"",""value"":""33.0in"",""value_name"":""Overbust""},{""size"":""32A"",""value"":""28.0in"",""value_name"":""Underbust""},{""size"":""32B"",""value"":""33.8in"",""value_name"":""Overbust""},{""size"":""32B"",""value"":""28.0in"",""value_name"":""Underbust""},{""size"":""32C"",""value"":""34.6in"",""value_name"":""Overbust""},{""size"":""32C"",""value"":""28.0in"",""value_name"":""Underbust""},{""size"":""34A"",""value"":""35.0in"",""value_name"":""Overbust""},{""size"":""34A"",""value"":""30.0in"",""value_name"":""Underbust""},{""size"":""34B"",""value"":""35.8in"",""value_name"":""Overbust""},{""size"":""34B"",""value"":""30.0in"",""value_name"":""Underbust""},{""size"":""34C"",""value"":""36.6in"",""value_name"":""Overbust""},{""size"":""34C"",""value"":""30.0in"",""value_name"":""Underbust""},{""size"":""36A"",""value"":""37.0in"",""value_name"":""Overbust""},{""size"":""36A"",""value"":""32.0in"",""value_name"":""Underbust""},{""size"":""36B"",""value"":""37.7in"",""value_name"":""Overbust""},{""size"":""36B"",""value"":""32.0in"",""value_name"":""Underbust""},{""size"":""38A"",""value"":""39.0in"",""value_name"":""Overbust""},{""size"":""38A"",""value"":""34.0in"",""value_name"":""Underbust""},{""size"":""38B"",""value"":""39.7in"",""value_name"":""Overbust""},{""size"":""38B"",""value"":""34.0in"",""value_name"":""Underbust""}]",,MIL███TAR███TAI█████████ LI█████████████████████ Sr███████████████████████████████████████████████████████████████████████████████████████████████████,,"{""applicable_on"":""Orders above Rs. 649 (only on first purchase)"",""best_price"":""345"",""coupon_code"":""MYNTRA200"",""coupon_discount"":"" Rs. 154.0 off (check cart for final savings)""}","[{""offer_name"":""10% Instant Discount on IndusInd Bank Debit Cards "",""offer_value"":"" Min Spend ₹2,500; Max Discount ₹1,000. ""},{""offer_name"":""10% Instant Discount on Citi Credit & Debit Cards "",""offer_value"":"" Min Spend ₹3,000; Max Discount ₹1,000. ""},{""offer_name"":""10% Instant Discount on Yes Bank Credit Cards "",""offer_value"":"" Min Spend ₹3,500; Max Discount ₹1,000. ""},{""offer_name"":""Flat ₹100 Cashback on Mobiwkik Wallet/Zip "",""offer_value"":"" Min Spend ₹1,999. ""},{""offer_name"":""7.5% Discount on Myntra Kotak Credit Card."",""offer_value"":"" Max Discount Up to ₹750 on every spends. ""}]",bra
22278620.0,Tweens,Pack Of 2 Non Padded Medium Support All Day Comfort Slip-On Seamless Bra,0,0,720,16,"""₹604.00""",INR,"http://assets.myntassets.com/assets/images/22278620/2023/3/10/3b280011-3f12-4b3b-be6c-8e94147353901678445731276TweensWhiteBraFullCoverage1.jpg,http://assets.myntassets.com/assets/images/22278620/2023/3/10/20f383e3-ca41-409c-824d-fc26888670891678445731251TweensWhiteBraFullCoverage2.jpg,http://assets.myntassets.com/assets/images/22278620/2023/3/10/a68d81de-fa8f-46e8-995b-0afdb4835be51678445731264TweensWhiteBraFullCoverage3.jpg,http://assets.myntassets.com/assets/images/22278620/2023/3/10/fd18b94b-20ab-4754-b3bb-32979dfca5a51678445731288TweensWhiteBraFullCoverage4.jpg,http://assets.myntassets.com/assets/images/22278620/2023/3/10/c27cc3cf-5068-4a6e-b19e-ff04455c2fe21678445731298TweensWhiteBraFullCoverage5.jpg","[""100% Original Products"",""Pay on delivery might be available"",""Easy 14 days returns"",""This item is only returnable and not exchangeable""]","{""description"":""Get the right kind of support and comfort that you've been looking for in this swanky bra. You are certainly going to look and feel beautiful any day of the year in this pick.Features VANumber: TW-9314-2PC-OFFWPack of 2Colour: Off whiteFull coverageNon-wired to retain natural lift and all-day comfortNon padded for minimal support and day long comfortSeamless cupsRegular strapsSlip-onFeatures: all day comfort"",""material_and_care"":""Polyester. Hand Wash"",""size_and_fit"":""Comfort Fit""}","[{""name"":""Clothing"",""url"":""https://www.myntra.com/clothing""},{""name"":""Women"",""url"":""https://www.myntra.com/women-clothing""},{""name"":""Bra"",""url"":""https://www.myntra.com/bra""},{""name"":""Tweens"",""url"":""https://www.myntra.com/tweens-bra""},{""name"":""More by Tweens"",""url"":""https://www.myntra.com/tweens""}]","[{""specification_name"":""Back"",""specification_value"":""Racerback""},{""specification_name"":""Center Front Open"",""specification_value"":""No""},{""specification_name"":""Character"",""specification_value"":""NA""},{""specification_name"":""Closure"",""specification_value"":""Slip-On""},{""specification_name"":""Coverage"",""specification_value"":""Full""},{""specification_name"":""Fabric"",""specification_value"":""Polyester""},{""specification_name"":""Fabric 2"",""specification_value"":""NA""},{""specification_name"":""Fabric 3"",""specification_value"":""NA""},{""specification_name"":""Features"",""specification_value"":""All Day Comfort""},{""specification_name"":""Knit or Woven"",""specification_value"":""Knitted""},{""specification_name"":""Multipack Set"",""specification_value"":""2""},{""specification_name"":""Padding"",""specification_value"":""Non Padded""},{""specification_name"":""Pattern"",""specification_value"":""Solid""},{""specification_name"":""Print or Pattern Type"",""specification_value"":""Solid""},{""specification_name"":""Seam"",""specification_value"":""Seamless""},{""specification_name"":""Sport"",""specification_value"":""NA""},{""specification_name"":""Sports Bra Support"",""specification_value"":""Medium Support""},{""specification_name"":""Straps"",""specification_value"":""Regular""},{""specification_name"":""Style"",""specification_value"":""Super Support Bra""},{""specification_name"":""Sustainable"",""specification_value"":""Regular""},{""specification_name"":""Technology"",""specification_value"":""NA""},{""specification_name"":""Type"",""specification_value"":""Beginners""},{""specification_name"":""Wash Care"",""specification_value"":""Hand Wash""},{""specification_name"":""Wiring"",""specification_value"":""Non-Wired""}]","{""1_star"":0,""2_stars"":0,""3_stars"":0,""4_stars"":0,""5_stars"":0}",,GEN███AD ███AIL█████████LIM██████,"[{""size"":""32B"",""value"":""33.0in to 34.0in"",""value_name"":""Overbust""},{""size"":""32B"",""value"":""28.0in to 30.0in"",""value_name"":""Underbust""},{""size"":""32C"",""value"":""34.0in to 35.0in"",""value_name"":""Overbust""},{""size"":""32C"",""value"":""28.0in to 30.0in"",""value_name"":""Underbust""},{""size"":""32D"",""value"":""35.0in to 36.0in"",""value_name"":""Overbust""},{""size"":""32D"",""value"":""28.0in to 30.0in"",""value_name"":""Underbust""},{""size"":""34B"",""value"":""35.0in to 36.0in"",""value_name"":""Overbust""},{""size"":""34B"",""value"":""30.0in to 32.0in"",""value_name"":""Underbust""},{""size"":""34C"",""value"":""36.0in to 37.0in"",""value_name"":""Overbust""},{""size"":""34C"",""value"":""30.0in to 32.0in"",""value_name"":""Underbust""},{""size"":""34D"",""value"":""37.0in to 38.0in"",""value_name"":""Overbust""},{""size"":""34D"",""value"":""30.0in to 32.0in"",""value_name"":""Underbust""},{""size"":""34DD"",""value"":""38.0in to 39.0in"",""value_name"":""Overbust""},{""size"":""34DD"",""value"":""30.0in to 32.0in"",""value_name"":""Underbust""},{""size"":""36B"",""value"":""37.0in to 38.0in"",""value_name"":""Overbust""},{""size"":""36B"",""value"":""32.0in to 34.0in"",""value_name"":""Underbust""},{""size"":""36C"",""value"":""38.0in to 39.0in"",""value_name"":""Overbust""},{""size"":""36C"",""value"":""32.0in to 34.0in"",""value_name"":""Underbust""},{""size"":""36D"",""value"":""39.0in to 40.0in"",""value_name"":""Overbust""},{""size"":""36D"",""value"":""32.0in to 34.0in"",""value_name"":""Underbust""},{""size"":""36DD"",""value"":""40.0in to 41.0in"",""value_name"":""Overbust""},{""size"":""36DD"",""value"":""32.0in to 34.0in"",""value_name"":""Underbust""},{""size"":""38C"",""value"":""40.0in to 41.0in"",""value_name"":""Overbust""},{""size"":""38C"",""value"":""34.0in to 36.0in"",""value_name"":""Underbust""},{""size"":""38D"",""value"":""41.0in to 42.0in"",""value_name"":""Overbust""},{""size"":""38D"",""value"":""34.0in to 36.0in"",""value_name"":""Underbust""},{""size"":""38DD"",""value"":""42.0in to 43.0in"",""value_name"":""Overbust""},{""size"":""38DD"",""value"":""34.0in to 36.0in"",""value_name"":""Underbust""},{""size"":""40B"",""value"":""41.0in to 42.0in"",""value_name"":""Overbust""},{""size"":""40B"",""value"":""36.0in to 38.0in"",""value_name"":""Underbust""},{""size"":""40C"",""value"":""42.0in to 43.0in"",""value_name"":""Overbust""},{""size"":""40C"",""value"":""36.0in to 38.0in"",""value_name"":""Underbust""},{""size"":""40D"",""value"":""43.0in to 44.0in"",""value_name"":""Overbust""},{""size"":""40D"",""value"":""36.0in to 38.0in"",""value_name"":""Underbust""},{""size"":""42B"",""value"":""43.0in to 44.0in"",""value_name"":""Overbust""},{""size"":""42B"",""value"":""38.0in to 40.0in"",""value_name"":""Underbust""},{""size"":""42C"",""value"":""44.0in to 45.0in"",""value_name"":""Overbust""},{""size"":""42C"",""value"":""38.0in to 40.0in"",""value_name"":""Underbust""}]",,2ND███OOR███O 1█████████MAL█████████████████████RAM█████████████████████████████████████████████████████████████████████,,"{""applicable_on"":""Orders above Rs. 649 (only on first purchase)"",""best_price"":""275"",""coupon_code"":""MYNTRA200"",""coupon_discount"":"" Rs. 123.0 off (check cart for final savings)""}","[{""offer_name"":""10% Instant Discount on IndusInd Bank Debit Cards "",""offer_value"":"" Min Spend ₹2,500; Max Discount ₹1,000. ""},{""offer_name"":""10% Instant Discount on Citi Credit & Debit Cards "",""offer_value"":"" Min Spend ₹3,000; Max Discount ₹1,000. ""},{""offer_name"":""10% Instant Discount on Yes Bank Credit Cards "",""offer_value"":"" Min Spend ₹3,500; Max Discount ₹1,000. ""},{""offer_name"":""Flat ₹100 Cashback on Mobiwkik Wallet/Zip "",""offer_value"":"" Min Spend ₹1,999. ""},{""offer_name"":""7.5% Discount on Myntra Kotak Credit Card."",""offer_value"":"" Max Discount Up to ₹750 on every spends. ""}]",bra
19277544.0,Marks & Spencer,BOUTIQUE X DAMARIS Navy Blue Underwired Lightly Padded Balconette Bra,4.3,24,2999,60,"""₹2,249.00""",INR,"http://assets.myntassets.com/assets/images/19277544/2022/10/7/f4a852fc-c083-41e1-b63d-186f89f878b11665136362105-Marks--Spencer-Women-Bra-2651665136361622-1.jpg,http://assets.myntassets.com/assets/images/19277544/2022/10/7/7f248174-b5d4-454e-a9d3-1adb756cc7f71665136362084-Marks--Spencer-Women-Bra-2651665136361622-2.jpg,http://assets.myntassets.com/assets/images/19277544/2022/10/7/be3fd987-46bb-4678-b94c-302eb4402b601665136362063-Marks--Spencer-Women-Bra-2651665136361622-3.jpg,http://assets.myntassets.com/assets/images/19277544/2022/10/7/e2c9637e-07e0-4d60-99bc-046511baca8a1665136362042-Marks--Spencer-Women-Bra-2651665136361622-4.jpg,http://assets.myntassets.com/assets/images/19277544/2022/10/7/01506a9c-6287-4745-ad84-b44ccffe73231665136362020-Marks--Spencer-Women-Bra-2651665136361622-5.jpg","[""100% Original Products"",""Pay on delivery might be available"",""Easy 14 days returns"",""This item is only returnable and not exchangeable""]","{""description"":""Bring home this ultra-soft bra which has been meticulously designed to lend accurate definition to your bustline. Say goodbye to visible bra outlines when you wear it underneath your favourite attire.Features VANumber: T817774Medium coverageUnderwired to provide an additional lift and optimal supportLightly padded for defined shaping of breastsCut and sew cupsRegular strapsBack closureFeatures: all day comfort"",""material_and_care"":""54% Polyester, 41% Polyamide, 5% Elastane. Machine wash""}","[{""name"":""Clothing"",""url"":""https://www.myntra.com/clothing""},{""name"":""Women"",""url"":""https://www.myntra.com/women-clothing""},{""name"":""Bra"",""url"":""https://www.myntra.com/bra""},{""name"":""Marks & Spencer"",""url"":""https://www.myntra.com/marks-&-spencer-bra""},{""name"":""More by Marks & Spencer"",""url"":""https://www.myntra.com/marks-&-spencer""}]","[{""specification_name"":""Back"",""specification_value"":""Regular""},{""specification_name"":""Center Front Open"",""specification_value"":""No""},{""specification_name"":""Character"",""specification_value"":""NA""},{""specification_name"":""Closure"",""specification_value"":""Back Closure""},{""specification_name"":""Coverage"",""specification_value"":""Medium Coverage""},{""specification_name"":""Fabric"",""specification_value"":""Polyamide""},{""specification_name"":""Fabric 2"",""specification_value"":""Polyester""},{""specification_name"":""Fabric 3"",""specification_value"":""Elastane""},{""specification_name"":""Features"",""specification_value"":""All Day Comfort""},{""specification_name"":""Knit or Woven"",""specification_value"":""Knitted""},{""specification_name"":""Multipack Set"",""specification_value"":""Single""},{""specification_name"":""Padding"",""specification_value"":""Lightly Padded""},{""specification_name"":""Pattern"",""specification_value"":""Self Design""},{""specification_name"":""Print or Pattern Type"",""specification_value"":""Geometric""},{""specification_name"":""Seam"",""specification_value"":""Cut and Sew""},{""specification_name"":""Sport"",""specification_value"":""NA""},{""specification_name"":""Sports Bra Support"",""specification_value"":""NA""},{""specification_name"":""Straps"",""specification_value"":""Regular""},{""specification_name"":""Style"",""specification_value"":""NA""},{""specification_name"":""Sustainable"",""specification_value"":""Regular""},{""specification_name"":""Technology"",""specification_value"":""NA""},{""specification_name"":""Type"",""specification_value"":""Balconette""},{""specification_name"":""Wash Care"",""specification_value"":""Machine Wash""},{""specification_name"":""Wiring"",""specification_value"":""Underwired""}]","{""1_star"":1,""2_stars"":1,""3_stars"":4,""4_stars"":2,""5_stars"":16}",,Bel███Lin███ies█████████.,"[{""size"":""30B"",""value"":""31.0in"",""value_name"":""Overbust""},{""size"":""30B"",""value"":""25.0in"",""value_name"":""Underbust""},{""size"":""32B"",""value"":""33.0in"",""value_name"":""Overbust""},{""size"":""32B"",""value"":""27.0in"",""value_name"":""Underbust""},{""size"":""34B"",""value"":""35.0in"",""value_name"":""Overbust""},{""size"":""34B"",""value"":""29.0in"",""value_name"":""Underbust""},{""size"":""36B"",""value"":""37.0in"",""value_name"":""Overbust""},{""size"":""36B"",""value"":""31.0in"",""value_name"":""Underbust""},{""size"":""38B"",""value"":""39.0in"",""value_name"":""Overbust""},{""size"":""38B"",""value"":""33.0in"",""value_name"":""Underbust""}]",,B-5███Roo███aga█████████al █████████████████████r p██████████████████,"[{},{},{},{},{},{}]","{""applicable_on"":""Orders above Rs. 649 (only on first purchase)"",""best_price"":""418"",""coupon_code"":""MYNTRA200"",""coupon_discount"":"" Rs. 186.0 off (check cart for final savings)""}","[{""offer_name"":""10% Instant Discount on IndusInd Bank Debit Cards "",""offer_value"":"" Min Spend ₹2,500; Max Discount ₹1,000. ""},{""offer_name"":""10% Instant Discount on Citi Credit & Debit Cards "",""offer_value"":"" Min Spend ₹3,000; Max Discount ₹1,000. ""},{""offer_name"":""10% Instant Discount on Yes Bank Credit Cards "",""offer_value"":"" Min Spend ₹3,500; Max Discount ₹1,000. ""},{""offer_name"":""Flat ₹100 Cashback on Mobiwkik Wallet/Zip "",""offer_value"":"" Min Spend ₹1,999. ""},{""offer_name"":""7.5% Discount on Myntra Kotak Credit Card."",""offer_value"":"" Max Discount Up to ₹750 on every spends. ""}]",bra
18223842.0,max,Plus Size Non Padded Bra,4.1,37,449,20,"""₹449.00""",INR,"http://assets.myntassets.com/assets/images/18223842/2022/5/11/4d54b395-70a3-490b-a722-2871b16b85291652207786418Bra1.jpg,http://assets.myntassets.com/assets/images/18223842/2022/5/11/1d5f96fd-4b83-491a-9e21-b48e23bea5281652207786387Bra2.jpg,http://assets.myntassets.com/assets/images/18223842/2022/5/11/40cbaa8d-bea3-4182-8b6a-ed290edd57a21652207786396Bra3.jpg,http://assets.myntassets.com/assets/images/18223842/2022/5/11/68a6eb6a-f667-4c42-8b77-4006e6ce04db1652207786378Bra4.jpg,http://assets.myntassets.com/assets/images/18223842/2022/5/11/8a6c69a5-81a5-47b2-acb8-01d10922d4c21652207786370Bra5.jpg,http://assets.myntassets.com/assets/images/18223842/2022/5/11/d9b044e2-cb5a-45d3-8115-46a37d69a01f1652207786406Bra6.jpg","[""100% Original Products"",""Pay on delivery might be available"",""Easy 14 days returns"",""This item is only returnable and not exchangeable""]","{""description"":""Bring home this ultra-soft bra which has been meticulously designed to lend accurate definition to your bustline. Say goodbye to visible bra outlines when you wear it underneath your favourite attire.Features Full coverageNon-wired to retain natural lift and all-day comfortSeamless cupsRegular strapsBack closureFeatures: all day comfort"",""material_and_care"":""Cotton spandex""}","[{""name"":""Clothing"",""url"":""https://www.myntra.com/clothing""},{""name"":""Women"",""url"":""https://www.myntra.com/women-clothing""},{""name"":""Bra"",""url"":""https://www.myntra.com/bra""},{""name"":""max"",""url"":""https://www.myntra.com/max-bra""},{""name"":""More by max"",""url"":""https://www.myntra.com/max""}]","[{""specification_name"":""Back"",""specification_value"":""Regular""},{""specification_name"":""Center Front Open"",""specification_value"":""No""},{""specification_name"":""Character"",""specification_value"":""NA""},{""specification_name"":""Closure"",""specification_value"":""Back Closure""},{""specification_name"":""Coverage"",""specification_value"":""Full""},{""specification_name"":""Fabric"",""specification_value"":""Cotton""},{""specification_name"":""Fabric 2"",""specification_value"":""Elastane""},{""specification_name"":""Fabric 3"",""specification_value"":""NA""},{""specification_name"":""Features"",""specification_value"":""All Day Comfort""},{""specification_name"":""Knit or Woven"",""specification_value"":""Knitted""},{""specification_name"":""Multipack Set"",""specification_value"":""NA""},{""specification_name"":""Number of Items"",""specification_value"":""1""},{""specification_name"":""Padding"",""specification_value"":""Non Padded""},{""specification_name"":""Pattern"",""specification_value"":""Solid""},{""specification_name"":""Print or Pattern Type"",""specification_value"":""Solid""},{""specification_name"":""Seam"",""specification_value"":""Seamless""},{""specification_name"":""Sport"",""specification_value"":""NA""},{""specification_name"":""Sports Bra Support"",""specification_value"":""NA""},{""specification_name"":""Straps"",""specification_value"":""Regular""},{""specification_name"":""Style"",""specification_value"":""Super Support Bra""},{""specification_name"":""Sustainable"",""specification_value"":""Regular""},{""specification_name"":""Technology"",""specification_value"":""NA""},{""specification_name"":""Type"",""specification_value"":""Everyday""},{""specification_name"":""Wash Care"",""specification_value"":""Hand Wash""},{""specification_name"":""Wiring"",""specification_value"":""Non-Wired""}]","{""1_star"":3,""2_stars"":2,""3_stars"":4,""4_stars"":6,""5_stars"":22}",,Ret███Net███,"[{""size"":""32B"",""value"":""34.0in"",""value_name"":""Overbust""},{""size"":""32B"",""value"":""27.0in"",""value_name"":""Underbust""},{""size"":""32C"",""value"":""35.0in"",""value_name"":""Overbust""},{""size"":""32C"",""value"":""27.0in"",""value_name"":""Underbust""},{""size"":""32D"",""value"":""36.0in"",""value_name"":""Overbust""},{""size"":""32D"",""value"":""27.0in"",""value_name"":""Underbust""},{""size"":""34B"",""value"":""36.0in"",""value_name"":""Overbust""},{""size"":""34B"",""value"":""29.0in"",""value_name"":""Underbust""},{""size"":""34C"",""value"":""37.0in"",""value_name"":""Overbust""},{""size"":""34C"",""value"":""29.0in"",""value_name"":""Underbust""},{""size"":""34D"",""value"":""38.0in"",""value_name"":""Overbust""},{""size"":""34D"",""value"":""29.0in"",""value_name"":""Underbust""},{""size"":""36B"",""value"":""38.0in"",""value_name"":""Overbust""},{""size"":""36B"",""value"":""31.0in"",""value_name"":""Underbust""},{""size"":""36C"",""value"":""40.0in"",""value_name"":""Overbust""},{""size"":""36C"",""value"":""31.0in"",""value_name"":""Underbust""},{""size"":""36D"",""value"":""41.0in"",""value_name"":""Overbust""},{""size"":""36D"",""value"":""31.0in"",""value_name"":""Underbust""},{""size"":""38B"",""value"":""40.0in"",""value_name"":""Overbust""},{""size"":""38B"",""value"":""33.0in"",""value_name"":""Underbust""},{""size"":""38C"",""value"":""41.0in"",""value_name"":""Overbust""},{""size"":""38C"",""value"":""33.0in"",""value_name"":""Underbust""},{""size"":""38D"",""value"":""42.0in"",""value_name"":""Overbust""},{""size"":""38D"",""value"":""33.0in"",""value_name"":""Underbust""}]",,Blo███B-1███abi█████████-24█████████████████████dab████████████████████████████████████████████████████████████████████████████████████████████████████████████████████████,,"{""applicable_on"":""Purchase of 3 or more items (only on first purchase)"",""best_price"":""1799"",""coupon_code"":""SHOPEXTRA"",""coupon_discount"":"" 20.0%  off upto Rs. 500.0 (check cart for final savings)""}","[{""offer_name"":""10% Instant Discount on IndusInd Bank Debit Cards "",""offer_value"":"" Min Spend ₹2,500; Max Discount ₹1,000. ""},{""offer_name"":""10% Instant Discount on Citi Credit & Debit Cards "",""offer_value"":"" Min Spend ₹3,000; Max Discount ₹1,000. ""},{""offer_name"":""10% Instant Discount on Yes Bank Credit Cards "",""offer_value"":"" Min Spend ₹3,500; Max Discount ₹1,000. ""},{""offer_name"":""Flat ₹100 Cashback on Mobiwkik Wallet/Zip "",""offer_value"":"" Min Spend ₹1,999. ""},{""offer_name"":""7.5% Discount on Myntra Kotak Credit Card."",""offer_value"":"" Max Discount Up to ₹750 on every spends. ""}]",bra
18656766.0,VStar,Beige Solid T-Shirt Bra,4.6,5,345,,"""₹345.00""",INR,"http://assets.myntassets.com/assets/images/18656766/2022/6/7/b628a6fe-4329-491c-ac59-1d8e32ddcaf01654616438259VStarWomenBeigeBra1.jpg,http://assets.myntassets.com/assets/images/18656766/2022/6/7/c6b347ef-6525-4bde-a8f5-a3dd912ad68b1654616438267VStarWomenBeigeBra2.jpg,http://assets.myntassets.com/assets/images/18656766/2022/6/7/bc86406d-b749-4566-880c-d59f2779945c1654616438241VStarWomenBeigeBra3.jpg,http://assets.myntassets.com/assets/images/18656766/2022/6/7/ecaa8b25-6024-421d-864e-c5ea4467773d1654616438250VStarWomenBeigeBra4.jpg","[""100% Original Products"",""Pay on delivery might be available"",""Easy 14 days returns"",""This item is only returnable and not exchangeable""]","{""description"":""You'll always prefer to pick this flattering bra over other available options, owing to its comfort and longevity. Make an immediate inclusion of this trendsetting piece to your collection of intimate staples.Features VANumber:ELVINA-B-BEIGE SKIN-BEIGE SKINFull coverageNon-wired to retain natural lift and all-day comfortNon padded for minimal support and day long comfortSeamless cupsRegular strapsBack closureFeatures: all day comfort"",""material_and_care"":""92% Cotton, 8% spandex. Hand Wash"",""size_and_fit"":""Regular Fit""}","[{""name"":""Clothing"",""url"":""https://www.myntra.com/clothing""},{""name"":""Women"",""url"":""https://www.myntra.com/women-clothing""},{""name"":""Bra"",""url"":""https://www.myntra.com/bra""},{""name"":""VStar"",""url"":""https://www.myntra.com/vstar-bra""},{""name"":""More by VStar"",""url"":""https://www.myntra.com/vstar""}]","[{""specification_name"":""Back"",""specification_value"":""Regular""},{""specification_name"":""Center Front Open"",""specification_value"":""No""},{""specification_name"":""Character"",""specification_value"":""NA""},{""specification_name"":""Closure"",""specification_value"":""Back Closure""},{""specification_name"":""Coverage"",""specification_value"":""Full""},{""specification_name"":""Fabric"",""specification_value"":""Cotton""},{""specification_name"":""Fabric 2"",""specification_value"":""Elastane""},{""specification_name"":""Fabric 3"",""specification_value"":""Elastane""},{""specification_name"":""Features"",""specification_value"":""All Day Comfort""},{""specification_name"":""Knit or Woven"",""specification_value"":""Woven""},{""specification_name"":""Multipack Set"",""specification_value"":""NA""},{""specification_name"":""Padding"",""specification_value"":""Non Padded""},{""specification_name"":""Pattern"",""specification_value"":""Solid""},{""specification_name"":""Print or Pattern Type"",""specification_value"":""Solid""},{""specification_name"":""Seam"",""specification_value"":""Seamless""},{""specification_name"":""Sport"",""specification_value"":""NA""},{""specification_name"":""Sports Bra Support"",""specification_value"":""Medium Support""},{""specification_name"":""Straps"",""specification_value"":""Regular""},{""specification_name"":""Style"",""specification_value"":""Super Support Bra""},{""specification_name"":""Sustainable"",""specification_value"":""Regular""},{""specification_name"":""Technology"",""specification_value"":""NA""},{""specification_name"":""Type"",""specification_value"":""T-shirt""},{""specification_name"":""Wash Care"",""specification_value"":""Hand Wash""},{""specification_name"":""Wiring"",""specification_value"":""Non-Wired""}]","{""1_star"":0,""2_stars"":0,""3_stars"":0,""4_stars"":2,""5_stars"":3}",,,"[{""size"":""40B"",""value"":""42.0in"",""value_name"":""Overbust""},{""size"":""40B"",""value"":""36.0in"",""value_name"":""Underbust""},{""size"":""40C"",""value"":""43.0in"",""value_name"":""Overbust""},{""size"":""40C"",""value"":""36.0in"",""value_name"":""Underbust""},{""size"":""42B"",""value"":""41.0in"",""value_name"":""Overbust""},{""size"":""42B"",""value"":""34.0in"",""value_name"":""Underbust""},{""size"":""42C"",""value"":""42.0in"",""value_name"":""Overbust""},{""size"":""42C"",""value"":""34.0in"",""value_name"":""Underbust""},{""size"":""42D"",""value"":""43.0in"",""value_name"":""Overbust""},{""size"":""42D"",""value"":""34.0in"",""value_name"":""Underbust""},{""size"":""44B"",""value"":""41.0in"",""value_name"":""Overbust""},{""size"":""44B"",""value"":""34.0in"",""value_name"":""Underbust""},{""size"":""44C"",""value"":""42.0in"",""value_name"":""Overbust""},{""size"":""44C"",""value"":""34.0in"",""value_name"":""Underbust""},{""size"":""44D"",""value"":""43.0in"",""value_name"":""Overbust""},{""size"":""44D"",""value"":""34.0in"",""value_name"":""Underbust""}]",,,[{}],{},"[{""offer_name"":""10% Instant Discount on Citi Credit & Debit Cards "",""offer_value"":"" Min Spend ₹3,000; Max Discount ₹1,000. ""}]",bra
18656764.0,VStar,Grey Solid T-Shirt Bra,4.3,6,345,,"""₹345.00""",INR,"http://assets.myntassets.com/assets/images/18656764/2022/6/7/650426dd-bc27-4ba6-8391-854e007047fd1654615551548VStarWomenGreyBra1.jpg,http://assets.myntassets.com/assets/images/18656764/2022/6/7/90c57a8b-583f-482c-9896-5a262b8b60891654615551557VStarWomenGreyBra2.jpg,http://assets.myntassets.com/assets/images/18656764/2022/6/7/f15ec6bd-51fd-4ae3-a6d9-c3b54db34d4d1654615551529VStarWomenGreyBra3.jpg,http://assets.myntassets.com/assets/images/18656764/2022/6/7/ea316324-7708-4fe5-bc96-9a8535d578331654615551540VStarWomenGreyBra4.jpg","[""100% Original Products"",""Pay on delivery might be available"",""Easy 14 days returns"",""This item is only returnable and not exchangeable""]","{""description"":""This padded and non-wired cotton t-shirt bra can be used for everyday wear under t-shirts and tops to kurtas and shirts. The seamless cups provide for a smooth finish with no shows on your outfit and the brushed back hook & eye provides for extra comfort.Features VANumber:ELVINA-B-COOL GREY-COOL GREYFull coverageNon-wired to retain natural lift and all-day comfortNon padded for minimal support and day long comfortSeamless cupsRegular strapsBack closureFeatures: all day comfort"",""material_and_care"":""92% Cotton, 8% spandex. Hand Wash"",""size_and_fit"":""Regular Fit""}","[{""name"":""Clothing"",""url"":""https://www.myntra.com/clothing""},{""name"":""Women"",""url"":""https://www.myntra.com/women-clothing""},{""name"":""Bra"",""url"":""https://www.myntra.com/bra""},{""name"":""VStar"",""url"":""https://www.myntra.com/vstar-bra""},{""name"":""More by VStar"",""url"":""https://www.myntra.com/vstar""}]","[{""specification_name"":""Back"",""specification_value"":""Regular""},{""specification_name"":""Center Front Open"",""specification_value"":""No""},{""specification_name"":""Character"",""specification_value"":""NA""},{""specification_name"":""Closure"",""specification_value"":""Back Closure""},{""specification_name"":""Coverage"",""specification_value"":""Full""},{""specification_name"":""Fabric"",""specification_value"":""Cotton""},{""specification_name"":""Fabric 2"",""specification_value"":""Elastane""},{""specification_name"":""Fabric 3"",""specification_value"":""NA""},{""specification_name"":""Features"",""specification_value"":""All Day Comfort""},{""specification_name"":""Knit or Woven"",""specification_value"":""Woven""},{""specification_name"":""Multipack Set"",""specification_value"":""NA""},{""specification_name"":""Padding"",""specification_value"":""Non Padded""},{""specification_name"":""Pattern"",""specification_value"":""Solid""},{""specification_name"":""Print or Pattern Type"",""specification_value"":""Solid""},{""specification_name"":""Seam"",""specification_value"":""Seamless""},{""specification_name"":""Sport"",""specification_value"":""NA""},{""specification_name"":""Sports Bra Support"",""specification_value"":""Medium Support""},{""specification_name"":""Straps"",""specification_value"":""Regular""},{""specification_name"":""Style"",""specification_value"":""Super Support Bra""},{""specification_name"":""Sustainable"",""specification_value"":""Regular""},{""specification_name"":""Technology"",""specification_value"":""NA""},{""specification_name"":""Type"",""specification_value"":""T-shirt""},{""specification_name"":""Wash Care"",""specification_value"":""Hand Wash""},{""specification_name"":""Wiring"",""specification_value"":""Non-Wired""}]","{""1_star"":0,""2_stars"":1,""3_stars"":0,""4_stars"":1,""5_stars"":4}",,V S███ CR███ION█████████,"[{""size"":""30B"",""value"":""31.5in"",""value_name"":""Overbust""},{""size"":""30B"",""value"":""26.0in"",""value_name"":""Underbust""},{""size"":""32B"",""value"":""33.5in"",""value_name"":""Overbust""},{""size"":""32B"",""value"":""28.0in"",""value_name"":""Underbust""},{""size"":""34B"",""value"":""35.5in"",""value_name"":""Overbust""},{""size"":""34B"",""value"":""30.0in"",""value_name"":""Underbust""},{""size"":""36B"",""value"":""37.5in"",""value_name"":""Overbust""},{""size"":""36B"",""value"":""32.0in"",""value_name"":""Underbust""},{""size"":""38B"",""value"":""39.5in"",""value_name"":""Overbust""},{""size"":""38B"",""value"":""34.0in"",""value_name"":""Underbust""}]",,VI/███ AB███ ST█████████ODE█████████████████████ RO████████████████████████████████████████████████████████████,,"{""applicable_on"":""Orders above Rs. 649 (only on first purchase)"",""best_price"":""239"",""coupon_code"":""MYNTRA200"",""coupon_discount"":"" Rs. 106.0 off (check cart for final savings)""}","[{""offer_name"":""10% Instant Discount on IndusInd Bank Debit Cards "",""offer_value"":"" Min Spend ₹2,500; Max Discount ₹1,000. ""},{""offer_name"":""10% Instant Discount on Citi Credit & Debit Cards "",""offer_value"":"" Min Spend ₹3,000; Max Discount ₹1,000. ""},{""offer_name"":""10% Instant Discount on Yes Bank Credit Cards "",""offer_value"":"" Min Spend ₹3,500; Max Discount ₹1,000. ""},{""offer_name"":""Flat ₹100 Cashback on Mobiwkik Wallet/Zip "",""offer_value"":"" Min Spend ₹1,999. ""},{""offer_name"":""7.5% Discount on Myntra Kotak Credit Card."",""offer_value"":"" Max Discount Up to ₹750 on every spends. ""}]",bra
13523458.0,shyaway,Multicoloured Set of 3 Printed Underwired Lightly Padded Everyday Bra shya-com-217,4.3,6,2547,52,"""₹2,547.00""",INR,"http://assets.myntassets.com/assets/images/productimage/2021/1/25/61898375-5227-4c58-a34e-85d5fcfe753c1611563070679-1.jpg,http://assets.myntassets.com/assets/images/productimage/2021/1/25/42cb9826-0d65-407e-afdf-3c0b78517f7c1611563070697-2.jpg,http://assets.myntassets.com/assets/images/productimage/2021/1/25/4963679d-8923-4545-9093-ec67ed7b17e01611563070722-3.jpg,http://assets.myntassets.com/assets/images/productimage/2021/1/25/eecae21a-a041-4de0-b83b-0f4d89505c901611563070745-4.jpg,http://assets.myntassets.com/assets/images/productimage/2021/1/25/d25865c9-a6a7-48e0-a4ae-288ecbfc371f1611563070769-5.jpg","[""100% Original Products"",""Pay on delivery might be available"",""Easy 14 days returns"",""This item is only returnable and not exchangeable""]","{""description"":""Multicoloured printed full-coverage Everyday bra Lightly Padded and Underwired cut and sew cups Regular straps and back closure Back style: Regular Feature: All Day Comfort"",""material_and_care"":""Nylon and elastane. Hand-wash""}","[{""name"":""Clothing"",""url"":""https://www.myntra.com/clothing""},{""name"":""Women"",""url"":""https://www.myntra.com/women-clothing""},{""name"":""Bra"",""url"":""https://www.myntra.com/bra""},{""name"":""shyaway"",""url"":""https://www.myntra.com/shyaway-bra""},{""name"":""More by shyaway"",""url"":""https://www.myntra.com/shyaway""}]","[{""specification_name"":""Back"",""specification_value"":""Regular""},{""specification_name"":""Center Front Open"",""specification_value"":""No""},{""specification_name"":""Closure"",""specification_value"":""Back Closure""},{""specification_name"":""Coverage"",""specification_value"":""Full""},{""specification_name"":""Fabric"",""specification_value"":""Nylon""},{""specification_name"":""Fabric 2"",""specification_value"":""Elastane""},{""specification_name"":""Fabric 3"",""specification_value"":""NA""},{""specification_name"":""Features"",""specification_value"":""All Day Comfort""},{""specification_name"":""Knit or Woven"",""specification_value"":""Woven""},{""specification_name"":""Multipack Set"",""specification_value"":""3""},{""specification_name"":""Padding"",""specification_value"":""Lightly Padded""},{""specification_name"":""Pattern"",""specification_value"":""Printed""},{""specification_name"":""Print or Pattern Type"",""specification_value"":""Geometric""},{""specification_name"":""Seam"",""specification_value"":""Cut and Sew""},{""specification_name"":""Sport"",""specification_value"":""NA""},{""specification_name"":""Sports Bra Support"",""specification_value"":""NA""},{""specification_name"":""Straps"",""specification_value"":""Regular""},{""specification_name"":""Style"",""specification_value"":""Super Support Bra""},{""specification_name"":""Sustainable"",""specification_value"":""Regular""},{""specification_name"":""Technology"",""specification_value"":""NA""},{""specification_name"":""Type"",""specification_value"":""Everyday""},{""specification_name"":""Wash Care"",""specification_value"":""Hand Wash""},{""specification_name"":""Wiring"",""specification_value"":""Underwired""}]","{""1_star"":1,""2_stars"":0,""3_stars"":0,""4_stars"":0,""5_stars"":5}",,V S███ CR███ION█████████,"[{""size"":""30B"",""value"":""31.5in"",""value_name"":""Overbust""},{""size"":""30B"",""value"":""26.0in"",""value_name"":""Underbust""},{""size"":""32B"",""value"":""33.5in"",""value_name"":""Overbust""},{""size"":""32B"",""value"":""28.0in"",""value_name"":""Underbust""},{""size"":""34B"",""value"":""35.5in"",""value_name"":""Overbust""},{""size"":""34B"",""value"":""30.0in"",""value_name"":""Underbust""},{""size"":""36B"",""value"":""37.5in"",""value_name"":""Overbust""},{""size"":""36B"",""value"":""32.0in"",""value_name"":""Underbust""},{""size"":""38B"",""value"":""39.5in"",""value_name"":""Overbust""},{""size"":""38B"",""value"":""34.0in"",""value_name"":""Underbust""}]",,VI/███ AB███ ST█████████ODE█████████████████████ RO████████████████████████████████████████████████████████████,,"{""applicable_on"":""Orders above Rs. 649 (only on first purchase)"",""best_price"":""239"",""coupon_code"":""MYNTRA200"",""coupon_discount"":"" Rs. 106.0 off (check cart for final savings)""}","[{""offer_name"":""10% Instant Discount on IndusInd Bank Debit Cards "",""offer_value"":"" Min Spend ₹2,500; Max Discount ₹1,000. ""},{""offer_name"":""10% Instant Discount on Citi Credit & Debit Cards "",""offer_value"":"" Min Spend ₹3,000; Max Discount ₹1,000. ""},{""offer_name"":""10% Instant Discount on Yes Bank Credit Cards "",""offer_value"":"" Min Spend ₹3,500; Max Discount ₹1,000. ""},{""offer_name"":""Flat ₹100 Cashback on Mobiwkik Wallet/Zip "",""offer_value"":"" Min Spend ₹1,999. ""},{""offer_name"":""7.5% Discount on Myntra Kotak Credit Card."",""offer_value"":"" Max Discount Up to ₹750 on every spends. ""}]",bra
18652628.0,max,Sea Green & Blue Floral Bra Lightly Padded SU22PDNW08MIST,4.2,5,649,20,"""₹649.00""",INR,"http://assets.myntassets.com/assets/images/18652628/2022/6/7/b070d887-d1c7-4d70-9abb-b3d4c5353fad1654599981109maxWomenGreenBra1.jpg,http://assets.myntassets.com/assets/images/18652628/2022/6/7/c678d22b-cc31-4540-bcb5-7164745cc4381654599981118maxWomenGreenBra2.jpg,http://assets.myntassets.com/assets/images/18652628/2022/6/7/f406065b-edd0-4580-af4d-8360775f547a1654599981082maxWomenGreenBra3.jpg,http://assets.myntassets.com/assets/images/18652628/2022/6/7/68cc5edc-55d4-4890-b6f0-44cc52dd4a6e1654599981091maxWomenGreenBra4.jpg,http://assets.myntassets.com/assets/images/18652628/2022/6/7/cc085120-c79c-4f46-9d4c-bf21d831c2371654599981100maxWomenGreenBra5.jpg","[""100% Original Products"",""Pay on delivery might be available"",""Easy 14 days returns"",""This item is only returnable and not exchangeable""]","{""description"":""Designed to give you sheer comfort intertwined with a supportive fit, this bra deserves to be a new addition to your lingerie range. The overall silhouette is defined to give you a perfectly contoured look.Features VANumber: SU22PDNW08MISTMedium coverageNon-wired to retain natural lift and all-day comfortLightly padded for defined shaping of breastsSeamless cupsRegular strapsBack closureFeatures: all day comfort"",""material_and_care"":""Cotton spandex. Hand wash""}","[{""name"":""Clothing"",""url"":""https://www.myntra.com/clothing""},{""name"":""Women"",""url"":""https://www.myntra.com/women-clothing""},{""name"":""Bra"",""url"":""https://www.myntra.com/bra""},{""name"":""max"",""url"":""https://www.myntra.com/max-bra""},{""name"":""More by max"",""url"":""https://www.myntra.com/max""}]","[{""specification_name"":""Back"",""specification_value"":""Regular""},{""specification_name"":""Center Front Open"",""specification_value"":""No""},{""specification_name"":""Character"",""specification_value"":""NA""},{""specification_name"":""Closure"",""specification_value"":""Back Closure""},{""specification_name"":""Coverage"",""specification_value"":""Medium Coverage""},{""specification_name"":""Fabric"",""specification_value"":""Cotton""},{""specification_name"":""Fabric 2"",""specification_value"":""Elastane""},{""specification_name"":""Fabric 3"",""specification_value"":""NA""},{""specification_name"":""Features"",""specification_value"":""All Day Comfort""},{""specification_name"":""Knit or Woven"",""specification_value"":""Woven""},{""specification_name"":""Multipack Set"",""specification_value"":""NA""},{""specification_name"":""Padding"",""specification_value"":""Lightly Padded""},{""specification_name"":""Pattern"",""specification_value"":""Printed""},{""specification_name"":""Print or Pattern Type"",""specification_value"":""Floral""},{""specification_name"":""Seam"",""specification_value"":""Seamless""},{""specification_name"":""Sport"",""specification_value"":""NA""},{""specification_name"":""Sports Bra Support"",""specification_value"":""High Support""},{""specification_name"":""Straps"",""specification_value"":""Regular""},{""specification_name"":""Style"",""specification_value"":""NA""},{""specification_name"":""Sustainable"",""specification_value"":""Regular""},{""specification_name"":""Technology"",""specification_value"":""NA""},{""specification_name"":""Type"",""specification_value"":""T-shirt""},{""specification_name"":""Wash Care"",""specification_value"":""Hand Wash""},{""specification_name"":""Wiring"",""specification_value"":""Non-Wired""}]","{""1_star"":0,""2_stars"":0,""3_stars"":1,""4_stars"":2,""5_stars"":2}",,,"[{""size"":""32B"",""value"":""33.46in to 33.85in"",""value_name"":""Overbust""},{""size"":""32B"",""value"":""26.77in to 28.34in"",""value_name"":""Underbust""},{""size"":""32C"",""value"":""34.25in to 34.64in"",""value_name"":""Overbust""},{""size"":""32C"",""value"":""26.77in to 28.34in"",""value_name"":""Underbust""},{""size"":""32D"",""value"":""35.03in to 35.43in"",""value_name"":""Overbust""},{""size"":""32D"",""value"":""26.77in to 28.34in"",""value_name"":""Underbust""},{""size"":""34B"",""value"":""35.43in to 35.82in"",""value_name"":""Overbust""},{""size"":""34B"",""value"":""28.74in to 30.31in"",""value_name"":""Underbust""},{""size"":""34C"",""value"":""36.22in to 36.61in"",""value_name"":""Overbust""},{""size"":""34C"",""value"":""28.74in to 30.31in"",""value_name"":""Underbust""},{""size"":""34D"",""value"":""37.0in to 37.79in"",""value_name"":""Overbust""},{""size"":""34D"",""value"":""28.74in to 30.31in"",""value_name"":""Underbust""},{""size"":""36B"",""value"":""37.4in to 37.79in"",""value_name"":""Overbust""},{""size"":""36B"",""value"":""30.7in to 32.28in"",""value_name"":""Underbust""},{""size"":""36C"",""value"":""38.18in to 38.58in"",""value_name"":""Overbust""},{""size"":""36C"",""value"":""30.7in to 32.28in"",""value_name"":""Underbust""},{""size"":""36D"",""value"":""38.97in to 39.76in"",""value_name"":""Overbust""},{""size"":""36D"",""value"":""30.7in to 32.28in"",""value_name"":""Underbust""},{""size"":""38B"",""value"":""39.37in to 39.76in"",""value_name"":""Overbust""},{""size"":""38B"",""value"":""32.67in to 34.25in"",""value_name"":""Underbust""},{""size"":""38C"",""value"":""40.15in to 40.55in"",""value_name"":""Overbust""},{""size"":""38C"",""value"":""32.67in to 34.25in"",""value_name"":""Underbust""},{""size"":""38D"",""value"":""40.94in to 41.73in"",""value_name"":""Overbust""},{""size"":""38D"",""value"":""32.67in to 34.25in"",""value_name"":""Underbust""}]",,,"[{},{}]",{},"[{""offer_name"":""10% Instant Discount on Citi Credit & Debit Cards "",""offer_value"":"" Min Spend ₹3,000; Max Discount ₹1,000. ""}]",bra
17774350.0,Zivame,Pink Lightly Padded T-shirt Bra,4.2,9,995,50,"""₹995.00""",INR,"http://assets.myntassets.com/assets/images/17774350/2022/4/6/8046765d-32f9-4837-9b2f-c3ac99d7243f1649220747561ZivamePureBlissPaddedNonWired34thCoverageT-ShirtBra-Salmon1.jpg,http://assets.myntassets.com/assets/images/17774350/2022/4/6/0762aaf2-e535-4075-be56-f913520981501649220747553ZivamePureBlissPaddedNonWired34thCoverageT-ShirtBra-Salmon2.jpg,http://assets.myntassets.com/assets/images/17774350/2022/4/6/7894c9c6-9d0f-43d4-841e-541f299487f51649220747545ZivamePureBlissPaddedNonWired34thCoverageT-ShirtBra-Salmon3.jpg,http://assets.myntassets.com/assets/images/17774350/2022/4/6/db713a4c-7a03-490a-864a-a3989ef973fd1649220747537ZivamePureBlissPaddedNonWired34thCoverageT-ShirtBra-Salmon4.jpg","[""100% Original Products"",""Pay on delivery might be available"",""Easy 14 days returns"",""This item is only returnable and not exchangeable""]","{""description"":""Make an interesting and drool-worthy addition to your collection of workout wear with this highly comfortable workout bra. Wear it to gift yourself ultimate support and definition required during workout sessions.Features VANumber: ZI10ZYFASHCORNGHalf coverageNon-wired to retain natural lift and all-day comfortLightly padded for defined shaping of breastsSeamless cupsRegular strapsBack closureFeatures: all day comfort"",""material_and_care"":""100% Polyester. Hand wash""}","[{""name"":""Clothing"",""url"":""https://www.myntra.com/clothing""},{""name"":""Women"",""url"":""https://www.myntra.com/women-clothing""},{""name"":""Bra"",""url"":""https://www.myntra.com/bra""},{""name"":""Zivame"",""url"":""https://www.myntra.com/zivame-bra""},{""name"":""More by Zivame"",""url"":""https://www.myntra.com/zivame""}]","[{""specification_name"":""Back"",""specification_value"":""Regular""},{""specification_name"":""Center Front Open"",""specification_value"":""No""},{""specification_name"":""Character"",""specification_value"":""NA""},{""specification_name"":""Closure"",""specification_value"":""Back Closure""},{""specification_name"":""Coverage"",""specification_value"":""Half""},{""specification_name"":""Fabric"",""specification_value"":""Polyester""},{""specification_name"":""Fabric 2"",""specification_value"":""NA""},{""specification_name"":""Fabric 3"",""specification_value"":""NA""},{""specification_name"":""Features"",""specification_value"":""All Day Comfort""},{""specification_name"":""Knit or Woven"",""specification_value"":""Knitted""},{""specification_name"":""Multipack Set"",""specification_value"":""Single""},{""specification_name"":""Padding"",""specification_value"":""Lightly Padded""},{""specification_name"":""Pattern"",""specification_value"":""Solid""},{""specification_name"":""Print or Pattern Type"",""specification_value"":""Solid""},{""specification_name"":""Seam"",""specification_value"":""Seamless""},{""specification_name"":""Sport"",""specification_value"":""NA""},{""specification_name"":""Sports Bra Support"",""specification_value"":""NA""},{""specification_name"":""Straps"",""specification_value"":""Regular""},{""specification_name"":""Style"",""specification_value"":""Super Support Bra""},{""specification_name"":""Sustainable"",""specification_value"":""Regular""},{""specification_name"":""Technology"",""specification_value"":""NA""},{""specification_name"":""Type"",""specification_value"":""T-shirt""},{""specification_name"":""Wash Care"",""specification_value"":""Hand Wash""},{""specification_name"":""Wiring"",""specification_value"":""Non-Wired""}]","{""1_star"":1,""2_stars"":0,""3_stars"":1,""4_stars"":1,""5_stars"":6}",,,"[{""size"":""30B"",""value"":""32.0in"",""value_name"":""Overbust""},{""size"":""30B"",""value"":""26.0in"",""value_name"":""Underbust""},{""size"":""32B"",""value"":""34.0in"",""value_name"":""Overbust""},{""size"":""32B"",""value"":""28.0in"",""value_name"":""Underbust""},{""size"":""32C"",""value"":""36.0in"",""value_name"":""Overbust""},{""size"":""32C"",""value"":""30.0in"",""value_name"":""Underbust""},{""size"":""34B"",""value"":""36.0in"",""value_name"":""Overbust""},{""size"":""34B"",""value"":""30.0in"",""value_name"":""Underbust""},{""size"":""34C"",""value"":""38.0in"",""value_name"":""Overbust""},{""size"":""34C"",""value"":""32.0in"",""value_name"":""Underbust""},{""size"":""34D"",""value"":""38.0in"",""value_name"":""Overbust""},{""size"":""34D"",""value"":""32.0in"",""value_name"":""Underbust""},{""size"":""36B"",""value"":""38.0in"",""value_name"":""Overbust""},{""size"":""36B"",""value"":""32.0in"",""value_name"":""Underbust""},{""size"":""36C"",""value"":""40.0in"",""value_name"":""Overbust""},{""size"":""36C"",""value"":""34.0in"",""value_name"":""Underbust""},{""size"":""38B"",""value"":""40.0in"",""value_name"":""Overbust""},{""size"":""38B"",""value"":""34.0in"",""value_name"":""Underbust""},{""size"":""38C"",""value"":""42.0in"",""value_name"":""Overbust""},{""size"":""38C"",""value"":""36.0in"",""value_name"":""Underbust""}]",,,[{}],{},"[{""offer_name"":""10% Instant Discount on Citi Credit & Debit Cards "",""offer_value"":"" Min Spend ₹3,000; Max Discount ₹1,000. ""}]",bra
16704504.0,ZINU,Women Silver-Toned Brass Cubic Zirconia Rhodium-Plated Charm Bracelet,4.1,7,699,45,"""₹384.00""",INR,"http://assets.myntassets.com/assets/images/16704504/2022/1/6/05b4a78c-f3a5-4b42-956d-e10b25b285911641461209358ZINUWomenSilver1.jpg,http://assets.myntassets.com/assets/images/16704504/2022/1/6/e3eb6b89-2927-477a-989b-cd879f5670b31641461209350ZINUWomenSilver2.jpg,http://assets.myntassets.com/assets/images/16704504/2022/1/6/730f4537-a603-448e-a6c4-5b98612b3e731641461209343ZINUWomenSilver3.jpg,http://assets.myntassets.com/assets/images/16704504/2022/1/6/1a303202-bc0a-438c-83ac-92aa277a76351641461209605ZINUWomenSilver4.jpg,http://assets.myntassets.com/assets/images/16704504/2022/1/6/6f9d96fc-6ebe-4f63-906a-e7668dee25ac1641461209185ZINUWomenSilver5.jpg","[""100% Original Products"",""Pay on delivery might be available"",""Easy 14 days returns and exchanges""]","{""description"":""Silver-toned charm bracelet  Material and stone type: brass with cubic zirconia  Plating: rhodium-plated  Closure: drawstring "",""material_and_care"":""Material and stone type: brass with cubic zirconia. Avoid contact with water and perfume"",""size_and_fit"":""Length:19cm""}","[{""name"":""Accessories"",""url"":""https://www.myntra.com/accessories""},{""name"":""Women"",""url"":""https://www.myntra.com/women-accessories""},{""name"":""Bracelet"",""url"":""https://www.myntra.com/bracelet""},{""name"":""ZINU"",""url"":""https://www.myntra.com/zinu-bracelet""},{""name"":""More by ZINU"",""url"":""https://www.myntra.com/zinu""}]","[{""specification_name"":""Base Metal"",""specification_value"":""Brass""},{""specification_name"":""Closure"",""specification_value"":""Drawstring""},{""specification_name"":""Multipack Set"",""specification_value"":""NA""},{""specification_name"":""Occasion"",""specification_value"":""Western""},{""specification_name"":""Plating"",""specification_value"":""Rhodium-Plated""},{""specification_name"":""Stone Type"",""specification_value"":""Cubic Zirconia""},{""specification_name"":""Sustainable"",""specification_value"":""Regular""},{""specification_name"":""Trends"",""specification_value"":""NA""},{""specification_name"":""Type"",""specification_value"":""Charm""},{""specification_name"":""Warranty"",""specification_value"":""NA""}]","{""1_star"":0,""2_stars"":0,""3_stars"":2,""4_stars"":2,""5_stars"":3}",,,"[{""size"":""32B"",""value"":""33.8in"",""value_name"":""Overbust""},{""size"":""32B"",""value"":""28.0in"",""value_name"":""Underbust""},{""size"":""32C"",""value"":""34.6in"",""value_name"":""Overbust""},{""size"":""32C"",""value"":""28.0in"",""value_name"":""Underbust""},{""size"":""32D"",""value"":""35.4in"",""value_name"":""Overbust""},{""size"":""32D"",""value"":""28.0in"",""value_name"":""Underbust""},{""size"":""34B"",""value"":""35.8in"",""value_name"":""Overbust""},{""size"":""34B"",""value"":""30.0in"",""value_name"":""Underbust""},{""size"":""34C"",""value"":""36.6in"",""value_name"":""Overbust""},{""size"":""34C"",""value"":""30.0in"",""value_name"":""Underbust""},{""size"":""34D"",""value"":""37.7in"",""value_name"":""Overbust""},{""size"":""34D"",""value"":""30.0in"",""value_name"":""Underbust""},{""size"":""36B"",""value"":""37.7in"",""value_name"":""Overbust""},{""size"":""36B"",""value"":""32.0in"",""value_name"":""Underbust""},{""size"":""36C"",""value"":""38.5in"",""value_name"":""Overbust""},{""size"":""36C"",""value"":""32.0in"",""value_name"":""Underbust""},{""size"":""36D"",""value"":""39.7in"",""value_name"":""Overbust""},{""size"":""36D"",""value"":""32.0in"",""value_name"":""Underbust""},{""size"":""38B"",""value"":""39.7in"",""value_name"":""Overbust""},{""size"":""38B"",""value"":""34.0in"",""value_name"":""Underbust""},{""size"":""38C"",""value"":""40.5in"",""value_name"":""Overbust""},{""size"":""38C"",""value"":""34.0in"",""value_name"":""Underbust""},{""size"":""38D"",""value"":""41.7in"",""value_name"":""Overbust""},{""size"":""38D"",""value"":""34.0in"",""value_name"":""Underbust""}]",,,[{}],{},"[{""offer_name"":""10% Instant Discount on Citi Credit & Debit Cards "",""offer_value"":"" Min Spend ₹3,000; Max Discount ₹1,000. ""}]",bra
21873792.0,KARATCART,Cubic Zirconia Silver-Plated Wraparound Bracelet,4.6,5,3397,76,"""₹815.00""",INR,"http://assets.myntassets.com/assets/images/21873792/2023/2/9/0a188ca5-5583-4060-81d8-a622fe67e6731675887910667KARATCARTWomenSilver-TonedBlueCubicZirconiaHandcraftedSilver1.jpg,http://assets.myntassets.com/assets/images/21873792/2023/2/9/17ddd5f6-c0dd-4226-8960-4ed68942f8141675887910653KARATCARTWomenSilver-TonedBlueCubicZirconiaHandcraftedSilver2.jpg,http://assets.myntassets.com/assets/images/21873792/2023/2/9/b6041183-83d2-45fb-a30f-4218ce5e98df1675887910606KARATCARTWomenSilver-TonedBlueCubicZirconiaHandcraftedSilver3.jpg,http://assets.myntassets.com/assets/images/21873792/2023/2/9/77428b23-119c-4b69-bc8e-4b891763bc941675887910637KARATCARTWomenSilver-TonedBlueCubicZirconiaHandcraftedSilver4.jpg,http://assets.myntassets.com/assets/images/21873792/2023/2/9/b92c6abc-9e0a-4c83-9a1d-3c801b17e18f1675887910683KARATCARTWomenSilver-TonedBlueCubicZirconiaHandcraftedSilver5.jpg,http://assets.myntassets.com/assets/images/21873792/2023/2/9/673135ff-39db-44ca-882e-20dddd5908411675887910622KARATCARTWomenSilver-TonedBlueCubicZirconiaHandcraftedSilver6.jpg","[""100% Original Products"",""Pay on delivery might be available"",""Easy 14 days returns and exchanges""]","{""description"":""Silver-toned and blue handcrafted wraparound bracelet  Material and stone type: alloy with cubic zirconia  Plating: silver-plated  Closure: hook "",""material_and_care"":""Material: Alloy. Plating: Silver-Plated. Stone type: Cubic Zirconia. Care Instructions: Wipe your jewellery with a soft cloth after every use. Always store your jewellery in a flat box to avoid accidental scratches. Keep sprays and perfumes away from your jewellery. Do not soak your jewellery in water. Clean your jewellery using a soft brush, dipped in jewellery cleaning solution only"",""size_and_fit"":""Length:19.9cm""}","[{""name"":""Accessories"",""url"":""https://www.myntra.com/accessories""},{""name"":""Women"",""url"":""https://www.myntra.com/women-accessories""},{""name"":""Bracelet"",""url"":""https://www.myntra.com/bracelet""},{""name"":""KARATCART"",""url"":""https://www.myntra.com/karatcart-bracelet""},{""name"":""More by KARATCART"",""url"":""https://www.myntra.com/karatcart""}]","[{""specification_name"":""Base Metal"",""specification_value"":""Alloy""},{""specification_name"":""Closure"",""specification_value"":""Hook""},{""specification_name"":""Multipack Set"",""specification_value"":""NA""},{""specification_name"":""Occasion"",""specification_value"":""Western""},{""specification_name"":""Plating"",""specification_value"":""Silver-Plated""},{""specification_name"":""Stone Type"",""specification_value"":""Cubic Zirconia""},{""specification_name"":""Sustainable"",""specification_value"":""Regular""},{""specification_name"":""Trends"",""specification_value"":""NA""},{""specification_name"":""Type"",""specification_value"":""Wraparound""},{""specification_name"":""Warranty"",""specification_value"":""NA""}]","{""1_star"":0,""2_stars"":0,""3_stars"":1,""4_stars"":0,""5_stars"":4}",,SAN███UNE███,"[{""size"":""Onesize"",""value"":""7.0in"",""value_name"":""Circumference""}]",,"BLD███NO.███BAS█████████VAI█████████████████████TE,███████████████████████████████████████████████████████████████████████████████████████",,"{""applicable_on"":""Orders above Rs. 649 (only on first purchase)"",""best_price"":""266"",""coupon_code"":""MYNTRA200"",""coupon_discount"":"" Rs. 118.0 off (check cart for final savings)""}","[{""offer_name"":""10% Instant Discount on IndusInd Bank Debit Cards "",""offer_value"":"" Min Spend ₹2,500; Max Discount ₹1,000. ""},{""offer_name"":""10% Instant Discount on Citi Credit & Debit Cards "",""offer_value"":"" Min Spend ₹3,000; Max Discount ₹1,000. ""},{""offer_name"":""10% Instant Discount on Yes Bank Credit Cards "",""offer_value"":"" Min Spend ₹3,500; Max Discount ₹1,000. ""},{""offer_name"":""Flat ₹100 Cashback on Mobiwkik Wallet/Zip "",""offer_value"":"" Min Spend ₹1,999. ""},{""offer_name"":""7.5% Discount on Myntra Kotak Credit Card."",""offer_value"":"" Max Discount Up to ₹750 on every spends. ""}]",bracelet
21573578.0,Jewels Galaxy,Women Brass Gold-Plated Bangle-Style Bracelet,4.2,24,1329,77,"""₹305.00""",INR,"http://assets.myntassets.com/assets/images/21573578/2023/1/16/1fc43dd6-6d24-479a-8864-65815d128c371673884661955Bracelet1.jpg,http://assets.myntassets.com/assets/images/21573578/2023/1/16/3c608de4-f41c-491f-ba16-35970e38d9e51673884661924Bracelet2.jpg,http://assets.myntassets.com/assets/images/21573578/2023/1/16/36dc670a-49ad-4e23-a9be-7d27ba649e441673884661964Bracelet3.jpg,http://assets.myntassets.com/assets/images/21573578/2023/1/16/489a6ca5-97e0-4876-b7b0-0ec6e4e497451673884661932Bracelet4.jpg,http://assets.myntassets.com/assets/images/21573578/2023/1/16/f4c78e20-501a-47a0-ab50-0ae1928c406b1673884661940Bracelet5.jpg,http://assets.myntassets.com/assets/images/21573578/2023/1/16/1761e2e3-ba19-4b54-a89b-2c830bed00da1673884661948Bracelet6.jpg","[""100% Original Products"",""Pay on delivery might be available"",""Easy 14 days returns and exchanges""]","{""description"":""Bangle-style braceletMaterial and stone type: brassPlating: gold-platedClosure: slip-on"",""material_and_care"":""Material &amp; Care. Material: Brass. Plated: Gold-Plated. Care Instructions. Wipe your jewellery with a soft cloth after every use. Always store your jewellery in a flat box to avoid accidental scratches. Keep sprays and perfumes away from your jewellery. Do not soak your jewellery in water. Clean your jewellery using a soft brush, dipped in jewellery cleaning solution only"",""size_and_fit"":""Length - 6.83 cm, Width - 1.59 cm""}","[{""name"":""Accessories"",""url"":""https://www.myntra.com/accessories""},{""name"":""Women"",""url"":""https://www.myntra.com/women-accessories""},{""name"":""Bracelet"",""url"":""https://www.myntra.com/bracelet""},{""name"":""Jewels Galaxy"",""url"":""https://www.myntra.com/jewels-galaxy-bracelet""},{""name"":""More by Jewels Galaxy"",""url"":""https://www.myntra.com/jewels-galaxy""}]","[{""specification_name"":""Base Metal"",""specification_value"":""Brass""},{""specification_name"":""Closure"",""specification_value"":""Slip-On""},{""specification_name"":""Multipack Set"",""specification_value"":""NA""},{""specification_name"":""Occasion"",""specification_value"":""Western""},{""specification_name"":""Plating"",""specification_value"":""Gold-Plated""},{""specification_name"":""Stone Type"",""specification_value"":""NA""},{""specification_name"":""Sustainable"",""specification_value"":""Regular""},{""specification_name"":""Trends"",""specification_value"":""NA""},{""specification_name"":""Type"",""specification_value"":""Bangle-Style""},{""specification_name"":""Warranty"",""specification_value"":""NA""}]","{""1_star"":2,""2_stars"":1,""3_stars"":1,""4_stars"":6,""5_stars"":14}",,KOK███V G███AL █████████,"[{""size"":""Onesize"",""value"":""8.26in"",""value_name"":""Bracelet Length""},{""size"":""Onesize"",""value"":""8.26in"",""value_name"":""Circumference""}]",,Sho███58-███Sec█████████ain█████████████████████rya████████████,,"{""applicable_on"":""Orders above Rs. 999 (only on first purchase)"",""best_price"":""570"",""coupon_code"":""MYNTRA300"",""coupon_discount"":"" Rs. 245.0 off (check cart for final savings)""}","[{""offer_name"":""10% Instant Discount on IndusInd Bank Debit Cards "",""offer_value"":"" Min Spend ₹2,500; Max Discount ₹1,000. ""},{""offer_name"":""10% Instant Discount on Citi Credit & Debit Cards "",""offer_value"":"" Min Spend ₹3,000; Max Discount ₹1,000. ""},{""offer_name"":""10% Instant Discount on Yes Bank Credit Cards "",""offer_value"":"" Min Spend ₹3,500; Max Discount ₹1,000. ""},{""offer_name"":""Flat ₹100 Cashback on Mobiwkik Wallet/Zip "",""offer_value"":"" Min Spend ₹1,999. ""},{""offer_name"":""7.5% Discount on Myntra Kotak Credit Card."",""offer_value"":"" Max Discount Up to ₹750 on every spends. ""}]",bracelet
18100576.0,MINUTIAE,Women Gold-Toned & White Brass Crystals Handcrafted Gold-Plated Bangle-Style Bracelet,3.2,13,1499,70,"""₹1,499.00""",INR,"http://assets.myntassets.com/assets/images/18100576/2022/4/30/b104f090-bf81-48da-be44-954e7ca834761651303319188WomensGoldPlatedDiamondBarBracelet1.jpg,http://assets.myntassets.com/assets/images/18100576/2022/4/30/1ad8f751-86d2-4c25-8e50-8c084b08131d1651303319195WomensGoldPlatedDiamondBarBracelet2.jpg,http://assets.myntassets.com/assets/images/18100576/2022/4/30/40be2db4-2bcc-4c1f-95f6-46180201c32d1651303319210WomensGoldPlatedDiamondBarBracelet3.jpg,http://assets.myntassets.com/assets/images/18100576/2022/4/30/5f31b5e2-200c-4847-b4d1-9b72257d66131651303319218WomensGoldPlatedDiamondBarBracelet4.jpg,http://assets.myntassets.com/assets/images/18100576/2022/4/30/52a938c0-7d78-40f6-921d-164e43d0d2381651303319202WomensGoldPlatedDiamondBarBracelet5.jpg","[""100% Original Products"",""Pay on delivery might be available"",""Easy 14 days returns and exchanges""]","{""description"":""Gold-toned and white handcrafted bangle-style bracelet  Material and stone type: brass with crystals  Plating: gold-plated  Closure: interlock  Warranty: 3 months  Warranty provided by brand owner/manufacturer"",""material_and_care"":""Brass. Avoid contact with water &amp; perfume"",""size_and_fit"":""Size: 6.5Inch""}","[{""name"":""Accessories"",""url"":""https://www.myntra.com/accessories""},{""name"":""Women"",""url"":""https://www.myntra.com/women-accessories""},{""name"":""Bracelet"",""url"":""https://www.myntra.com/bracelet""},{""name"":""MINUTIAE"",""url"":""https://www.myntra.com/minutiae-bracelet""},{""name"":""More by MINUTIAE"",""url"":""https://www.myntra.com/minutiae""}]","[{""specification_name"":""Base Metal"",""specification_value"":""Brass""},{""specification_name"":""Closure"",""specification_value"":""Interlock""},{""specification_name"":""Contact Brand or Retailer for pre-sales product queries"",""specification_value"":""vijayibhavajewels@gmail.com""},{""specification_name"":""Multipack Set"",""specification_value"":""NA""},{""specification_name"":""Occasion"",""specification_value"":""Western""},{""specification_name"":""Plating"",""specification_value"":""Gold-Plated""},{""specification_name"":""Stone Type"",""specification_value"":""Crystals""},{""specification_name"":""Sustainable"",""specification_value"":""Regular""},{""specification_name"":""Trends"",""specification_value"":""Handcrafted""},{""specification_name"":""Type"",""specification_value"":""Bangle-Style""},{""specification_name"":""Warranty"",""specification_value"":""3 months""}]","{""1_star"":4,""2_stars"":1,""3_stars"":1,""4_stars"":2,""5_stars"":5}",,RS ███els███,"[{""size"":""Onesize"",""value"":""2.38in"",""value_name"":""Bracelet Length""},{""size"":""Onesize"",""value"":""7.06in"",""value_name"":""Circumference""},{""size"":""Onesize"",""value"":""2.5in"",""value_name"":""Diameter""}]",,"9/1███, S███et █████████ula█████████████████████lhi██████████████████","[{},{}]","{""applicable_on"":""Orders above Rs. 649 (only on first purchase)"",""best_price"":""211"",""coupon_code"":""MYNTRA200"",""coupon_discount"":"" Rs. 94.0 off (check cart for final savings)""}","[{""offer_name"":""10% Instant Discount on IndusInd Bank Debit Cards "",""offer_value"":"" Min Spend ₹2,500; Max Discount ₹1,000. ""},{""offer_name"":""10% Instant Discount on Citi Credit & Debit Cards "",""offer_value"":"" Min Spend ₹3,000; Max Discount ₹1,000. ""},{""offer_name"":""10% Instant Discount on Yes Bank Credit Cards "",""offer_value"":"" Min Spend ₹3,500; Max Discount ₹1,000. ""},{""offer_name"":""Flat ₹100 Cashback on Mobiwkik Wallet/Zip "",""offer_value"":"" Min Spend ₹1,999. ""},{""offer_name"":""7.5% Discount on Myntra Kotak Credit Card."",""offer_value"":"" Max Discount Up to ₹750 on every spends. ""}]",bracelet
18532334.0,Pepe Jeans,Men Green Printed Cotton Basic Briefs,0,0,459,20,"""₹298.00""",INR,"http://assets.myntassets.com/assets/images/18532334/2022/6/1/9fa5a810-d7a7-4e3d-9ee4-5f9358949c311654079953571PepeJeansMenGreenPrintedCottonBasicBriefs1.jpg,http://assets.myntassets.com/assets/images/18532334/2022/6/1/0e391503-2bfe-48ab-bc9d-4c30e85e5ba21654079953582PepeJeansMenGreenPrintedCottonBasicBriefs2.jpg,http://assets.myntassets.com/assets/images/18532334/2022/6/1/8e752a49-a8fc-43f7-baaa-60df9d44d0871654079953524PepeJeansMenGreenPrintedCottonBasicBriefs3.jpg,http://assets.myntassets.com/assets/images/18532334/2022/6/1/aaaf3f7b-d182-43e5-866f-488aca73b7231654079953548PepeJeansMenGreenPrintedCottonBasicBriefs4.jpg,http://assets.myntassets.com/assets/images/18532334/2022/6/1/fda9cc1d-6f86-4084-887b-6fe90eef3ce21654079953560PepeJeansMenGreenPrintedCottonBasicBriefs5.jpg,http://assets.myntassets.com/assets/images/18532334/2022/6/1/7351acf1-e339-46c3-b406-c734166ce6ef1654079953536PepeJeansMenGreenPrintedCottonBasicBriefs6.jpg","[""100% Original Products"",""Pay on delivery might be available"",""Items like innerwear, socks, certain accessories and some high-value fragile items do not come under our return policy""]","{""description"":""Made of ultra-soft premium enriched egyptian cotton, Soft, double-layred pouch lends you additional support. Smooth and durable waistband provides comfortable grip. Soft breezy rib fabric promises maximum breathability, Enjoy label -free comfort all day long. This product is treated with ultra fresh a technology that restricts microbial growth keeps the fabric hygienic and fresh for long hours and your innewear completely odour -free.Key Feature:Intellifresh Technology: Ultra soft combed cotton, makes you feel cool and comfortable all day. Fabric covered leg elastic gives full hip coverage and perfect fit around the leg. Contrast piping for stylish look.Elastic Wasitband: Nylon stretch jacquard waistband is soothing to the skin. The waistband is made from high-quality elastic which can stretch upto 6 inches to ensure maximum flexibility and lasts really long.100% Cotton: These brief innerwear are made from 100% Natural Cotton grown in India. No harmful colours or chemicals are used in the making of this product, to ensure that there is no skin irritation to the user.The fabrics are pre-tested and pre-washed to ensure highest quality is maintained and that the color does not run.Relaxed Fit: A relaxed fit makes these shorts the perfect sleepwear companion. Ideal to just lounge at home, Enjoy label-free comfort all day long.Wash Care: These boxer shorts are very easy to take care of. A regular cold machine wash and dry in shade is recommended. Do not use bleach or any coloring agents."",""material_and_care"":""Cotton. Wash at 40C. Do not bleach. Tumble Dry, Low temperature. Iron Stream or  dry with low heat. Do not dry clean""}","[{""name"":""Clothing"",""url"":""https://www.myntra.com/clothing""},{""name"":""Men"",""url"":""https://www.myntra.com/men-clothing""},{""name"":""Briefs"",""url"":""https://www.myntra.com/briefs""},{""name"":""Pepe Jeans"",""url"":""https://www.myntra.com/pepe-jeans-briefs""},{""name"":""More by Pepe Jeans"",""url"":""https://www.myntra.com/pepe-jeans""}]","[{""specification_name"":""Assorted"",""specification_value"":""No""},{""specification_name"":""Character"",""specification_value"":""NA""},{""specification_name"":""Fabric"",""specification_value"":""Cotton""},{""specification_name"":""Fabric 2"",""specification_value"":""NA""},{""specification_name"":""Features"",""specification_value"":""Anti Microbial""},{""specification_name"":""Knit or Woven"",""specification_value"":""Knitted""},{""specification_name"":""Multipack Set"",""specification_value"":""NA""},{""specification_name"":""Pattern"",""specification_value"":""Printed""},{""specification_name"":""Print or Pattern Type"",""specification_value"":""Self Design""},{""specification_name"":""Style"",""specification_value"":""NA""},{""specification_name"":""Sustainable"",""specification_value"":""Regular""},{""specification_name"":""Type"",""specification_value"":""Basic""},{""specification_name"":""Waist Rise"",""specification_value"":""Low-Rise""},{""specification_name"":""Waistband"",""specification_value"":""Outer Elastic""},{""specification_name"":""Wash Care"",""specification_value"":""Machine Wash""}]","{""1_star"":0,""2_stars"":0,""3_stars"":0,""4_stars"":0,""5_stars"":0}",,,"[{""size"":""M"",""value"":""6.5in"",""value_name"":""Circumference""}]","[""rw-18100576_cae700""]",,,{},"[{""offer_name"":""10% Instant Discount on Citi Credit & Debit Cards "",""offer_value"":"" Min Spend ₹3,000; Max Discount ₹1,000. ""}]",bracelet
16696094.0,Van Heusen,Men Swift Dry High Stretch Mesh AIR Series Active Briefs 8905325842743,4.6,192,649,,"""₹649.00""",INR,"http://assets.myntassets.com/assets/images/16696094/2022/3/19/fdc22887-c648-4b01-8273-8764f57198b01647679232538-Van-Heusen-Men-Black-Solid-Breathable-Briefs-8905325842743-1-1.jpg,http://assets.myntassets.com/assets/images/16696094/2022/3/19/0ddbd926-16cb-4a5f-af18-2885c6b49a171647679232529-Van-Heusen-Men-Black-Solid-Breathable-Briefs-8905325842743-1-2.jpg,http://assets.myntassets.com/assets/images/16696094/2022/3/19/907be1a3-1790-48e5-ab55-a327a7fbd02c1647679232520-Van-Heusen-Men-Black-Solid-Breathable-Briefs-8905325842743-1-3.jpg,http://assets.myntassets.com/assets/images/16696094/2022/3/19/b9c8afb6-6e3d-45a0-8e54-4b9717ec966f1647679232493-Van-Heusen-Men-Black-Solid-Breathable-Briefs-8905325842743-1-4.jpg,http://assets.myntassets.com/assets/images/16696094/2023/8/25/d722af9b-2cf2-47ed-9a9a-a8ac2ce08c6b1692952116809-Van-Heusen-Men-Swift-Dry-High-Stretch-Mesh-AIR-Series-Active-5.jpg,http://assets.myntassets.com/assets/images/16696094/2023/2/17/43ecdde0-b45c-44dc-bd0f-435e1dcf03fe1676616830426-Van-Heusen-Men-Swift-Dry-High-Stretch-Mesh-Breathable-AIR-Ac-11.jpg","[""100% Original Products"",""Pay on delivery might be available"",""Items like innerwear, socks, certain accessories and some high-value fragile items do not come under our return policy""]","{""description"":""Black solid mid-rise briefs, has an outer elasticated waistband and a double layered contoured pouchAIR: Van Heusen AIR brief is made with innovative, breathable, ultra soft fabric equipped with Swift Dry technology which is super soft on your skin while also drawing perspiration from it and keeping it cool and dry.Swift Dry: Swift Dry Technology draws perspiration from the skin; keeping the body cool, dry and comfortable. Especially made for active-wear use.Ultra Light Mesh Fabric With High Stretch: Easy to flex, the stretchable fabric construction enhances comfort and flexibility and allows ease in movement.Sweat Free and Active: Stay Sweat Free and Active all day, thanks to the fabrics.Label Free Comfort: The label free design ensures you stay at ease without any skin irritation for hours.85% Polyamide, 15% Elastane: An optimum amount of stretch allows ease in movement and comfort to the wearer."",""material_and_care"":""85% polyamide, 15% elastane. Machine wash cold"",""size_and_fit"":""The model (height 6') is wearing size M""}","[{""name"":""Clothing"",""url"":""https://www.myntra.com/clothing""},{""name"":""Men"",""url"":""https://www.myntra.com/men-clothing""},{""name"":""Briefs"",""url"":""https://www.myntra.com/briefs""},{""name"":""Van Heusen"",""url"":""https://www.myntra.com/van-heusen-briefs""},{""name"":""More by Van Heusen"",""url"":""https://www.myntra.com/van-heusen""}]","[{""specification_name"":""Assorted"",""specification_value"":""No""},{""specification_name"":""Character"",""specification_value"":""NA""},{""specification_name"":""Fabric"",""specification_value"":""Polyamide""},{""specification_name"":""Fabric 2"",""specification_value"":""Elastane""},{""specification_name"":""Features"",""specification_value"":""NA""},{""specification_name"":""Knit or Woven"",""specification_value"":""Knitted""},{""specification_name"":""Multipack Set"",""specification_value"":""NA""},{""specification_name"":""Number of Items"",""specification_value"":""1""},{""specification_name"":""Pattern"",""specification_value"":""Solid""},{""specification_name"":""Print or Pattern Type"",""specification_value"":""Solid""},{""specification_name"":""Style"",""specification_value"":""NA""},{""specification_name"":""Sustainable"",""specification_value"":""Regular""},{""specification_name"":""Type"",""specification_value"":""Basic""},{""specification_name"":""Waist Rise"",""specification_value"":""Mid-Rise""},{""specification_name"":""Waistband"",""specification_value"":""Outer Elastic""},{""specification_name"":""Wash Care"",""specification_value"":""Machine Wash""}]","{""1_star"":8,""2_stars"":0,""3_stars"":4,""4_stars"":31,""5_stars"":149}",,Vis███ St███,"[{""size"":""S"",""value"":""30.0in"",""value_name"":""To Fit Waist""},{""size"":""M"",""value"":""34.0in"",""value_name"":""To Fit Waist""},{""size"":""L"",""value"":""38.0in"",""value_name"":""To Fit Waist""},{""size"":""XL"",""value"":""42.0in"",""value_name"":""To Fit Waist""}]",,3rd███oor███o. █████████Mai█████████████████████out███████████████████████████████████████████████████████████████████████████,"[{},{},{},{},{},{},{},{},{},{},{}]","{""applicable_on"":""Orders above Rs. 649 (only on first purchase)"",""best_price"":""206"",""coupon_code"":""MYNTRA200"",""coupon_discount"":"" Rs. 92.0 off (check cart for final savings)""}","[{""offer_name"":""10% Instant Discount on IndusInd Bank Debit Cards "",""offer_value"":"" Min Spend ₹2,500; Max Discount ₹1,000. ""},{""offer_name"":""10% Instant Discount on Citi Credit & Debit Cards "",""offer_value"":"" Min Spend ₹3,000; Max Discount ₹1,000. ""},{""offer_name"":""10% Instant Discount on Yes Bank Credit Cards "",""offer_value"":"" Min Spend ₹3,500; Max Discount ₹1,000. ""},{""offer_name"":""Flat ₹100 Cashback on Mobiwkik Wallet/Zip "",""offer_value"":"" Min Spend ₹1,999. ""},{""offer_name"":""7.5% Discount on Myntra Kotak Credit Card."",""offer_value"":"" Max Discount Up to ₹750 on every spends. ""}]",briefs
21867416.0,DressBerry,Women Boy Shorts Brief,4.1,14,299,28,"""₹215.00""",INR,"http://assets.myntassets.com/assets/images/21867416/2023/2/6/17cf8e77-2baf-4c0f-97b3-868e2a5edef81675691569626DressberryWomensSolidMidRiseBoyShortBrief1.jpg,http://assets.myntassets.com/assets/images/21867416/2023/2/6/d50f558b-078f-40fc-87b0-d5345578f2931675691569575DressberryWomensSolidMidRiseBoyShortBrief2.jpg,http://assets.myntassets.com/assets/images/21867416/2023/2/6/cf31116c-301f-4576-ad34-b3db937dd2201675691569594DressberryWomensSolidMidRiseBoyShortBrief3.jpg,http://assets.myntassets.com/assets/images/21867416/2023/2/6/658254d4-d5d4-4aff-afb7-f604703071f61675691569610DressberryWomensSolidMidRiseBoyShortBrief4.jpg,http://assets.myntassets.com/assets/images/21867416/2023/2/6/c6ec1c07-3223-42a0-8960-774eaaaccf291675691569643DressberryWomensSolidMidRiseBoyShortBrief5.jpg","[""100% Original Products"",""Pay on delivery might be available"",""Items like innerwear, socks, certain accessories and some high-value fragile items do not come under our return policy""]","{""description"":""Peach-coloured solid boy shorts briefs, has an elasticated waistband with double layered gussetVANumber: DB-JOY-PCH-1Type: Boy shortsMid RiseWaist band :Inner Elastic"",""material_and_care"":""95% Cotton and 5% Spandex. Hand wash""}","[{""name"":""Clothing"",""url"":""https://www.myntra.com/clothing""},{""name"":""Women"",""url"":""https://www.myntra.com/women-clothing""},{""name"":""Briefs"",""url"":""https://www.myntra.com/briefs""},{""name"":""DressBerry"",""url"":""https://www.myntra.com/dressberry-briefs""},{""name"":""More by DressBerry"",""url"":""https://www.myntra.com/dressberry""}]","[{""specification_name"":""Assorted"",""specification_value"":""No""},{""specification_name"":""Character"",""specification_value"":""NA""},{""specification_name"":""Fabric"",""specification_value"":""Cotton""},{""specification_name"":""Fabric 2"",""specification_value"":""NA""},{""specification_name"":""Features"",""specification_value"":""NA""},{""specification_name"":""Knit or Woven"",""specification_value"":""Knitted""},{""specification_name"":""Multipack Set"",""specification_value"":""Single""},{""specification_name"":""Pattern"",""specification_value"":""Solid""},{""specification_name"":""Print or Pattern Type"",""specification_value"":""Solid""},{""specification_name"":""Style"",""specification_value"":""NA""},{""specification_name"":""Sustainable"",""specification_value"":""Regular""},{""specification_name"":""Type"",""specification_value"":""Boy Shorts""},{""specification_name"":""Waist Rise"",""specification_value"":""Mid-Rise""},{""specification_name"":""Waistband"",""specification_value"":""Inner Elastic""},{""specification_name"":""Wash Care"",""specification_value"":""Machine Wash""}]","{""1_star"":2,""2_stars"":0,""3_stars"":1,""4_stars"":2,""5_stars"":9}","[{""percentage"":""100"",""value_name"":""Fit, Just Right""}]",Wes███ry ███din█████████d_M██████,"[{""size"":""S"",""value"":""28.0in"",""value_name"":""To Fit Waist""},{""size"":""M"",""value"":""32.0in"",""value_name"":""To Fit Waist""},{""size"":""L"",""value"":""36.0in"",""value_name"":""To Fit Waist""},{""size"":""XL"",""value"":""40.0in"",""value_name"":""To Fit Waist""}]",,"Gro███ Fl███, N█████████old█████████████████████rd ███████████████████████████████████████████████████","[{},{},{},{}]","{""applicable_on"":""Orders above Rs. 649 (only on first purchase)"",""best_price"":""449"",""coupon_code"":""MYNTRA200"",""coupon_discount"":"" Rs. 200.0 off (check cart for final savings)""}","[{""offer_name"":""10% Instant Discount on IndusInd Bank Debit Cards "",""offer_value"":"" Min Spend ₹2,500; Max Discount ₹1,000. ""},{""offer_name"":""10% Instant Discount on Citi Credit & Debit Cards "",""offer_value"":"" Min Spend ₹3,000; Max Discount ₹1,000. ""},{""offer_name"":""10% Instant Discount on Yes Bank Credit Cards "",""offer_value"":"" Min Spend ₹3,500; Max Discount ₹1,000. ""},{""offer_name"":""Flat ₹100 Cashback on Mobiwkik Wallet/Zip "",""offer_value"":"" Min Spend ₹1,999. ""},{""offer_name"":""7.5% Discount on Myntra Kotak Credit Card."",""offer_value"":"" Max Discount Up to ₹750 on every spends. ""}]",briefs
21850852.0,Soie,Women High Waist Full Coverage Lace Brief,4.9,14,390,5,"""₹370.00""",INR,"http://assets.myntassets.com/assets/images/21850852/2023/2/4/5ced82e7-afa0-4000-806a-4af4193aa27f1675510055694SOIEHighWaistFullCoverageLaceBrief1.jpg,http://assets.myntassets.com/assets/images/21850852/2023/2/4/c2481789-a1a4-4e39-bb61-f64df6b5fde11675510055682SOIEHighWaistFullCoverageLaceBrief2.jpg,http://assets.myntassets.com/assets/images/21850852/2023/2/4/f0809f1a-2e69-480f-aef4-e469f279c7361675510055707SOIEHighWaistFullCoverageLaceBrief3.jpg,http://assets.myntassets.com/assets/images/21850852/2023/2/4/d0467938-4427-4067-b4c8-be9a611257c91675510055733SOIEHighWaistFullCoverageLaceBrief4.jpg,http://assets.myntassets.com/assets/images/21850852/2023/2/4/5d7e9c66-eeb0-42d1-b6c6-69414fd050ce1675510055719SOIEHighWaistFullCoverageLaceBrief5.jpg","[""100% Original Products"",""Pay on delivery might be available"",""Items like innerwear, socks, certain accessories and some high-value fragile items do not come under our return policy""]","{""description"":""PRODUCT DETAILS : Our most comfortable brief is crafted for both luxury and leisure. With its soft brushed fabric and delicate lace, it offers full coverage and a high waist for an effortless look, making it perfect for work or home. Specially crafted with a superior nylon spandex blend fabric, this brief offers both comfort and style.Features:VAN Number : FP-1706WINE. High waist. Full coverage. Brief style. Soft nylon spandex fabric. Lace detail. Specially brushed fabric"",""material_and_care"":""Nylon and Spandex. Hand Wash""}","[{""name"":""Clothing"",""url"":""https://www.myntra.com/clothing""},{""name"":""Women"",""url"":""https://www.myntra.com/women-clothing""},{""name"":""Briefs"",""url"":""https://www.myntra.com/briefs""},{""name"":""Soie"",""url"":""https://www.myntra.com/soie-briefs""},{""name"":""More by Soie"",""url"":""https://www.myntra.com/soie""}]","[{""specification_name"":""Assorted"",""specification_value"":""No""},{""specification_name"":""Character"",""specification_value"":""NA""},{""specification_name"":""Fabric"",""specification_value"":""Nylon""},{""specification_name"":""Fabric 2"",""specification_value"":""Elastane""},{""specification_name"":""Features"",""specification_value"":""NA""},{""specification_name"":""Knit or Woven"",""specification_value"":""Knitted""},{""specification_name"":""Multipack Set"",""specification_value"":""Single""},{""specification_name"":""Number of Items"",""specification_value"":""1""},{""specification_name"":""Pattern"",""specification_value"":""Solid""},{""specification_name"":""Print or Pattern Type"",""specification_value"":""Floral""},{""specification_name"":""Style"",""specification_value"":""Lace""},{""specification_name"":""Sustainable"",""specification_value"":""Regular""},{""specification_name"":""Type"",""specification_value"":""Hipster""},{""specification_name"":""Waist Rise"",""specification_value"":""High-Rise""},{""specification_name"":""Waistband"",""specification_value"":""Inner Elastic""},{""specification_name"":""Wash Care"",""specification_value"":""Hand Wash""}]","{""1_star"":0,""2_stars"":0,""3_stars"":1,""4_stars"":0,""5_stars"":13}",,VAC███CRE███ONS███,"[{""size"":""S"",""value"":""30.0in"",""value_name"":""To Fit Waist""},{""size"":""M"",""value"":""32.0in"",""value_name"":""To Fit Waist""},{""size"":""L"",""value"":""34.0in"",""value_name"":""To Fit Waist""},{""size"":""XL"",""value"":""36.0in"",""value_name"":""To Fit Waist""}]",,"870███TRE███SHE█████████, B█████████████████████hi ██████████████████","[{},{},{},{}]","{""applicable_on"":""Orders above Rs. 449 (only on first purchase)"",""best_price"":""143"",""coupon_code"":""TOPBRANDOFFER"",""coupon_discount"":"" Rs. 72.0 off (check cart for final savings)""}","[{""offer_name"":""10% Instant Discount on IndusInd Bank Debit Cards "",""offer_value"":"" Min Spend ₹2,500; Max Discount ₹1,000. ""},{""offer_name"":""10% Instant Discount on Citi Credit & Debit Cards "",""offer_value"":"" Min Spend ₹3,000; Max Discount ₹1,000. ""},{""offer_name"":""10% Instant Discount on Yes Bank Credit Cards "",""offer_value"":"" Min Spend ₹3,500; Max Discount ₹1,000. ""},{""offer_name"":""Flat ₹100 Cashback on Mobiwkik Wallet/Zip "",""offer_value"":"" Min Spend ₹1,999. ""},{""offer_name"":""7.5% Discount on Myntra Kotak Credit Card."",""offer_value"":"" Max Discount Up to ₹750 on every spends. ""}]",briefs
21860658.0,EROTISSCH,Women Printed Laced Basic Briefs,0,0,899,40,"""₹539.00""",INR,"http://assets.myntassets.com/assets/images/21860658/2023/2/6/d8da3ce6-5840-49df-80fc-6ad483ca0bfb1675671334077WomensBluePrintedFullCoveragewithLaceDetailsPantyBriefs1.jpg,http://assets.myntassets.com/assets/images/21860658/2023/2/6/fccfff21-ee6c-4983-9e67-c6b8675ed82d1675671334062WomensBluePrintedFullCoveragewithLaceDetailsPantyBriefs2.jpg,http://assets.myntassets.com/assets/images/21860658/2023/2/6/e8fc8360-c7dc-406f-a7f3-7ce64b3f60f21675671334091WomensBluePrintedFullCoveragewithLaceDetailsPantyBriefs3.jpg,http://assets.myntassets.com/assets/images/21860658/2023/2/6/094eb0ca-f3d5-47d6-8040-268fcb5b962b1675671334106WomensBluePrintedFullCoveragewithLaceDetailsPantyBriefs4.jpg,http://assets.myntassets.com/assets/images/21860658/2023/2/6/52d6a850-0c01-43bc-9b5e-dd1b8375f2f91675671334135WomensBluePrintedFullCoveragewithLaceDetailsPantyBriefs5.jpg,http://assets.myntassets.com/assets/images/21860658/2023/2/6/a3812000-2224-4631-8463-073932543cb31675671334120WomensBluePrintedFullCoveragewithLaceDetailsPantyBriefs6.jpg","[""100% Original Products"",""Pay on delivery might be available"",""Items like innerwear, socks, certain accessories and some high-value fragile items do not come under our return policy""]","{""description"":""Blue printed laced basic briefs, each has elasticated waistband double layered gussetVANumber: AIP-35BType: basicWaist Rise: Mid-riseWaist band :Inner Elastic"",""material_and_care"":""95% Nylon &amp; 5% Elastane. Hand Wash""}","[{""name"":""Clothing"",""url"":""https://www.myntra.com/clothing""},{""name"":""Women"",""url"":""https://www.myntra.com/women-clothing""},{""name"":""Briefs"",""url"":""https://www.myntra.com/briefs""},{""name"":""EROTISSCH"",""url"":""https://www.myntra.com/erotissch-briefs""},{""name"":""More by EROTISSCH"",""url"":""https://www.myntra.com/erotissch""}]","[{""specification_name"":""Assorted"",""specification_value"":""No""},{""specification_name"":""Character"",""specification_value"":""NA""},{""specification_name"":""Fabric"",""specification_value"":""Nylon""},{""specification_name"":""Fabric 2"",""specification_value"":""NA""},{""specification_name"":""Features"",""specification_value"":""NA""},{""specification_name"":""Knit or Woven"",""specification_value"":""Knitted""},{""specification_name"":""Multipack Set"",""specification_value"":""Single""},{""specification_name"":""Pattern"",""specification_value"":""Printed""},{""specification_name"":""Print or Pattern Type"",""specification_value"":""Floral""},{""specification_name"":""Style"",""specification_value"":""NA""},{""specification_name"":""Sustainable"",""specification_value"":""Regular""},{""specification_name"":""Type"",""specification_value"":""Basic""},{""specification_name"":""Waist Rise"",""specification_value"":""Mid-Rise""},{""specification_name"":""Waistband"",""specification_value"":""Inner Elastic""},{""specification_name"":""Wash Care"",""specification_value"":""Hand Wash""}]","{""1_star"":0,""2_stars"":0,""3_stars"":0,""4_stars"":0,""5_stars"":0}",,GIN███IND███RIE█████████,"[{""size"":""S"",""value"":""26.4in to 28.7in"",""value_name"":""To Fit Waist""},{""size"":""S"",""value"":""32.7in to 35.5in"",""value_name"":""To Fit Hip""},{""size"":""M"",""value"":""28.7in to 31.9in"",""value_name"":""To Fit Waist""},{""size"":""M"",""value"":""35.5in to 38.2in"",""value_name"":""To Fit Hip""},{""size"":""L"",""value"":""31.9in to 34.6in"",""value_name"":""To Fit Waist""},{""size"":""L"",""value"":""38.2in to 40.9in"",""value_name"":""To Fit Hip""},{""size"":""XL"",""value"":""34.6in to 37.8in"",""value_name"":""To Fit Waist""},{""size"":""XL"",""value"":""40.9in to 44.1in"",""value_name"":""To Fit Hip""},{""size"":""XXL"",""value"":""37.8in to 40.6in"",""value_name"":""To Fit Waist""},{""size"":""XXL"",""value"":""44.1in to 46.9in"",""value_name"":""To Fit Hip""}]",,Plo███o B███9-3█████████oor█████████████████████d A██████████████████████████████████████████████████████████████████████████████,[{}],"{""applicable_on"":""Orders above Rs. 649 (only on first purchase)"",""best_price"":""256"",""coupon_code"":""MYNTRA200"",""coupon_discount"":"" Rs. 114.0 off (check cart for final savings)""}","[{""offer_name"":""10% Instant Discount on IndusInd Bank Debit Cards "",""offer_value"":"" Min Spend ₹2,500; Max Discount ₹1,000. ""},{""offer_name"":""10% Instant Discount on Citi Credit & Debit Cards "",""offer_value"":"" Min Spend ₹3,000; Max Discount ₹1,000. ""},{""offer_name"":""10% Instant Discount on Yes Bank Credit Cards "",""offer_value"":"" Min Spend ₹3,500; Max Discount ₹1,000. ""},{""offer_name"":""Flat ₹100 Cashback on Mobiwkik Wallet/Zip "",""offer_value"":"" Min Spend ₹1,999. ""},{""offer_name"":""7.5% Discount on Myntra Kotak Credit Card."",""offer_value"":"" Max Discount Up to ₹750 on every spends. ""}]",briefs
21569986.0,Chromozome,Men Pack of 4 Premium Pure Cotton Mini Briefs 8902733625630-MULTI 9,4.2,18,1199,40,"""₹395.00""",INR,"http://assets.myntassets.com/assets/images/21569986/2023/2/24/b8c29192-3156-4eb2-9ed6-32a2869c0ab21677234738890-Men-Pack-of-4-Premium-100--Cotton-Mini-Briefs-34716772347383-1.jpg,http://assets.myntassets.com/assets/images/21569986/2023/2/24/a33ae9da-b473-4388-a616-7edd219cb2ad1677234738879-Men-Pack-of-4-Premium-100--Cotton-Mini-Briefs-34716772347383-2.jpg,http://assets.myntassets.com/assets/images/21569986/2023/2/24/cfa0891e-1692-43b5-85a1-cfb176b998b91677234738864-Men-Pack-of-4-Premium-100--Cotton-Mini-Briefs-34716772347383-3.jpg,http://assets.myntassets.com/assets/images/21569986/2023/2/24/206df23f-fdf4-4a1e-8772-b9af8ca4b3bf1677234738848-Men-Pack-of-4-Premium-100--Cotton-Mini-Briefs-34716772347383-4.jpg,http://assets.myntassets.com/assets/images/21569986/2023/2/24/1e5877b1-ef4b-4fb3-a474-f623fa3d713c1677234738820-Men-Pack-of-4-Premium-100--Cotton-Mini-Briefs-34716772347383-5.jpg","[""100% Original Products"",""Pay on delivery might be available"",""Items like innerwear, socks, certain accessories and some high-value fragile items do not come under our return policy""]","{""description"":""Pack of 4 Premium Briefs for Men (Grey & Navy blue  )VAN: 8902733625630-MULTI 9Double-layered contoured pouchOuter ElasticMid-riseKnitted"",""material_and_care"":""100% Premium Cotton. Machine Wash"",""size_and_fit"":""Regular, Comfort Fit""}","[{""name"":""Clothing"",""url"":""https://www.myntra.com/clothing""},{""name"":""Men"",""url"":""https://www.myntra.com/men-clothing""},{""name"":""Briefs"",""url"":""https://www.myntra.com/briefs""},{""name"":""Chromozome"",""url"":""https://www.myntra.com/chromozome-briefs""},{""name"":""More by Chromozome"",""url"":""https://www.myntra.com/chromozome""}]","[{""specification_name"":""Assorted"",""specification_value"":""No""},{""specification_name"":""Character"",""specification_value"":""NA""},{""specification_name"":""Fabric"",""specification_value"":""Cotton""},{""specification_name"":""Fabric 2"",""specification_value"":""NA""},{""specification_name"":""Features"",""specification_value"":""NA""},{""specification_name"":""Knit or Woven"",""specification_value"":""Knitted""},{""specification_name"":""Multipack Set"",""specification_value"":""4""},{""specification_name"":""Pattern"",""specification_value"":""Solid""},{""specification_name"":""Print or Pattern Type"",""specification_value"":""Solid""},{""specification_name"":""Style"",""specification_value"":""NA""},{""specification_name"":""Sustainable"",""specification_value"":""Regular""},{""specification_name"":""Type"",""specification_value"":""Basic""},{""specification_name"":""Waist Rise"",""specification_value"":""Mid-Rise""},{""specification_name"":""Waistband"",""specification_value"":""Inner Elastic""},{""specification_name"":""Wash Care"",""specification_value"":""Machine Wash""}]","{""1_star"":1,""2_stars"":0,""3_stars"":3,""4_stars"":4,""5_stars"":10}",,AAK███INT███TES█████████LIM██████,"[{""size"":""S"",""value"":""27.5in"",""value_name"":""To Fit Waist""},{""size"":""S"",""value"":""37.5in"",""value_name"":""To Fit Hip""},{""size"":""M"",""value"":""29.5in"",""value_name"":""To Fit Waist""},{""size"":""M"",""value"":""39.5in"",""value_name"":""To Fit Hip""},{""size"":""L"",""value"":""31.5in"",""value_name"":""To Fit Waist""},{""size"":""L"",""value"":""41.5in"",""value_name"":""To Fit Hip""},{""size"":""XL"",""value"":""33.5in"",""value_name"":""To Fit Waist""},{""size"":""XL"",""value"":""43.5in"",""value_name"":""To Fit Hip""}]",,Fir███Flo███ 38█████████nds█████████████████████rad███████████████,"[{},{}]","{""applicable_on"":""Orders above Rs. 649 (only on first purchase)"",""best_price"":""373"",""coupon_code"":""MYNTRA200"",""coupon_discount"":"" Rs. 166.0 off (check cart for final savings)""}","[{""offer_name"":""10% Instant Discount on IndusInd Bank Debit Cards "",""offer_value"":"" Min Spend ₹2,500; Max Discount ₹1,000. ""},{""offer_name"":""10% Instant Discount on Citi Credit & Debit Cards "",""offer_value"":"" Min Spend ₹3,000; Max Discount ₹1,000. ""},{""offer_name"":""10% Instant Discount on Yes Bank Credit Cards "",""offer_value"":"" Min Spend ₹3,500; Max Discount ₹1,000. ""},{""offer_name"":""Flat ₹100 Cashback on Mobiwkik Wallet/Zip "",""offer_value"":"" Min Spend ₹1,999. ""},{""offer_name"":""7.5% Discount on Myntra Kotak Credit Card."",""offer_value"":"" Max Discount Up to ₹750 on every spends. ""}]",briefs
19206416.0,ABELINO,Women Set of 3 Assorted Cotton Boy Shorts Briefs PANTY3PCPLAINBOYSHORTS01,3.6,14,1899,80,"""₹379.00""",INR,"http://assets.myntassets.com/assets/images/19206416/2022/7/21/e4231a87-da18-4b13-b3cf-63ba4578693e1658401157089Briefs1.jpg,http://assets.myntassets.com/assets/images/19206416/2022/7/21/3f2973e2-f91d-4665-b95b-d0e1df597b5b1658401157064Briefs2.jpg,http://assets.myntassets.com/assets/images/19206416/2022/7/21/c5d6459b-6362-4da8-94a7-9f4314d353fb1658401157103Briefs3.jpg,http://assets.myntassets.com/assets/images/19206416/2022/7/21/56407e28-5816-4895-9245-1e2ae4323e7a1658401157049Briefs4.jpg,http://assets.myntassets.com/assets/images/19206416/2022/7/21/985bafc4-4c44-43ae-939b-1c1f37135e381658401157077Briefs5.jpg,http://assets.myntassets.com/assets/images/19206416/2022/7/21/3784c49f-891c-40ef-9537-de840b0a23661658401157036Briefs6.jpg","[""100% Original Products"",""Pay on delivery might be available"",""Items like innerwear, socks, certain accessories and some high-value fragile items do not come under our return policy""]","{""description"":""Pack of 3 High Rise Assorted Boyshorts Briefs has an elasticated waistband with slip-on closure and double layered gusset.VANumber PANTY3PCPLAINBOYSHORTS01-Purple#Assorted: The final product delivered might vary in colour and prints from the display here"",""material_and_care"":""100% cotton. Machine Wash"",""size_and_fit"":""Please use size chart to shop your perfect size. ""}","[{""name"":""Clothing"",""url"":""https://www.myntra.com/clothing""},{""name"":""Women"",""url"":""https://www.myntra.com/women-clothing""},{""name"":""Briefs"",""url"":""https://www.myntra.com/briefs""},{""name"":""ABELINO"",""url"":""https://www.myntra.com/abelino-briefs""},{""name"":""More by ABELINO"",""url"":""https://www.myntra.com/abelino""}]","[{""specification_name"":""Assorted"",""specification_value"":""No""},{""specification_name"":""Character"",""specification_value"":""NA""},{""specification_name"":""Fabric"",""specification_value"":""Cotton""},{""specification_name"":""Fabric 2"",""specification_value"":""NA""},{""specification_name"":""Features"",""specification_value"":""NA""},{""specification_name"":""Knit or Woven"",""specification_value"":""Knitted""},{""specification_name"":""Multipack Set"",""specification_value"":""3""},{""specification_name"":""Pattern"",""specification_value"":""Solid""},{""specification_name"":""Print or Pattern Type"",""specification_value"":""Solid""},{""specification_name"":""Style"",""specification_value"":""NA""},{""specification_name"":""Sustainable"",""specification_value"":""Regular""},{""specification_name"":""Type"",""specification_value"":""Boy Shorts""},{""specification_name"":""Waist Rise"",""specification_value"":""High-Rise""},{""specification_name"":""Waistband"",""specification_value"":""Outer Elastic""},{""specification_name"":""Wash Care"",""specification_value"":""Machine Wash""}]","{""1_star"":2,""2_stars"":3,""3_stars"":1,""4_stars"":1,""5_stars"":7}","[{""percentage"":""40"",""value_name"":""Fit, A Little Tight""}]",Sup███om ███,"[{""size"":""S"",""value"":""30.0in"",""value_name"":""To Fit Waist""},{""size"":""M"",""value"":""34.0in"",""value_name"":""To Fit Waist""},{""size"":""L"",""value"":""38.0in"",""value_name"":""To Fit Waist""},{""size"":""XL"",""value"":""42.0in"",""value_name"":""To Fit Waist""}]",,Plo███o- ███ 1s█████████Sui█████████████████████al ██████████████████████████████████████████,"[{},{},{},{},{},{},{},{},{}]","{""applicable_on"":""Orders above Rs. 649 (only on first purchase)"",""best_price"":""273"",""coupon_code"":""MYNTRA200"",""coupon_discount"":"" Rs. 122.0 off (check cart for final savings)""}","[{""offer_name"":""10% Instant Discount on IndusInd Bank Debit Cards "",""offer_value"":"" Min Spend ₹2,500; Max Discount ₹1,000. ""},{""offer_name"":""10% Instant Discount on Citi Credit & Debit Cards "",""offer_value"":"" Min Spend ₹3,000; Max Discount ₹1,000. ""},{""offer_name"":""10% Instant Discount on Yes Bank Credit Cards "",""offer_value"":"" Min Spend ₹3,500; Max Discount ₹1,000. ""},{""offer_name"":""Flat ₹100 Cashback on Mobiwkik Wallet/Zip "",""offer_value"":"" Min Spend ₹1,999. ""},{""offer_name"":""7.5% Discount on Myntra Kotak Credit Card."",""offer_value"":"" Max Discount Up to ₹750 on every spends. ""}]",briefs
22196594.0,Zoiro,Men Pack Of 2 Anti-Bacterial Basic Briefs,5,6,499,,"""₹499.00""",INR,"http://assets.myntassets.com/assets/images/22196594/2023/3/2/bbde5966-4764-47a4-bf4e-ffd440b5f2511677758798910MenPackof2DirectoryBlueNineIronCottonBlendSolidTrendBrief1.jpg,http://assets.myntassets.com/assets/images/22196594/2023/3/2/1cf84b26-eb71-479d-8d06-f167e4e568a91677758798895MenPackof2DirectoryBlueNineIronCottonBlendSolidTrendBrief2.jpg,http://assets.myntassets.com/assets/images/22196594/2023/3/2/c1e9260c-1692-4a8b-a409-efdaad80dc021677758798941MenPackof2DirectoryBlueNineIronCottonBlendSolidTrendBrief3.jpg,http://assets.myntassets.com/assets/images/22196594/2023/3/2/168ee648-2944-4867-8f1e-5850fbb655d51677758798926MenPackof2DirectoryBlueNineIronCottonBlendSolidTrendBrief4.jpg,http://assets.myntassets.com/assets/images/22196594/2023/3/2/bfffe5bb-a917-4297-b6c5-b88c9777996c1677758798881MenPackof2DirectoryBlueNineIronCottonBlendSolidTrendBrief5.jpg,http://assets.myntassets.com/assets/images/22196594/2023/3/2/dd316201-3706-4fd5-bb14-48078ce91c371677758798863MenPackof2DirectoryBlueNineIronCottonBlendSolidTrendBrief6.jpg","[""100% Original Products"",""Pay on delivery might be available"",""Items like innerwear, socks, certain accessories and some high-value fragile items do not come under our return policy""]","{""description"":""Pack of two blue adn grey solid basic briefs, has double layered gussetVAN number: 8905320111653_REType: BasicWaist Rise: Mid-riseFeatures:Bio washSilicon FinishAnti PillingAnti bacterial finshGood Color FastnessGood StretchablityShrinkage controlledSoft feel ElasticBranded ElasticInsta Cool Design"",""material_and_care"":""95% Super Combed Cotton, 5% Elastane. Machine Wash""}","[{""name"":""Clothing"",""url"":""https://www.myntra.com/clothing""},{""name"":""Men"",""url"":""https://www.myntra.com/men-clothing""},{""name"":""Briefs"",""url"":""https://www.myntra.com/briefs""},{""name"":""Zoiro"",""url"":""https://www.myntra.com/zoiro-briefs""},{""name"":""More by Zoiro"",""url"":""https://www.myntra.com/zoiro""}]","[{""specification_name"":""Assorted"",""specification_value"":""No""},{""specification_name"":""Character"",""specification_value"":""NA""},{""specification_name"":""Fabric"",""specification_value"":""Cotton""},{""specification_name"":""Fabric 2"",""specification_value"":""Elastane""},{""specification_name"":""Features"",""specification_value"":""NA""},{""specification_name"":""Knit or Woven"",""specification_value"":""Knitted""},{""specification_name"":""Multipack Set"",""specification_value"":""2""},{""specification_name"":""Pattern"",""specification_value"":""Solid""},{""specification_name"":""Print or Pattern Type"",""specification_value"":""Solid""},{""specification_name"":""Style"",""specification_value"":""NA""},{""specification_name"":""Sustainable"",""specification_value"":""Regular""},{""specification_name"":""Type"",""specification_value"":""Basic""},{""specification_name"":""Waist Rise"",""specification_value"":""Mid-Rise""},{""specification_name"":""Waistband"",""specification_value"":""Outer Elastic""},{""specification_name"":""Wash Care"",""specification_value"":""Machine Wash""}]","{""1_star"":0,""2_stars"":0,""3_stars"":0,""4_stars"":0,""5_stars"":6}",,ARI███T T███ING█████████,"[{""size"":""S"",""value"":""26.0in"",""value_name"":""To Fit Waist""},{""size"":""M"",""value"":""28.0in"",""value_name"":""To Fit Waist""},{""size"":""L"",""value"":""30.0in"",""value_name"":""To Fit Waist""},{""size"":""XL"",""value"":""32.0in"",""value_name"":""To Fit Waist""},{""size"":""XXL"",""value"":""34.0in"",""value_name"":""To Fit Waist""}]",,"F-2███RST███OOR█████████7VA█████████████████████R,D████████████████████████████████████████████████","[{},{}]","{""applicable_on"":""Orders above Rs. 649 (only on first purchase)"",""best_price"":""262"",""coupon_code"":""MYNTRA200"",""coupon_discount"":"" Rs. 117.0 off (check cart for final savings)""}","[{""offer_name"":""10% Instant Discount on IndusInd Bank Debit Cards "",""offer_value"":"" Min Spend ₹2,500; Max Discount ₹1,000. ""},{""offer_name"":""10% Instant Discount on Citi Credit & Debit Cards "",""offer_value"":"" Min Spend ₹3,000; Max Discount ₹1,000. ""},{""offer_name"":""10% Instant Discount on Yes Bank Credit Cards "",""offer_value"":"" Min Spend ₹3,500; Max Discount ₹1,000. ""},{""offer_name"":""Flat ₹100 Cashback on Mobiwkik Wallet/Zip "",""offer_value"":"" Min Spend ₹1,999. ""},{""offer_name"":""7.5% Discount on Myntra Kotak Credit Card."",""offer_value"":"" Max Discount Up to ₹750 on every spends. ""}]",briefs
22196914.0,Zivame,Women Pack Of 3 Low-Rise Ultra Soft Bikini Briefs,4.6,5,799,50,"""₹399.00""",INR,"http://assets.myntassets.com/assets/images/22196914/2023/3/2/ec6bad6e-c2ba-498d-9deb-612709e54f1d1677755029994ZivameAnti-MicrobialLowRiseFullCoverageBikiniPantyPackof3-As1.jpg,http://assets.myntassets.com/assets/images/22196914/2023/3/2/42fdd433-a4a5-4537-aa22-457f1a35282e1677755029982ZivameAnti-MicrobialLowRiseFullCoverageBikiniPantyPackof3-As2.jpg,http://assets.myntassets.com/assets/images/22196914/2023/3/2/a1a4cdd4-9738-443d-bce2-bdbbfa8bd9851677755030035ZivameAnti-MicrobialLowRiseFullCoverageBikiniPantyPackof3-As3.jpg,http://assets.myntassets.com/assets/images/22196914/2023/3/2/73bf6b52-ecf9-4d71-94ef-d941fc1979b71677755030047ZivameAnti-MicrobialLowRiseFullCoverageBikiniPantyPackof3-As4.jpg,http://assets.myntassets.com/assets/images/22196914/2023/3/2/d2d4884a-2bee-4fdf-8099-745e2a71ff331677755029969ZivameAnti-MicrobialLowRiseFullCoverageBikiniPantyPackof3-As5.jpg,http://assets.myntassets.com/assets/images/22196914/2023/3/2/43b4e944-39a4-4395-9af5-524c60485f001677755030011ZivameAnti-MicrobialLowRiseFullCoverageBikiniPantyPackof3-As6.jpg,http://assets.myntassets.com/assets/images/22196914/2023/3/2/d1a6cdcc-36a4-432a-9f9b-419efc5b361b1677755030022ZivameAnti-MicrobialLowRiseFullCoverageBikiniPantyPackof3-As7.jpg","[""100% Original Products"",""Pay on delivery might be available"",""Items like innerwear, socks, certain accessories and some high-value fragile items do not come under our return policy""]","{""description"":""Pack of 3 bikini briefsRed printed bikiniBlue solid low-rise bikini briefsPink solid mid-rise bikini briefsVAN number: ZI2621FASHMPURPType: BikiniWaist Rise: Low-riseFeatures:Ultra SoftGives a sleeker lookGives full coverage"",""material_and_care"":""100% Cotton. Hand Wash""}","[{""name"":""Clothing"",""url"":""https://www.myntra.com/clothing""},{""name"":""Women"",""url"":""https://www.myntra.com/women-clothing""},{""name"":""Briefs"",""url"":""https://www.myntra.com/briefs""},{""name"":""Zivame"",""url"":""https://www.myntra.com/zivame-briefs""},{""name"":""More by Zivame"",""url"":""https://www.myntra.com/zivame""}]","[{""specification_name"":""Assorted"",""specification_value"":""Yes""},{""specification_name"":""Character"",""specification_value"":""NA""},{""specification_name"":""Fabric"",""specification_value"":""Cotton""},{""specification_name"":""Fabric 2"",""specification_value"":""NA""},{""specification_name"":""Features"",""specification_value"":""NA""},{""specification_name"":""Knit or Woven"",""specification_value"":""Knitted""},{""specification_name"":""Multipack Set"",""specification_value"":""3""},{""specification_name"":""Pattern"",""specification_value"":""Solid""},{""specification_name"":""Print or Pattern Type"",""specification_value"":""Solid""},{""specification_name"":""Style"",""specification_value"":""NA""},{""specification_name"":""Sustainable"",""specification_value"":""Regular""},{""specification_name"":""Type"",""specification_value"":""Bikini""},{""specification_name"":""Waist Rise"",""specification_value"":""Low-Rise""},{""specification_name"":""Waistband"",""specification_value"":""NA""},{""specification_name"":""Wash Care"",""specification_value"":""Hand Wash""}]","{""1_star"":0,""2_stars"":0,""3_stars"":0,""4_stars"":2,""5_stars"":3}","[{""percentage"":""100"",""value_name"":""Fit, Just Right""}]",J.G███OSI███ PR█████████ITE███,"[{""size"":""S"",""value"":""28.0in"",""value_name"":""To Fit Waist""},{""size"":""M"",""value"":""30.0in"",""value_name"":""To Fit Waist""},{""size"":""L"",""value"":""32.0in"",""value_name"":""To Fit Waist""},{""size"":""XL"",""value"":""34.0in"",""value_name"":""To Fit Waist""},{""size"":""XXL"",""value"":""36.0in"",""value_name"":""To Fit Waist""}]",,58/███15 ███AMP█████████LIP█████████████████████Tam██████████████████,,"{""applicable_on"":""Orders above Rs. 649 (only on first purchase)"",""best_price"":""345"",""coupon_code"":""MYNTRA200"",""coupon_discount"":"" Rs. 154.0 off (check cart for final savings)""}","[{""offer_name"":""10% Instant Discount on IndusInd Bank Debit Cards "",""offer_value"":"" Min Spend ₹2,500; Max Discount ₹1,000. ""},{""offer_name"":""10% Instant Discount on Citi Credit & Debit Cards "",""offer_value"":"" Min Spend ₹3,000; Max Discount ₹1,000. ""},{""offer_name"":""10% Instant Discount on Yes Bank Credit Cards "",""offer_value"":"" Min Spend ₹3,500; Max Discount ₹1,000. ""},{""offer_name"":""Flat ₹100 Cashback on Mobiwkik Wallet/Zip "",""offer_value"":"" Min Spend ₹1,999. ""},{""offer_name"":""7.5% Discount on Myntra Kotak Credit Card."",""offer_value"":"" Max Discount Up to ₹750 on every spends. ""}]",briefs
21906602.0,bummer,Women Printed Micro Modal Mid Rise Boy Shorts,4.6,23,599,25,"""₹449.00""",INR,"http://assets.myntassets.com/assets/images/21906602/2023/2/9/80476168-ff11-4dee-89d7-8ab4a8cbe6e71675931233325BummerLazylunaModalPrintedBoyShortsBriefForWomen1.jpg,http://assets.myntassets.com/assets/images/21906602/2023/2/9/ad4c668e-dbd0-4ed8-a12d-d8ea75c8e3e51675931233296BummerLazylunaModalPrintedBoyShortsBriefForWomen2.jpg,http://assets.myntassets.com/assets/images/21906602/2023/2/9/f0097fbf-88ec-4119-a31b-b25f9200fdd31675931233339BummerLazylunaModalPrintedBoyShortsBriefForWomen3.jpg,http://assets.myntassets.com/assets/images/21906602/2023/2/9/9eb42d6e-83d8-474c-9ccc-765e699b3a731675931233313BummerLazylunaModalPrintedBoyShortsBriefForWomen4.jpg,http://assets.myntassets.com/assets/images/21906602/2023/2/9/3fffd697-0228-44a3-bdc0-74b8508328aa1675931233353BummerLazylunaModalPrintedBoyShortsBriefForWomen5.jpg","[""100% Original Products"",""Pay on delivery might be available"",""Items like innerwear, socks, certain accessories and some high-value fragile items do not come under our return policy""]","{""description"":""Navy blue  printed mid-rise BoyShorts briefs, has elasticated waistband with double layered gussetVANumber: BSLZ01XXLType: BoyShortsMid-rise"",""material_and_care"":""Modal. Hand Wash""}","[{""name"":""Clothing"",""url"":""https://www.myntra.com/clothing""},{""name"":""Women"",""url"":""https://www.myntra.com/women-clothing""},{""name"":""Briefs"",""url"":""https://www.myntra.com/briefs""},{""name"":""bummer"",""url"":""https://www.myntra.com/bummer-briefs""},{""name"":""More by bummer"",""url"":""https://www.myntra.com/bummer""}]","[{""specification_name"":""Assorted"",""specification_value"":""No""},{""specification_name"":""Character"",""specification_value"":""NA""},{""specification_name"":""Fabric"",""specification_value"":""Modal""},{""specification_name"":""Fabric 2"",""specification_value"":""NA""},{""specification_name"":""Features"",""specification_value"":""NA""},{""specification_name"":""Knit or Woven"",""specification_value"":""Knitted""},{""specification_name"":""Multipack Set"",""specification_value"":""Single""},{""specification_name"":""Number of Items"",""specification_value"":""1""},{""specification_name"":""Pattern"",""specification_value"":""Printed""},{""specification_name"":""Print or Pattern Type"",""specification_value"":""Self Design""},{""specification_name"":""Style"",""specification_value"":""NA""},{""specification_name"":""Sustainable"",""specification_value"":""Regular""},{""specification_name"":""Type"",""specification_value"":""Boy Shorts""},{""specification_name"":""Waist Rise"",""specification_value"":""Mid-Rise""},{""specification_name"":""Waistband"",""specification_value"":""Outer Elastic""},{""specification_name"":""Wash Care"",""specification_value"":""Hand Wash""}]","{""1_star"":2,""2_stars"":0,""3_stars"":0,""4_stars"":2,""5_stars"":19}",,MIL███AR ███AIL█████████LIM██████,"[{""size"":""S"",""value"":""28.0in"",""value_name"":""To Fit Waist""},{""size"":""M"",""value"":""30.0in"",""value_name"":""To Fit Waist""},{""size"":""L"",""value"":""32.0in"",""value_name"":""To Fit Waist""},{""size"":""XL"",""value"":""34.0in"",""value_name"":""To Fit Waist""}]",,MIL███TAR███TAI█████████ LI█████████████████████ Sr███████████████████████████████████████████████████████████████████████████████████████████████████,,"{""applicable_on"":""Orders above Rs. 649 (only on first purchase)"",""best_price"":""276"",""coupon_code"":""MYNTRA200"",""coupon_discount"":"" Rs. 123.0 off (check cart for final savings)""}","[{""offer_name"":""10% Instant Discount on IndusInd Bank Debit Cards "",""offer_value"":"" Min Spend ₹2,500; Max Discount ₹1,000. ""},{""offer_name"":""10% Instant Discount on Citi Credit & Debit Cards "",""offer_value"":"" Min Spend ₹3,000; Max Discount ₹1,000. ""},{""offer_name"":""10% Instant Discount on Yes Bank Credit Cards "",""offer_value"":"" Min Spend ₹3,500; Max Discount ₹1,000. ""},{""offer_name"":""Flat ₹100 Cashback on Mobiwkik Wallet/Zip "",""offer_value"":"" Min Spend ₹1,999. ""},{""offer_name"":""7.5% Discount on Myntra Kotak Credit Card."",""offer_value"":"" Max Discount Up to ₹750 on every spends. ""}]",briefs
13889998.0,XYXX,Men Grey Solid Ultra-Soft Antimicrobial Basic Briefs XYBRF56,4.1,202,249,,"""₹249.00""",INR,"http://assets.myntassets.com/assets/images/13889998/2022/4/29/f62e0482-f85c-45e2-b46a-ae29c081a8af1651200174766XYXXMenGreySolidUltra-SoftAntimicrobialBasicBriefsXYBRF561.jpg,http://assets.myntassets.com/assets/images/13889998/2022/4/29/d4eed8f0-6136-44ff-9f18-45fcced689941651200174787XYXXMenGreySolidUltra-SoftAntimicrobialBasicBriefsXYBRF562.jpg,http://assets.myntassets.com/assets/images/13889998/2022/4/29/3c9a0570-82dd-485d-aad5-5ed552f812ba1651200174806XYXXMenGreySolidUltra-SoftAntimicrobialBasicBriefsXYBRF563.jpg,http://assets.myntassets.com/assets/images/13889998/2022/4/29/d710d29f-7db8-4223-8f8e-a5bccd36bea21651200174827XYXXMenGreySolidUltra-SoftAntimicrobialBasicBriefsXYBRF564.jpg,http://assets.myntassets.com/assets/images/13889998/2023/4/3/2ca64166-8f67-4913-a963-01e849a2e1451680506510707-XYXX-Men-Grey-Solid-Ultra-Soft-Antimicrobial-Basic-Briefs-XY-11.jpg,http://assets.myntassets.com/assets/images/13889998/2023/4/3/a48550e3-7d61-40fb-8b68-6745fd2b21231680506510681-XYXX-Men-Grey-Solid-Ultra-Soft-Antimicrobial-Basic-Briefs-XY-12.jpg,http://assets.myntassets.com/assets/images/13889998/2022/4/29/5206af02-f689-40c9-893e-f61cba933ab61651200174850XYXXMenGreySolidUltra-SoftAntimicrobialBasicBriefsXYBRF565.jpg,http://assets.myntassets.com/assets/images/13889998/2022/4/29/263f77b6-c9fd-44c3-9b15-1a2245aa5e7a1651200174873XYXXMenGreySolidUltra-SoftAntimicrobialBasicBriefsXYBRF566.jpg,http://assets.myntassets.com/assets/images/13889998/2022/4/29/c94531e5-5c3b-489b-8341-d566a9bafdc11651200174895XYXXMenGreySolidUltra-SoftAntimicrobialBasicBriefsXYBRF567.jpg","[""100% Original Products"",""Pay on delivery might be available"",""Items like innerwear, socks, certain accessories and some high-value fragile items do not come under our return policy""]","{""description"":""Single briefs in Grey with a microfibre waistband and anti-microbial finish that prevents odours and rashes.Key Features:Intellisoft: Our fabric technology makes for the softest, smoothest and comfiest innerwear ever, making you forget you are wearing anything at all. Feel: 3Xsofter and 50% more moisture absorbent than regular cotton.Snug Fit:Fits your form without clinging to your skin and offers fantastic support.Waistband:Anti-roll microfibre waistband that doesn't leave marks.Skin Hygiene:Flat-lock seams are smooth on skin so there is no itching, chafing or irritation."",""material_and_care"":""Made from 92% TENCEL Modal and 8% Spandex\n\n. Wash Care:\nMachine wash cold. Tumble dry, gentle cycle, no heat. Do not bleach or dry clean. Do not wring or iron.""}","[{""name"":""Clothing"",""url"":""https://www.myntra.com/clothing""},{""name"":""Men"",""url"":""https://www.myntra.com/men-clothing""},{""name"":""Briefs"",""url"":""https://www.myntra.com/briefs""},{""name"":""XYXX"",""url"":""https://www.myntra.com/xyxx-briefs""},{""name"":""More by XYXX"",""url"":""https://www.myntra.com/xyxx""}]","[{""specification_name"":""Assorted"",""specification_value"":""No""},{""specification_name"":""Character"",""specification_value"":""NA""},{""specification_name"":""Fabric"",""specification_value"":""Modal""},{""specification_name"":""Fabric 2"",""specification_value"":""Elastane""},{""specification_name"":""Features"",""specification_value"":""Anti Microbial""},{""specification_name"":""Knit or Woven"",""specification_value"":""Woven""},{""specification_name"":""Multipack Set"",""specification_value"":""Single""},{""specification_name"":""Pattern"",""specification_value"":""Solid""},{""specification_name"":""Print or Pattern Type"",""specification_value"":""Solid""},{""specification_name"":""Style"",""specification_value"":""NA""},{""specification_name"":""Sustainable"",""specification_value"":""Regular""},{""specification_name"":""Type"",""specification_value"":""Basic""},{""specification_name"":""Waist Rise"",""specification_value"":""Low-Rise""},{""specification_name"":""Waistband"",""specification_value"":""Inner Elastic""},{""specification_name"":""Wash Care"",""specification_value"":""Machine Wash""}]","{""1_star"":15,""2_stars"":13,""3_stars"":20,""4_stars"":36,""5_stars"":118}",,BAL███APP███LS █████████IMI██████,"[{""size"":""S"",""value"":""28.0in"",""value_name"":""To Fit Waist""},{""size"":""M"",""value"":""32.0in"",""value_name"":""To Fit Waist""},{""size"":""L"",""value"":""36.0in"",""value_name"":""To Fit Waist""},{""size"":""XL"",""value"":""40.0in"",""value_name"":""To Fit Waist""},{""size"":""XXL"",""value"":""42.0in"",""value_name"":""To Fit Waist""}]",,"201███WAR███H, █████████TEL█████████████████████SSI█████████████████████████████████",,"{""applicable_on"":""Orders above Rs. 649 (only on first purchase)"",""best_price"":""311"",""coupon_code"":""MYNTRA200"",""coupon_discount"":"" Rs. 138.0 off (check cart for final savings)""}","[{""offer_name"":""10% Instant Discount on IndusInd Bank Debit Cards "",""offer_value"":"" Min Spend ₹2,500; Max Discount ₹1,000. ""},{""offer_name"":""10% Instant Discount on Citi Credit & Debit Cards "",""offer_value"":"" Min Spend ₹3,000; Max Discount ₹1,000. ""},{""offer_name"":""10% Instant Discount on Yes Bank Credit Cards "",""offer_value"":"" Min Spend ₹3,500; Max Discount ₹1,000. ""},{""offer_name"":""Flat ₹100 Cashback on Mobiwkik Wallet/Zip "",""offer_value"":"" Min Spend ₹1,999. ""},{""offer_name"":""7.5% Discount on Myntra Kotak Credit Card."",""offer_value"":"" Max Discount Up to ₹750 on every spends. ""}]",briefs
22436508.0,Bruchi CLUB,Men Low-Rise Anti-Bacterial Basic Briefs,5,4,888,65,"""₹310.00""",INR,"http://assets.myntassets.com/assets/images/22436508/2023/3/20/8f3d02cd-c383-4dfd-afe8-47c4afc72fa01679311122727BruchiClubMensBlackBikiniBrief1.jpg,http://assets.myntassets.com/assets/images/22436508/2023/3/20/67ca5cee-9ec7-43b4-9900-daf6c495266e1679311122677BruchiClubMensBlackBikiniBrief2.jpg,http://assets.myntassets.com/assets/images/22436508/2023/3/20/ed9c10ed-625a-4403-a363-4f4862393c911679311122695BruchiClubMensBlackBikiniBrief3.jpg,http://assets.myntassets.com/assets/images/22436508/2023/3/20/003d54d7-383d-4d2d-a5ec-6c2e34b584771679311122760BruchiClubMensBlackBikiniBrief4.jpg,http://assets.myntassets.com/assets/images/22436508/2023/3/20/1337d382-0914-42b1-a8d3-707ac857ead01679311122745BruchiClubMensBlackBikiniBrief6.jpg,http://assets.myntassets.com/assets/images/22436508/2023/3/20/a179a98b-9324-4500-a02e-c7b6d6db263e1679311122710BruchiClubMensBlackBikiniBrief7.jpg","[""100% Original Products"",""Pay on delivery might be available"",""Items like innerwear, socks, certain accessories and some high-value fragile items do not come under our return policy""]","{""description"":""Black solid bikini briefs, has an elasticated waistband with contoured pouchVAN Number: BRC-ML-FOXY001-BK-MType: BikiniWaist Rise: Low-riseFeatures:Fit Type: StretchFabric Innovation: Bruchi Club mens briefs are made from Bamboo fabric, sourced from Bamboo trees, and manufactured using eco-conscious techniques. A combination of 92% Bamboo and 8% Elastane with Cloud Soft technology delivers ultra-soft underwear that should be a part of every mans wardrobe.3X Softer Than Cotton: Fabulously smooth, the Micro Modal fabric gently embraces your body with long-lasting softness to help your skin feel pleasantly cool and dry throughout the day and night. Bamboo achieves that coveted lived-in softness even fresh out of the box, creating a barely-there feel round-the-clock.Moisture Absorbent: The Bamboo fabric is remarkable at keeping you dry and fresh round the clock. Absorbing 50% more moisture than regular cotton does, our innerwear ensures you stay comfortable, enabling a long-lasting freshness.No-Marks Waistband: Say goodbye to waistband marks! Our innerwear is equipped with a microfiber, anti-roll waistband that fits your waist perfectly without any irritation or waistband marks. Our signature waistband ensures that the innerwear stays in its place without causing any harm.Specification: Proudly made in Bharat, Bruchi Club mens briefs fit true to size. In case of any confusion in size, please refer to the size chart in imageAnti bacterial"",""material_and_care"":""93% Bamboo &amp; 7% Elastance. Hand Wash""}","[{""name"":""Clothing"",""url"":""https://www.myntra.com/clothing""},{""name"":""Men"",""url"":""https://www.myntra.com/men-clothing""},{""name"":""Briefs"",""url"":""https://www.myntra.com/briefs""},{""name"":""Bruchi CLUB"",""url"":""https://www.myntra.com/bruchi-club-briefs""},{""name"":""More by Bruchi CLUB"",""url"":""https://www.myntra.com/bruchi-club""}]","[{""specification_name"":""Assorted"",""specification_value"":""No""},{""specification_name"":""Character"",""specification_value"":""NA""},{""specification_name"":""Fabric"",""specification_value"":""Bamboo""},{""specification_name"":""Fabric 2"",""specification_value"":""Elastane""},{""specification_name"":""Features"",""specification_value"":""Anti Bacterial""},{""specification_name"":""Knit or Woven"",""specification_value"":""Knitted""},{""specification_name"":""Multipack Set"",""specification_value"":""Single""},{""specification_name"":""Pattern"",""specification_value"":""Solid""},{""specification_name"":""Print or Pattern Type"",""specification_value"":""Solid""},{""specification_name"":""Style"",""specification_value"":""NA""},{""specification_name"":""Sustainable"",""specification_value"":""Regular""},{""specification_name"":""Type"",""specification_value"":""Bikini""},{""specification_name"":""Waist Rise"",""specification_value"":""Low-Rise""},{""specification_name"":""Waistband"",""specification_value"":""Inner Elastic""},{""specification_name"":""Wash Care"",""specification_value"":""Hand Wash""}]","{""1_star"":0,""2_stars"":0,""3_stars"":0,""4_stars"":0,""5_stars"":4}","[{""percentage"":""70"",""value_name"":""Fit, Just Right""}]",XYX███PPA███S P█████████MIT████████████,"[{""size"":""S"",""value"":""28.0in to 30.0in"",""value_name"":""To Fit Waist""},{""size"":""M"",""value"":""32.0in to 34.0in"",""value_name"":""To Fit Waist""},{""size"":""L"",""value"":""36.0in to 38.0in"",""value_name"":""To Fit Waist""},{""size"":""XL"",""value"":""40.0in to 42.0in"",""value_name"":""To Fit Waist""},{""size"":""XXL"",""value"":""44.0in to 46.0in"",""value_name"":""To Fit Waist""}]","[""pi-13889998_cae700""]",Sho███o. ███-41█████████i T█████████████████████San███████████████████████████████████████████████████████████████████████████████████████████████████████████████,"[{},{},{},{},{}]","{""applicable_on"":""Orders above Rs. 649 (only on first purchase)"",""best_price"":""172"",""coupon_code"":""MYNTRA200"",""coupon_discount"":"" Rs. 77.0 off (check cart for final savings)""}","[{""offer_name"":""10% Instant Discount on IndusInd Bank Debit Cards "",""offer_value"":"" Min Spend ₹2,500; Max Discount ₹1,000. ""},{""offer_name"":""10% Instant Discount on Citi Credit & Debit Cards "",""offer_value"":"" Min Spend ₹3,000; Max Discount ₹1,000. ""},{""offer_name"":""10% Instant Discount on Yes Bank Credit Cards "",""offer_value"":"" Min Spend ₹3,500; Max Discount ₹1,000. ""},{""offer_name"":""Flat ₹100 Cashback on Mobiwkik Wallet/Zip "",""offer_value"":"" Min Spend ₹1,999. ""},{""offer_name"":""7.5% Discount on Myntra Kotak Credit Card."",""offer_value"":"" Max Discount Up to ₹750 on every spends. ""}]",briefs
21877640.0,DressBerry,Shoulder Straps Pure Cotton Camisole,3.7,14,299,23,"""₹230.00""",INR,"http://assets.myntassets.com/assets/images/21877640/2023/2/7/a31914e3-d0d1-48b4-a7cb-a781d81ffe541675768248458DressBerryWomensSolidPureCottonCamisole1.jpg,http://assets.myntassets.com/assets/images/21877640/2023/2/7/01f7606d-955d-4bfc-bde2-0b316260eb391675768248444DressBerryWomensSolidPureCottonCamisole2.jpg,http://assets.myntassets.com/assets/images/21877640/2023/2/7/52397dda-79af-466c-bdfa-4988aa826a401675768248481DressBerryWomensSolidPureCottonCamisole3.jpg,http://assets.myntassets.com/assets/images/21877640/2023/2/7/3c5ae98e-8dba-487f-bfb9-80659b3bf5241675768248469DressBerryWomensSolidPureCottonCamisole4.jpg","[""100% Original Products"",""Pay on delivery might be available"",""Easy 14 days returns and exchanges""]","{""description"":""Grey solid camisole, has shoulder straps, sleeveless and regular hemVAN Number : DB-CAMI-LC"",""material_and_care"":""100% Cotton. Machine Wash"",""size_and_fit"":""The model (height 5'8\"") is wearing a size S""}","[{""name"":""Clothing"",""url"":""https://www.myntra.com/clothing""},{""name"":""Women"",""url"":""https://www.myntra.com/women-clothing""},{""name"":""Camisoles"",""url"":""https://www.myntra.com/camisoles""},{""name"":""DressBerry"",""url"":""https://www.myntra.com/dressberry-camisoles""},{""name"":""More by DressBerry"",""url"":""https://www.myntra.com/dressberry""}]","[{""specification_name"":""Body or Garment Size"",""specification_value"":""To-Fit Denotes Body Measurements in""},{""specification_name"":""Character"",""specification_value"":""NA""},{""specification_name"":""Fabric"",""specification_value"":""Cotton""},{""specification_name"":""Fabric 2"",""specification_value"":""NA""},{""specification_name"":""Multipack Set"",""specification_value"":""Single""},{""specification_name"":""Occasion"",""specification_value"":""General""},{""specification_name"":""Padding"",""specification_value"":""Non Padded""},{""specification_name"":""Pattern"",""specification_value"":""Solid""},{""specification_name"":""Straps"",""specification_value"":""Regular""},{""specification_name"":""Sustainable"",""specification_value"":""Regular""},{""specification_name"":""Wash Care"",""specification_value"":""Machine Wash""},{""specification_name"":""Weave Type"",""specification_value"":""Machine Weave""}]","{""1_star"":3,""2_stars"":0,""3_stars"":1,""4_stars"":4,""5_stars"":6}","[{""percentage"":""100"",""value_name"":""Fit, Just Right""}]",BRU███ CL███APP█████████ATE█████████,"[{""size"":""S"",""value"":""28.0in"",""value_name"":""To Fit Waist""},{""size"":""S"",""value"":""30.0in"",""value_name"":""To Fit Hip""},{""size"":""M"",""value"":""32.0in"",""value_name"":""To Fit Waist""},{""size"":""M"",""value"":""34.0in"",""value_name"":""To Fit Hip""},{""size"":""L"",""value"":""36.0in"",""value_name"":""To Fit Waist""},{""size"":""L"",""value"":""38.0in"",""value_name"":""To Fit Hip""},{""size"":""XL"",""value"":""38.0in"",""value_name"":""To Fit Waist""},{""size"":""XL"",""value"":""40.0in"",""value_name"":""To Fit Hip""},{""size"":""XXL"",""value"":""40.0in"",""value_name"":""To Fit Waist""},{""size"":""XXL"",""value"":""42.0in"",""value_name"":""To Fit Hip""}]",,A-2███NOI███SEC█████████AUT█████████████████████Bud██████████████████████████████████████████,,"{""applicable_on"":""Orders above Rs. 649 (only on first purchase)"",""best_price"":""214"",""coupon_code"":""MYNTRA200"",""coupon_discount"":"" Rs. 96.0 off (check cart for final savings)""}","[{""offer_name"":""10% Instant Discount on IndusInd Bank Debit Cards "",""offer_value"":"" Min Spend ₹2,500; Max Discount ₹1,000. ""},{""offer_name"":""10% Instant Discount on Citi Credit & Debit Cards "",""offer_value"":"" Min Spend ₹3,000; Max Discount ₹1,000. ""},{""offer_name"":""10% Instant Discount on Yes Bank Credit Cards "",""offer_value"":"" Min Spend ₹3,500; Max Discount ₹1,000. ""},{""offer_name"":""Flat ₹100 Cashback on Mobiwkik Wallet/Zip "",""offer_value"":"" Min Spend ₹1,999. ""},{""offer_name"":""7.5% Discount on Myntra Kotak Credit Card."",""offer_value"":"" Max Discount Up to ₹750 on every spends. ""}]",briefs
18882294.0,VStar,Women White Solid Modern Fit Deep Neckline  Camisoles,4.8,10,265,,"""₹265.00""",INR,"http://assets.myntassets.com/assets/images/18882294/2022/6/28/bcec5e83-302f-48e4-8330-0001986cbfa11656407342873VStarWomenWhiteSolidModernFitDeepNecklineCamisoles1.jpg,http://assets.myntassets.com/assets/images/18882294/2022/6/28/15025916-ae0d-482c-99e0-523a1fd8cd881656407342848VStarWomenWhiteSolidModernFitDeepNecklineCamisoles2.jpg,http://assets.myntassets.com/assets/images/18882294/2022/6/28/2b8dfb2a-3e21-43e2-89da-3362cb8163c61656407342865VStarWomenWhiteSolidModernFitDeepNecklineCamisoles3.jpg,http://assets.myntassets.com/assets/images/18882294/2022/6/28/e165e731-83a1-42bc-aea2-42c45460b16a1656407342857VStarWomenWhiteSolidModernFitDeepNecklineCamisoles4.jpg","[""100% Original Products"",""Pay on delivery might be available"",""Easy 14 days returns and exchanges""]","{""description"":""White solid non-padded sleeveless camisole, has adjustable shoulder straps and a deep neck"",""material_and_care"":""Cotton. Hand Wash"",""size_and_fit"":""Modern Fit. The model (height 5'8\"") is wearing size XL""}","[{""name"":""Clothing"",""url"":""https://www.myntra.com/clothing""},{""name"":""Women"",""url"":""https://www.myntra.com/women-clothing""},{""name"":""Camisoles"",""url"":""https://www.myntra.com/camisoles""},{""name"":""VStar"",""url"":""https://www.myntra.com/vstar-camisoles""},{""name"":""More by VStar"",""url"":""https://www.myntra.com/vstar""}]","[{""specification_name"":""Body or Garment Size"",""specification_value"":""Garment Measurements in""},{""specification_name"":""Character"",""specification_value"":""NA""},{""specification_name"":""Fabric"",""specification_value"":""Cotton""},{""specification_name"":""Fabric 2"",""specification_value"":""NA""},{""specification_name"":""Multipack Set"",""specification_value"":""Single""},{""specification_name"":""Occasion"",""specification_value"":""General""},{""specification_name"":""Padding"",""specification_value"":""Non Padded""},{""specification_name"":""Pattern"",""specification_value"":""Solid""},{""specification_name"":""Straps"",""specification_value"":""Regular""},{""specification_name"":""Sustainable"",""specification_value"":""Regular""},{""specification_name"":""Wash Care"",""specification_value"":""Hand Wash""}]","{""1_star"":0,""2_stars"":0,""3_stars"":0,""4_stars"":2,""5_stars"":8}",,VAC███CRE███ONS███,"[{""size"":""S"",""value"":""30.0in"",""value_name"":""To Fit Bust""},{""size"":""M"",""value"":""32.0in"",""value_name"":""To Fit Bust""},{""size"":""L"",""value"":""34.0in"",""value_name"":""To Fit Bust""},{""size"":""XL"",""value"":""36.0in"",""value_name"":""To Fit Bust""},{""size"":""XXL"",""value"":""38.0in"",""value_name"":""To Fit Bust""}]",,"870███TRE███SHE█████████, B█████████████████████hi ██████████████████","[{},{},{},{},{},{}]","{""applicable_on"":""Orders above Rs. 449 (only on first purchase)"",""best_price"":""153"",""coupon_code"":""TOPBRANDOFFER"",""coupon_discount"":"" Rs. 77.0 off (check cart for final savings)""}","[{""offer_name"":""10% Instant Discount on IndusInd Bank Debit Cards "",""offer_value"":"" Min Spend ₹2,500; Max Discount ₹1,000. ""},{""offer_name"":""10% Instant Discount on Citi Credit & Debit Cards "",""offer_value"":"" Min Spend ₹3,000; Max Discount ₹1,000. ""},{""offer_name"":""10% Instant Discount on Yes Bank Credit Cards "",""offer_value"":"" Min Spend ₹3,500; Max Discount ₹1,000. ""},{""offer_name"":""Flat ₹100 Cashback on Mobiwkik Wallet/Zip "",""offer_value"":"" Min Spend ₹1,999. ""},{""offer_name"":""7.5% Discount on Myntra Kotak Credit Card."",""offer_value"":"" Max Discount Up to ₹750 on every spends. ""}]",camisoles
13669894.0,Vastraa Fusion,Unisex Maroon Solid Woollen Afghani Pakol Cap,3.5,13,1699,70,"""₹1,699.00""",INR,"http://assets.myntassets.com/assets/images/13669894/2021/2/22/ad74e0bb-95bf-4936-a363-b100257e4c951613974512774-Vastraa-Fusion-Unisex-Red-Melange-Woollen-Afghani-Pakol-Cap--1.jpg,http://assets.myntassets.com/assets/images/13669894/2021/2/22/0341417d-1e4d-477f-8477-8519628c615f1613974512757-Vastraa-Fusion-Unisex-Red-Melange-Woollen-Afghani-Pakol-Cap--2.jpg,http://assets.myntassets.com/assets/images/13669894/2021/2/22/6be9a5f4-1227-420b-85ad-6cbb5b9023681613974512738-Vastraa-Fusion-Unisex-Red-Melange-Woollen-Afghani-Pakol-Cap--3.jpg,http://assets.myntassets.com/assets/images/13669894/2021/2/22/3ac2b154-f0eb-4d81-ba05-92dc9f3baedb1613974512723-Vastraa-Fusion-Unisex-Red-Melange-Woollen-Afghani-Pakol-Cap--4.jpg,http://assets.myntassets.com/assets/images/13669894/2021/3/15/55236de0-5e52-4abf-93c5-c17fa77adb111615793851429-Vastraa-Fusion-Unisex-Maroon-Solid-Woollen-Afghani-Pakol-Cap-6.jpg","[""100% Original Products"",""Pay on delivery might be available"",""Easy 14 days returns and exchanges"",""Try & Buy might be available""]","{""description"":""Maroon solid woollen Afghani Pakol cap"",""material_and_care"":""100% Wool. Dry Clean""}","[{""name"":""Accessories"",""url"":""https://www.myntra.com/accessories""},{""name"":""Unisex"",""url"":""https://www.myntra.com/unisex-accessories""},{""name"":""Caps"",""url"":""https://www.myntra.com/caps""},{""name"":""Vastraa Fusion"",""url"":""https://www.myntra.com/vastraa-fusion-caps""},{""name"":""More by Vastraa Fusion"",""url"":""https://www.myntra.com/vastraa-fusion""}]","[{""specification_name"":""Material"",""specification_value"":""Wool""},{""specification_name"":""Occasion"",""specification_value"":""Casual""},{""specification_name"":""Pattern"",""specification_value"":""Solid""},{""specification_name"":""Sport Team"",""specification_value"":""NA""},{""specification_name"":""Sustainable"",""specification_value"":""Regular""},{""specification_name"":""Type"",""specification_value"":""Ascot Cap""},{""specification_name"":""Warranty"",""specification_value"":""NA""},{""specification_name"":""Wash Care"",""specification_value"":""Hand Wash""}]","{""1_star"":3,""2_stars"":1,""3_stars"":2,""4_stars"":0,""5_stars"":7}",,V S███ CR███ION█████████,"[{""size"":""XL"",""value"":""42.0in"",""value_name"":""To Fit Bust""}]",,VI/███ AB███ ST█████████ODE█████████████████████ RO████████████████████████████████████████████████████████████,,"{""applicable_on"":""Orders above Rs. 649 (only on first purchase)"",""best_price"":""183"",""coupon_code"":""MYNTRA200"",""coupon_discount"":"" Rs. 82.0 off (check cart for final savings)""}","[{""offer_name"":""10% Instant Discount on IndusInd Bank Debit Cards "",""offer_value"":"" Min Spend ₹2,500; Max Discount ₹1,000. ""},{""offer_name"":""10% Instant Discount on Citi Credit & Debit Cards "",""offer_value"":"" Min Spend ₹3,000; Max Discount ₹1,000. ""},{""offer_name"":""10% Instant Discount on Yes Bank Credit Cards "",""offer_value"":"" Min Spend ₹3,500; Max Discount ₹1,000. ""},{""offer_name"":""Flat ₹100 Cashback on Mobiwkik Wallet/Zip "",""offer_value"":"" Min Spend ₹1,999. ""},{""offer_name"":""7.5% Discount on Myntra Kotak Credit Card."",""offer_value"":"" Max Discount Up to ₹750 on every spends. ""}]",camisoles
16281444.0,Bharatasya,Women White & Black Woolen Earwarmer Headband,4.3,7,699,68,"""₹223.00""",INR,"http://assets.myntassets.com/assets/images/16281444/2021/11/27/70a7ebc5-d01f-4d5d-8b9d-b96b7afc4a501638023453422BharatasyaWomenWhiteSelfDesign1.jpg,http://assets.myntassets.com/assets/images/16281444/2021/11/27/7e03d769-8968-4b42-93b2-f7baa4d28bac1638023453684BharatasyaWomenWhiteSelfDesign2.jpg,http://assets.myntassets.com/assets/images/16281444/2021/11/27/a4c6b273-8b25-4e1c-848c-a7ad66d452721638023453585BharatasyaWomenWhiteSelfDesign3.jpg,http://assets.myntassets.com/assets/images/16281444/2021/11/27/f010fa9f-4155-45cc-9762-e78c36db837e1638023453604BharatasyaWomenWhiteSelfDesign4.jpg","[""100% Original Products"",""Pay on delivery might be available"",""Easy 14 days returns and exchanges"",""Try & Buy might be available""]","{""description"":""White and black self design beanie,  has a visor "",""material_and_care"":"". Acrylic. Handwash only""}","[{""name"":""Accessories"",""url"":""https://www.myntra.com/accessories""},{""name"":""Women"",""url"":""https://www.myntra.com/women-accessories""},{""name"":""Caps"",""url"":""https://www.myntra.com/caps""},{""name"":""Bharatasya"",""url"":""https://www.myntra.com/bharatasya-caps""},{""name"":""More by Bharatasya"",""url"":""https://www.myntra.com/bharatasya""}]","[{""specification_name"":""Character"",""specification_value"":""NA""},{""specification_name"":""Material"",""specification_value"":""Acrylic""},{""specification_name"":""Occasion"",""specification_value"":""Casual""},{""specification_name"":""Pattern"",""specification_value"":""Self Design""},{""specification_name"":""Sport Team"",""specification_value"":""NA""},{""specification_name"":""Sustainable"",""specification_value"":""Regular""},{""specification_name"":""Type"",""specification_value"":""Beanie""},{""specification_name"":""Warranty"",""specification_value"":""NA""},{""specification_name"":""Wash Care"",""specification_value"":""Hand Wash""}]","{""1_star"":0,""2_stars"":0,""3_stars"":1,""4_stars"":3,""5_stars"":3}",,,"[{""size"":""Onesize""}]",,,"[{},{},{},{},{},{},{},{},{},{}]",{},"[{""offer_name"":""10% Instant Discount on Citi Credit & Debit Cards "",""offer_value"":"" Min Spend ₹3,000; Max Discount ₹1,000. ""}]",caps
,,,,,,,,,,,,,,,,VR ███ign███,"[{""size"":""Onesize"",""value"":""16.0in"",""value_name"":""Circumference""}]",,Vil███agl███Waz█████████a G█████████████████████ha ████████████████████████████████████,,"{""applicable_on"":""Orders above Rs. 649 (only on first purchase)"",""best_price"":""154"",""coupon_code"":""MYNTRA200"",""coupon_discount"":"" Rs. 69.0 off (check cart for final savings)""}","[{""offer_name"":""10% Instant Discount on IndusInd Bank Debit Cards "",""offer_value"":"" Min Spend ₹2,500; Max Discount ₹1,000. ""},{""offer_name"":""10% Instant Discount on Citi Credit & Debit Cards "",""offer_value"":"" Min Spend ₹3,000; Max Discount ₹1,000. ""},{""offer_name"":""10% Instant Discount on Yes Bank Credit Cards "",""offer_value"":"" Min Spend ₹3,500; Max Discount ₹1,000. ""},{""offer_name"":""Flat ₹100 Cashback on Mobiwkik Wallet/Zip "",""offer_value"":"" Min Spend ₹1,999. ""},{""offer_name"":""7.5% Discount on Myntra Kotak Credit Card."",""offer_value"":"" Max Discount Up to ₹750 on every spends. ""}]",caps
